


tokenizer trained: 8192
cmd: python -m myna.train --suite data/decision-v2-pilot --out runs/antiprior_on_s0c --device mps --steps 3315 --config v0 --batch 10 --accum-groups 8 --max-q-cells 2048 --group-sample pool --eval-every 250 --save-every 250 --mem-safety 0.6 --stop-factor 3.0 --seed 0 --vocab 8192 --score-loss ce --anti-prior on --paraphrase on --row-batch --free-gib 9.0 --resume
split train: 57904 rows over 17112 groups, per-group 1-5300
split dev: 1176 rows over 524 groups, per-group 1-80
split test: 1176 rows over 534 groups, per-group 1-80
split calibration: 448 rows over 168 groups, per-group 1-48
params: 16926848
train question-sets: 17112  median pool 1  sets with pool<batch(10) 16967 (99% of sets run a short batch)
row-batch: 57904 rows in one pool, 17112 question sets, widest row 3 questions x 40 tokens; budget 2048 cells/forward (~3.2 GB branch)
anti-prior: mini-batches drawn by inverse label prior; 6 of 16 cells carry a majority label at or above 0.55
paraphrase: 17112 question sets re-worded, suite wording held out; 17112 sets budgeted at their longest phrasing
memory plan: batch 10 fits 9.0 GiB free x 0.6, less 3.2 GiB of question branch at p95 267 tokens (needs 5.3 GiB)
resume: runs/antiprior_on_s0c/model_last.pt at step 500 -> continuing at 501 of 3315; data RNG re-seeded from --seed 0, so this is a continuation, not a bit-identical replay
step   550  loss 1.567  ema 1.542  sets/update 8  355s
step   605  loss 1.452  ema 1.498  sets/update 8  717s
step   660  loss 1.342  ema 1.511  sets/update 8  1080s
step   715  loss 1.561  ema 1.477  sets/update 8  1440s
step   750  dev-mid acc 0.3387
step   770  loss 1.554  ema 1.501  sets/update 8  1836s
step   825  loss 1.249  ema 1.492  sets/update 8  2190s
step   880  loss 1.401  ema 1.467  sets/update 8  2559s
step   935  loss 1.590  ema 1.513  sets/update 8  2925s
step   990  loss 1.687  ema 1.524  sets/update 8  3281s
step  1000  dev-mid acc 0.3723
step  1045  loss 1.346  ema 1.477  sets/update 8  3684s
step  1100  loss 1.844  ema 1.516  sets/update 8  4037s
step  1155  loss 1.809  ema 1.544  sets/update 8  4405s
step  1210  loss 1.678  ema 1.443  sets/update 8  4770s
step  1250  dev-mid acc 0.4041
step  1265  loss 1.828  ema 1.448  sets/update 8  5179s
step  1320  loss 1.412  ema 1.482  sets/update 8  5544s
step  1375  loss 1.536  ema 1.504  sets/update 8  5906s
step  1430  loss 1.549  ema 1.498  sets/update 8  6268s
step  1485  loss 1.269  ema 1.480  sets/update 8  6630s
step  1500  dev-mid acc 0.3827
step  1540  loss 1.346  ema 1.475  sets/update 8  7029s
step  1595  loss 1.292  ema 1.439  sets/update 8  7397s
step  1650  loss 1.447  ema 1.388  sets/update 8  7762s
step  1705  loss 1.352  ema 1.467  sets/update 8  8118s
step  1750  dev-mid acc 0.3914
step  1760  loss 1.271  ema 1.430  sets/update 8  8519s
step  1815  loss 1.636  ema 1.381  sets/update 8  8882s
step  1870  loss 1.231  ema 1.393  sets/update 8  9247s
step  1925  loss 1.210  ema 1.409  sets/update 8  9600s
step  1980  loss 1.557  ema 1.379  sets/update 8  9960s
step  2000  dev-mid acc 0.3952
step  2035  loss 1.105  ema 1.332  sets/update 8  10349s
step  2090  loss 1.219  ema 1.319  sets/update 8  10706s
step  2145  loss 1.281  ema 1.320  sets/update 8  11062s
step  2200  loss 1.375  ema 1.319  sets/update 8  11415s
step  2250  dev-mid acc 0.3764
step  2255  loss 1.331  ema 1.301  sets/update 8  11813s
step  2310  loss 1.110  ema 1.285  sets/update 8  12169s
step  2365  loss 1.124  ema 1.282  sets/update 8  12530s
step  2420  loss 1.497  ema 1.279  sets/update 8  12930s
step  2475  loss 1.555  ema 1.240  sets/update 8  13392s
step  2500  dev-mid acc 0.3982
step  2530  loss 1.491  ema 1.281  sets/update 8  13887s
step  2585  loss 1.297  ema 1.239  sets/update 8  14330s
step  2640  loss 1.453  ema 1.239  sets/update 8  14775s
step  2695  loss 1.161  ema 1.215  sets/update 8  15151s
step  2750  loss 0.962  ema 1.172  sets/update 8  15522s
step  2750  dev-mid acc 0.3847
step  2805  loss 1.028  ema 1.160  sets/update 8  15935s
step  2860  loss 0.985  ema 1.116  sets/update 8  16296s
step  2915  loss 1.160  ema 1.178  sets/update 8  16654s
step  2970  loss 1.059  ema 1.208  sets/update 8  17018s
step  3000  dev-mid acc 0.4156
step  3025  loss 1.039  ema 1.132  sets/update 8  17410s
step  3080  loss 0.987  ema 1.128  sets/update 8  17766s
step  3135  loss 1.561  ema 1.163  sets/update 8  18154s
step  3190  loss 1.497  ema 1.177  sets/update 8  18526s
step  3245  loss 1.319  ema 1.153  sets/update 8  18919s
step  3250  dev-mid acc 0.4056
step  3300  loss 1.096  ema 1.167  sets/update 8  19311s
step  3314  loss 1.135  ema 1.150  sets/update 8  19405s
anti-prior: agnews/is_business majority 0.755 -> 0.618 over 7142 drawn rows
anti-prior: agnews/is_sports majority 0.748 -> 0.632 over 7262 drawn rows
anti-prior: agnews/is_scitech majority 0.747 -> 0.631 over 7165 drawn rows
anti-prior: agnews/is_world majority 0.739 -> 0.625 over 7285 drawn rows
anti-prior: boolq/answer majority 0.624 -> 0.502 over 17748 drawn rows
anti-prior: yelp/recommend majority 0.605 -> 0.506 over 16526 drawn rows
anti-prior: 176003 rows drawn over 6 skewed cells; per-source draw mix in the payload
temperature: 1.5  (fit on calibration: 448 rows in 168 sets)
=== dev ===
agnews#007c175b/topic            1.0000
agnews#007c175b/topic:ece        0.3333
agnews#02a53f27/topic            0.0000
agnews#02a53f27/topic:ece        0.3137
agnews#03430be2/is_business      0.0000
agnews#03430be2/is_business:brier 0.3775
agnews#03430be2/is_business:ece  0.6144
agnews#03430be2/is_world         1.0000
agnews#03430be2/is_world:brier   0.1055
agnews#03430be2/is_world:ece     0.3248
agnews#03430be2/topic            0.0000
agnews#03430be2/topic:ece        0.4130
agnews#03e93753/is_scitech       1.0000
agnews#03e93753/is_scitech:brier 0.1338
agnews#03e93753/is_scitech:ece   0.3657
agnews#03e93753/is_sports        0.0000
agnews#03e93753/is_sports:brier  0.3971
agnews#03e93753/is_sports:ece    0.6302
agnews#03e93753/topic            0.0000
agnews#03e93753/topic:ece        0.3706
agnews#053228f0/is_scitech       0.0000
agnews#053228f0/is_scitech:brier 0.4530
agnews#053228f0/is_scitech:ece   0.6730
agnews#053228f0/is_sports        1.0000
agnews#053228f0/is_sports:brier  0.1175
agnews#053228f0/is_sports:ece    0.3428
agnews#053228f0/topic            0.0000
agnews#053228f0/topic:ece        0.3781
agnews#07682a07/is_scitech       1.0000
agnews#07682a07/is_scitech:brier 0.2046
agnews#07682a07/is_scitech:ece   0.4523
agnews#07682a07/is_sports        1.0000
agnews#07682a07/is_sports:brier  0.1570
agnews#07682a07/is_sports:ece    0.3962
agnews#07682a07/topic            1.0000
agnews#07682a07/topic:ece        0.4582
agnews#0d3b6299/is_scitech       1.0000
agnews#0d3b6299/is_scitech:brier 0.1416
agnews#0d3b6299/is_scitech:ece   0.3763
agnews#0d3b6299/is_sports        1.0000
agnews#0d3b6299/is_sports:brier  0.1180
agnews#0d3b6299/is_sports:ece    0.3435
agnews#0d3b6299/topic            1.0000
agnews#0d3b6299/topic:ece        0.5965
agnews#0d91e6d7/is_sports        1.0000
agnews#0d91e6d7/is_sports:brier  0.1059
agnews#0d91e6d7/is_sports:ece    0.3254
agnews#0d91e6d7/is_world         0.0000
agnews#0d91e6d7/is_world:brier   0.4499
agnews#0d91e6d7/is_world:ece     0.6707
agnews#0d91e6d7/topic            0.0000
agnews#0d91e6d7/topic:ece        0.2913
agnews#0dac348d/is_business      1.0000
agnews#0dac348d/is_business:brier 0.0961
agnews#0dac348d/is_business:ece  0.3100
agnews#0dac348d/is_sports        0.0000
agnews#0dac348d/is_sports:brier  0.2654
agnews#0dac348d/is_sports:ece    0.5152
agnews#0dac348d/topic            0.0000
agnews#0dac348d/topic:ece        0.3820
agnews#0f5c2a4c/is_business      1.0000
agnews#0f5c2a4c/is_business:brier 0.2168
agnews#0f5c2a4c/is_business:ece  0.4657
agnews#0f5c2a4c/is_scitech       1.0000
agnews#0f5c2a4c/is_scitech:brier 0.0560
agnews#0f5c2a4c/is_scitech:ece   0.2367
agnews#0f5c2a4c/topic            1.0000
agnews#0f5c2a4c/topic:ece        0.4175
agnews#0f646e97/is_scitech       1.0000
agnews#0f646e97/is_scitech:brier 0.1172
agnews#0f646e97/is_scitech:ece   0.3423
agnews#0f646e97/is_world         1.0000
agnews#0f646e97/is_world:brier   0.1034
agnews#0f646e97/is_world:ece     0.3215
agnews#0f646e97/topic            1.0000
agnews#0f646e97/topic:ece        0.5344
agnews#110e3acd/is_business      0.5000
agnews#110e3acd/is_business:brier 0.1982
agnews#110e3acd/is_business:ece  0.1231
agnews#110e3acd/is_scitech       1.0000
agnews#110e3acd/is_scitech:brier 0.1173
agnews#110e3acd/is_scitech:ece   0.3312
agnews#110e3acd/topic            0.5000
agnews#110e3acd/topic:ece        0.0306
agnews#1667c969/is_business      1.0000
agnews#1667c969/is_business:brier 0.1009
agnews#1667c969/is_business:ece  0.3177
agnews#1667c969/is_world         1.0000
agnews#1667c969/is_world:brier   0.1745
agnews#1667c969/is_world:ece     0.4177
agnews#1667c969/topic            1.0000
agnews#1667c969/topic:ece        0.5748
agnews#16f9789d/is_sports        1.0000
agnews#16f9789d/is_sports:brier  0.1614
agnews#16f9789d/is_sports:ece    0.4017
agnews#16f9789d/is_world         0.0000
agnews#16f9789d/is_world:brier   0.3906
agnews#16f9789d/is_world:ece     0.6250
agnews#16f9789d/topic            1.0000
agnews#16f9789d/topic:ece        0.6354
agnews#1ebdd316/is_scitech       0.5000
agnews#1ebdd316/is_scitech:brier 0.2738
agnews#1ebdd316/is_scitech:ece   0.1716
agnews#1ebdd316/is_sports        1.0000
agnews#1ebdd316/is_sports:brier  0.0764
agnews#1ebdd316/is_sports:ece    0.2763
agnews#1ebdd316/topic            0.5000
agnews#1ebdd316/topic:ece        0.1966
agnews#203ca3a4/topic            1.0000
agnews#203ca3a4/topic:ece        0.6973
agnews#21779857/is_scitech       0.5000
agnews#21779857/is_scitech:brier 0.2680
agnews#21779857/is_scitech:ece   0.1225
agnews#21779857/is_sports        0.5000
agnews#21779857/is_sports:brier  0.2424
agnews#21779857/is_sports:ece    0.0791
agnews#21779857/topic            0.5000
agnews#21779857/topic:ece        0.1164
agnews#21ca1dbf/is_business      1.0000
agnews#21ca1dbf/is_business:brier 0.1218
agnews#21ca1dbf/is_business:ece  0.3353
agnews#21ca1dbf/is_sports        0.5000
agnews#21ca1dbf/is_sports:brier  0.2194
agnews#21ca1dbf/is_sports:ece    0.1641
agnews#21ca1dbf/topic            0.5000
agnews#21ca1dbf/topic:ece        0.1165
agnews#21ea3728/is_business      0.0000
agnews#21ea3728/is_business:brier 0.2676
agnews#21ea3728/is_business:ece  0.5173
agnews#21ea3728/is_world         1.0000
agnews#21ea3728/is_world:brier   0.0312
agnews#21ea3728/is_world:ece     0.1765
agnews#21ea3728/topic            0.0000
agnews#21ea3728/topic:ece        0.7249
agnews#2363f4d6/is_business      1.0000
agnews#2363f4d6/is_business:brier 0.1269
agnews#2363f4d6/is_business:ece  0.3562
agnews#2363f4d6/is_scitech       1.0000
agnews#2363f4d6/is_scitech:brier 0.1257
agnews#2363f4d6/is_scitech:ece   0.3545
agnews#2363f4d6/topic            0.0000
agnews#2363f4d6/topic:ece        0.3308
agnews#24660657/is_business      1.0000
agnews#24660657/is_business:brier 0.0911
agnews#24660657/is_business:ece  0.3018
agnews#24660657/is_world         1.0000
agnews#24660657/is_world:brier   0.2237
agnews#24660657/is_world:ece     0.4730
agnews#24660657/topic            1.0000
agnews#24660657/topic:ece        0.5686
agnews#255d87bd/is_scitech       0.0000
agnews#255d87bd/is_scitech:brier 0.2537
agnews#255d87bd/is_scitech:ece   0.5037
agnews#255d87bd/is_sports        1.0000
agnews#255d87bd/is_sports:brier  0.1259
agnews#255d87bd/is_sports:ece    0.3548
agnews#255d87bd/topic            0.0000
agnews#255d87bd/topic:ece        0.6334
agnews#25c1e4b8/topic            0.0000
agnews#25c1e4b8/topic:ece        0.3550
agnews#27262a1f/is_scitech       1.0000
agnews#27262a1f/is_scitech:brier 0.1225
agnews#27262a1f/is_scitech:ece   0.3500
agnews#27262a1f/is_sports        0.0000
agnews#27262a1f/is_sports:brier  0.3107
agnews#27262a1f/is_sports:ece    0.5574
agnews#27262a1f/topic            1.0000
agnews#27262a1f/topic:ece        0.6189
agnews#2975d76b/topic            0.0000
agnews#2975d76b/topic:ece        0.4123
agnews#2a8b7c8c/is_sports        1.0000
agnews#2a8b7c8c/is_sports:brier  0.1346
agnews#2a8b7c8c/is_sports:ece    0.3669
agnews#2a8b7c8c/is_world         1.0000
agnews#2a8b7c8c/is_world:brier   0.1311
agnews#2a8b7c8c/is_world:ece     0.3621
agnews#2a8b7c8c/topic            1.0000
agnews#2a8b7c8c/topic:ece        0.6523
agnews#2b700a87/is_business      1.0000
agnews#2b700a87/is_business:brier 0.0814
agnews#2b700a87/is_business:ece  0.2716
agnews#2b700a87/is_world         0.2500
agnews#2b700a87/is_world:brier   0.3048
agnews#2b700a87/is_world:ece     0.4041
agnews#2b700a87/topic            0.7500
agnews#2b700a87/topic:ece        0.1834
agnews#2d7c940a/topic            0.0000
agnews#2d7c940a/topic:ece        0.2863
agnews#3003d99d/is_business      1.0000
agnews#3003d99d/is_business:brier 0.0293
agnews#3003d99d/is_business:ece  0.1711
agnews#3003d99d/is_sports        1.0000
agnews#3003d99d/is_sports:brier  0.2149
agnews#3003d99d/is_sports:ece    0.4636
agnews#3003d99d/topic            0.0000
agnews#3003d99d/topic:ece        0.6668
agnews#313bd558/topic            0.0000
agnews#313bd558/topic:ece        0.3542
agnews#38a1aaca/is_business      0.0000
agnews#38a1aaca/is_business:brier 0.4804
agnews#38a1aaca/is_business:ece  0.6931
agnews#38a1aaca/is_scitech       0.0000
agnews#38a1aaca/is_scitech:brier 0.5443
agnews#38a1aaca/is_scitech:ece   0.7378
agnews#38a1aaca/topic            0.0000
agnews#38a1aaca/topic:ece        0.9254
agnews#3a01082a/is_scitech       1.0000
agnews#3a01082a/is_scitech:brier 0.1449
agnews#3a01082a/is_scitech:ece   0.3807
agnews#3a01082a/is_world         1.0000
agnews#3a01082a/is_world:brier   0.1629
agnews#3a01082a/is_world:ece     0.4037
agnews#3a01082a/topic            0.0000
agnews#3a01082a/topic:ece        0.3749
agnews#3a8e783a/is_business      1.0000
agnews#3a8e783a/is_business:brier 0.0380
agnews#3a8e783a/is_business:ece  0.1948
agnews#3a8e783a/is_scitech       0.0000
agnews#3a8e783a/is_scitech:brier 0.3333
agnews#3a8e783a/is_scitech:ece   0.5773
agnews#3a8e783a/topic            1.0000
agnews#3a8e783a/topic:ece        0.3516
agnews#3e691121/is_business      1.0000
agnews#3e691121/is_business:brier 0.1461
agnews#3e691121/is_business:ece  0.3822
agnews#3e691121/is_sports        1.0000
agnews#3e691121/is_sports:brier  0.1954
agnews#3e691121/is_sports:ece    0.4421
agnews#3e691121/topic            0.0000
agnews#3e691121/topic:ece        0.4196
agnews#44693467/is_scitech       1.0000
agnews#44693467/is_scitech:brier 0.1288
agnews#44693467/is_scitech:ece   0.3585
agnews#44693467/is_sports        0.5000
agnews#44693467/is_sports:brier  0.2664
agnews#44693467/is_sports:ece    0.1309
agnews#44693467/topic            0.5000
agnews#44693467/topic:ece        0.1687
agnews#4596601c/topic            0.0000
agnews#4596601c/topic:ece        0.3257
agnews#45dec667/is_business      1.0000
agnews#45dec667/is_business:brier 0.2064
agnews#45dec667/is_business:ece  0.4543
agnews#45dec667/is_world         1.0000
agnews#45dec667/is_world:brier   0.0283
agnews#45dec667/is_world:ece     0.1682
agnews#45dec667/topic            1.0000
agnews#45dec667/topic:ece        0.3003
agnews#47c59c43/is_sports        1.0000
agnews#47c59c43/is_sports:brier  0.1666
agnews#47c59c43/is_sports:ece    0.4082
agnews#47c59c43/is_world         0.0000
agnews#47c59c43/is_world:brier   0.3482
agnews#47c59c43/is_world:ece     0.5901
agnews#47c59c43/topic            0.0000
agnews#47c59c43/topic:ece        0.3303
agnews#4c405cc7/topic            0.0000
agnews#4c405cc7/topic:ece        0.4490
agnews#4e415d1f/topic            0.0000
agnews#4e415d1f/topic:ece        0.3685
agnews#5012156f/is_business      1.0000
agnews#5012156f/is_business:brier 0.0203
agnews#5012156f/is_business:ece  0.1425
agnews#5012156f/is_world         1.0000
agnews#5012156f/is_world:brier   0.0905
agnews#5012156f/is_world:ece     0.3008
agnews#5012156f/topic            1.0000
agnews#5012156f/topic:ece        0.3333
agnews#536693dd/is_scitech       1.0000
agnews#536693dd/is_scitech:brier 0.0716
agnews#536693dd/is_scitech:ece   0.2677
agnews#536693dd/is_sports        1.0000
agnews#536693dd/is_sports:brier  0.1097
agnews#536693dd/is_sports:ece    0.3311
agnews#536693dd/topic            0.0000
agnews#536693dd/topic:ece        0.3665
agnews#5390b534/is_scitech       1.0000
agnews#5390b534/is_scitech:brier 0.1037
agnews#5390b534/is_scitech:ece   0.3220
agnews#5390b534/is_sports        1.0000
agnews#5390b534/is_sports:brier  0.0689
agnews#5390b534/is_sports:ece    0.2625
agnews#5390b534/topic            0.0000
agnews#5390b534/topic:ece        0.5399
agnews#5449951c/is_sports        1.0000
agnews#5449951c/is_sports:brier  0.1059
agnews#5449951c/is_sports:ece    0.3254
agnews#5449951c/is_world         0.0000
agnews#5449951c/is_world:brier   0.4499
agnews#5449951c/is_world:ece     0.6707
agnews#5449951c/topic            1.0000
agnews#5449951c/topic:ece        0.6558
agnews#5603f77c/is_business      1.0000
agnews#5603f77c/is_business:brier 0.1420
agnews#5603f77c/is_business:ece  0.3769
agnews#5603f77c/is_world         1.0000
agnews#5603f77c/is_world:brier   0.0592
agnews#5603f77c/is_world:ece     0.2432
agnews#5603f77c/topic            0.0000
agnews#5603f77c/topic:ece        0.2964
agnews#56fa5d0c/topic            0.0000
agnews#56fa5d0c/topic:ece        0.7693
agnews#5a0720c4/is_business      1.0000
agnews#5a0720c4/is_business:brier 0.0934
agnews#5a0720c4/is_business:ece  0.3055
agnews#5a0720c4/is_scitech       1.0000
agnews#5a0720c4/is_scitech:brier 0.1425
agnews#5a0720c4/is_scitech:ece   0.3775
agnews#5a0720c4/topic            1.0000
agnews#5a0720c4/topic:ece        0.1987
agnews#5f74ff28/is_scitech       1.0000
agnews#5f74ff28/is_scitech:brier 0.1403
agnews#5f74ff28/is_scitech:ece   0.3746
agnews#5f74ff28/is_world         1.0000
agnews#5f74ff28/is_world:brier   0.1261
agnews#5f74ff28/is_world:ece     0.3552
agnews#5f74ff28/topic            0.0000
agnews#5f74ff28/topic:ece        0.3033
agnews#624ff648/is_sports        0.5000
agnews#624ff648/is_sports:brier  0.2124
agnews#624ff648/is_sports:ece    0.1955
agnews#624ff648/is_world         1.0000
agnews#624ff648/is_world:brier   0.1068
agnews#624ff648/is_world:ece     0.3237
agnews#624ff648/topic            0.0000
agnews#624ff648/topic:ece        0.4332
agnews#67032b9f/is_scitech       1.0000
agnews#67032b9f/is_scitech:brier 0.1780
agnews#67032b9f/is_scitech:ece   0.4219
agnews#67032b9f/is_world         0.0000
agnews#67032b9f/is_world:brier   0.3297
agnews#67032b9f/is_world:ece     0.5742
agnews#67032b9f/topic            1.0000
agnews#67032b9f/topic:ece        0.5520
agnews#67eb80df/topic            0.0000
agnews#67eb80df/topic:ece        0.6661
agnews#6b269087/is_scitech       1.0000
agnews#6b269087/is_scitech:brier 0.1551
agnews#6b269087/is_scitech:ece   0.3939
agnews#6b269087/is_sports        1.0000
agnews#6b269087/is_sports:brier  0.0868
agnews#6b269087/is_sports:ece    0.2947
agnews#6b269087/topic            1.0000
agnews#6b269087/topic:ece        0.6592
agnews#6c9e586d/topic            0.0000
agnews#6c9e586d/topic:ece        0.5729
agnews#7265edf1/is_business      1.0000
agnews#7265edf1/is_business:brier 0.0750
agnews#7265edf1/is_business:ece  0.2603
agnews#7265edf1/is_sports        0.5000
agnews#7265edf1/is_sports:brier  0.3268
agnews#7265edf1/is_sports:ece    0.0979
agnews#7265edf1/topic            0.0000
agnews#7265edf1/topic:ece        0.3709
agnews#73989e45/is_sports        0.0000
agnews#73989e45/is_sports:brier  0.5111
agnews#73989e45/is_sports:ece    0.7149
agnews#73989e45/is_world         1.0000
agnews#73989e45/is_world:brier   0.0972
agnews#73989e45/is_world:ece     0.3118
agnews#73989e45/topic            0.0000
agnews#73989e45/topic:ece        0.4301
agnews#73d29a73/is_business      0.0000
agnews#73d29a73/is_business:brier 0.3457
agnews#73d29a73/is_business:ece  0.5880
agnews#73d29a73/is_sports        1.0000
agnews#73d29a73/is_sports:brier  0.0067
agnews#73d29a73/is_sports:ece    0.0817
agnews#73d29a73/topic            0.0000
agnews#73d29a73/topic:ece        0.8671
agnews#73e24eee/is_business      1.0000
agnews#73e24eee/is_business:brier 0.0908
agnews#73e24eee/is_business:ece  0.3013
agnews#73e24eee/is_scitech       1.0000
agnews#73e24eee/is_scitech:brier 0.1868
agnews#73e24eee/is_scitech:ece   0.4322
agnews#73e24eee/topic            0.0000
agnews#73e24eee/topic:ece        0.4388
agnews#7a096b19/topic            1.0000
agnews#7a096b19/topic:ece        0.5851
agnews#7baf7e07/is_scitech       1.0000
agnews#7baf7e07/is_scitech:brier 0.1580
agnews#7baf7e07/is_scitech:ece   0.3974
agnews#7baf7e07/is_world         0.0000
agnews#7baf7e07/is_world:brier   0.3852
agnews#7baf7e07/is_world:ece     0.6207
agnews#7baf7e07/topic            0.0000
agnews#7baf7e07/topic:ece        0.3279
agnews#806ce1bd/topic            1.0000
agnews#806ce1bd/topic:ece        0.5418
agnews#81561c26/is_scitech       0.0000
agnews#81561c26/is_scitech:brier 0.4530
agnews#81561c26/is_scitech:ece   0.6730
agnews#81561c26/is_sports        1.0000
agnews#81561c26/is_sports:brier  0.1175
agnews#81561c26/is_sports:ece    0.3428
agnews#81561c26/topic            0.0000
agnews#81561c26/topic:ece        0.4103
agnews#88ff6664/is_scitech       0.0000
agnews#88ff6664/is_scitech:brier 0.2537
agnews#88ff6664/is_scitech:ece   0.5037
agnews#88ff6664/is_sports        1.0000
agnews#88ff6664/is_sports:brier  0.1259
agnews#88ff6664/is_sports:ece    0.3548
agnews#88ff6664/topic            0.0000
agnews#88ff6664/topic:ece        0.6782
agnews#8eab5c58/is_business      1.0000
agnews#8eab5c58/is_business:brier 0.1863
agnews#8eab5c58/is_business:ece  0.4316
agnews#8eab5c58/is_scitech       1.0000
agnews#8eab5c58/is_scitech:brier 0.0580
agnews#8eab5c58/is_scitech:ece   0.2408
agnews#8eab5c58/topic            0.0000
agnews#8eab5c58/topic:ece        0.4051
agnews#90ea72a0/topic            0.0000
agnews#90ea72a0/topic:ece        0.8570
agnews#921e810f/topic            0.0000
agnews#921e810f/topic:ece        0.4442
agnews#92b6317d/is_business      1.0000
agnews#92b6317d/is_business:brier 0.1513
agnews#92b6317d/is_business:ece  0.3889
agnews#92b6317d/is_scitech       0.0000
agnews#92b6317d/is_scitech:brier 0.4102
agnews#92b6317d/is_scitech:ece   0.6405
agnews#92b6317d/topic            1.0000
agnews#92b6317d/topic:ece        0.5655
agnews#93c8cf04/is_business      1.0000
agnews#93c8cf04/is_business:brier 0.0623
agnews#93c8cf04/is_business:ece  0.2497
agnews#93c8cf04/is_sports        1.0000
agnews#93c8cf04/is_sports:brier  0.1815
agnews#93c8cf04/is_sports:ece    0.4260
agnews#93c8cf04/topic            1.0000
agnews#93c8cf04/topic:ece        0.6446
agnews#94602c75/is_business      1.0000
agnews#94602c75/is_business:brier 0.0203
agnews#94602c75/is_business:ece  0.1425
agnews#94602c75/is_world         1.0000
agnews#94602c75/is_world:brier   0.0905
agnews#94602c75/is_world:ece     0.3008
agnews#94602c75/topic            1.0000
agnews#94602c75/topic:ece        0.0481
agnews#946925c6/is_sports        1.0000
agnews#946925c6/is_sports:brier  0.0529
agnews#946925c6/is_sports:ece    0.2301
agnews#946925c6/is_world         0.0000
agnews#946925c6/is_world:brier   0.5399
agnews#946925c6/is_world:ece     0.7348
agnews#946925c6/topic            0.0000
agnews#946925c6/topic:ece        0.4025
agnews#99e0dc86/is_business      1.0000
agnews#99e0dc86/is_business:brier 0.1561
agnews#99e0dc86/is_business:ece  0.3950
agnews#99e0dc86/is_sports        1.0000
agnews#99e0dc86/is_sports:brier  0.1132
agnews#99e0dc86/is_sports:ece    0.3365
agnews#99e0dc86/topic            0.0000
agnews#99e0dc86/topic:ece        0.3656
agnews#9a195682/is_business      1.0000
agnews#9a195682/is_business:brier 0.2287
agnews#9a195682/is_business:ece  0.4782
agnews#9a195682/is_world         1.0000
agnews#9a195682/is_world:brier   0.0862
agnews#9a195682/is_world:ece     0.2936
agnews#9a195682/topic            0.0000
agnews#9a195682/topic:ece        0.4373
agnews#9b9ee98c/is_scitech       1.0000
agnews#9b9ee98c/is_scitech:brier 0.1479
agnews#9b9ee98c/is_scitech:ece   0.3845
agnews#9b9ee98c/is_world         1.0000
agnews#9b9ee98c/is_world:brier   0.1264
agnews#9b9ee98c/is_world:ece     0.3556
agnews#9b9ee98c/topic            0.0000
agnews#9b9ee98c/topic:ece        0.3597
agnews#9bfe9e2b/is_business      1.0000
agnews#9bfe9e2b/is_business:brier 0.0699
agnews#9bfe9e2b/is_business:ece  0.2643
agnews#9bfe9e2b/is_world         0.0000
agnews#9bfe9e2b/is_world:brier   0.4616
agnews#9bfe9e2b/is_world:ece     0.6794
agnews#9bfe9e2b/topic            1.0000
agnews#9bfe9e2b/topic:ece        0.2875
agnews#9cb1b91b/is_business      0.0000
agnews#9cb1b91b/is_business:brier 0.3358
agnews#9cb1b91b/is_business:ece  0.5795
agnews#9cb1b91b/is_sports        1.0000
agnews#9cb1b91b/is_sports:brier  0.1230
agnews#9cb1b91b/is_sports:ece    0.3507
agnews#9cb1b91b/topic            0.0000
agnews#9cb1b91b/topic:ece        0.4323
agnews#a1ee81c0/is_scitech       1.0000
agnews#a1ee81c0/is_scitech:brier 0.1219
agnews#a1ee81c0/is_scitech:ece   0.3491
agnews#a1ee81c0/is_world         1.0000
agnews#a1ee81c0/is_world:brier   0.1665
agnews#a1ee81c0/is_world:ece     0.4081
agnews#a1ee81c0/topic            0.0000
agnews#a1ee81c0/topic:ece        0.3751
agnews#a46164b2/is_scitech       1.0000
agnews#a46164b2/is_scitech:brier 0.0782
agnews#a46164b2/is_scitech:ece   0.2797
agnews#a46164b2/is_sports        1.0000
agnews#a46164b2/is_sports:brier  0.0566
agnews#a46164b2/is_sports:ece    0.2380
agnews#a46164b2/topic            1.0000
agnews#a46164b2/topic:ece        0.4424
agnews#a7f9dae7/topic            0.0000
agnews#a7f9dae7/topic:ece        0.6714
agnews#ac3c18dc/is_scitech       1.0000
agnews#ac3c18dc/is_scitech:brier 0.1948
agnews#ac3c18dc/is_scitech:ece   0.4413
agnews#ac3c18dc/is_sports        1.0000
agnews#ac3c18dc/is_sports:brier  0.2347
agnews#ac3c18dc/is_sports:ece    0.4845
agnews#ac3c18dc/topic            0.0000
agnews#ac3c18dc/topic:ece        0.4720
agnews#acd02807/is_scitech       1.0000
agnews#acd02807/is_scitech:brier 0.0949
agnews#acd02807/is_scitech:ece   0.3081
agnews#acd02807/is_sports        1.0000
agnews#acd02807/is_sports:brier  0.0764
agnews#acd02807/is_sports:ece    0.2764
agnews#acd02807/topic            1.0000
agnews#acd02807/topic:ece        0.5804
agnews#b7048fc3/is_business      1.0000
agnews#b7048fc3/is_business:brier 0.1694
agnews#b7048fc3/is_business:ece  0.4116
agnews#b7048fc3/is_scitech       1.0000
agnews#b7048fc3/is_scitech:brier 0.1604
agnews#b7048fc3/is_scitech:ece   0.4005
agnews#b7048fc3/topic            0.0000
agnews#b7048fc3/topic:ece        0.3432
agnews#bac407f2/topic            0.0000
agnews#bac407f2/topic:ece        0.6991
agnews#bdcd5e67/is_business      1.0000
agnews#bdcd5e67/is_business:brier 0.1863
agnews#bdcd5e67/is_business:ece  0.4316
agnews#bdcd5e67/is_scitech       1.0000
agnews#bdcd5e67/is_scitech:brier 0.0580
agnews#bdcd5e67/is_scitech:ece   0.2408
agnews#bdcd5e67/topic            0.0000
agnews#bdcd5e67/topic:ece        0.4162
agnews#be533bc6/is_business      1.0000
agnews#be533bc6/is_business:brier 0.1371
agnews#be533bc6/is_business:ece  0.3703
agnews#be533bc6/is_sports        1.0000
agnews#be533bc6/is_sports:brier  0.2484
agnews#be533bc6/is_sports:ece    0.4984
agnews#be533bc6/topic            1.0000
agnews#be533bc6/topic:ece        0.6399
agnews#be9902a6/is_scitech       1.0000
agnews#be9902a6/is_scitech:brier 0.0845
agnews#be9902a6/is_scitech:ece   0.2906
agnews#be9902a6/is_sports        0.0000
agnews#be9902a6/is_sports:brier  0.3669
agnews#be9902a6/is_sports:ece    0.6057
agnews#be9902a6/topic            0.0000
agnews#be9902a6/topic:ece        0.5012
agnews#beeab617/is_sports        0.0000
agnews#beeab617/is_sports:brier  0.5111
agnews#beeab617/is_sports:ece    0.7149
agnews#beeab617/is_world         1.0000
agnews#beeab617/is_world:brier   0.0972
agnews#beeab617/is_world:ece     0.3118
agnews#beeab617/topic            0.0000
agnews#beeab617/topic:ece        0.3852
agnews#c18ecfd4/is_business      1.0000
agnews#c18ecfd4/is_business:brier 0.0138
agnews#c18ecfd4/is_business:ece  0.1175
agnews#c18ecfd4/is_scitech       1.0000
agnews#c18ecfd4/is_scitech:brier 0.1000
agnews#c18ecfd4/is_scitech:ece   0.3162
agnews#c18ecfd4/topic            0.0000
agnews#c18ecfd4/topic:ece        0.4476
agnews#c3044452/is_sports        0.0000
agnews#c3044452/is_sports:brier  0.2921
agnews#c3044452/is_sports:ece    0.5404
agnews#c3044452/is_world         1.0000
agnews#c3044452/is_world:brier   0.2027
agnews#c3044452/is_world:ece     0.4502
agnews#c3044452/topic            1.0000
agnews#c3044452/topic:ece        0.5240
agnews#c8562e45/is_sports        1.0000
agnews#c8562e45/is_sports:brier  0.0529
agnews#c8562e45/is_sports:ece    0.2301
agnews#c8562e45/is_world         0.0000
agnews#c8562e45/is_world:brier   0.5399
agnews#c8562e45/is_world:ece     0.7348
agnews#c8562e45/topic            0.0000
agnews#c8562e45/topic:ece        0.3577
agnews#c8903e5a/is_scitech       1.0000
agnews#c8903e5a/is_scitech:brier 0.1780
agnews#c8903e5a/is_scitech:ece   0.4219
agnews#c8903e5a/is_world         0.0000
agnews#c8903e5a/is_world:brier   0.3297
agnews#c8903e5a/is_world:ece     0.5742
agnews#c8903e5a/topic            1.0000
agnews#c8903e5a/topic:ece        0.4620
agnews#c937dfad/topic            0.0000
agnews#c937dfad/topic:ece        0.3393
agnews#cad4f208/is_business      1.0000
agnews#cad4f208/is_business:brier 0.1409
agnews#cad4f208/is_business:ece  0.3754
agnews#cad4f208/is_sports        0.0000
agnews#cad4f208/is_sports:brier  0.2543
agnews#cad4f208/is_sports:ece    0.5043
agnews#cad4f208/topic            0.0000
agnews#cad4f208/topic:ece        0.4081
agnews#ce70d07a/is_scitech       1.0000
agnews#ce70d07a/is_scitech:brier 0.1037
agnews#ce70d07a/is_scitech:ece   0.3220
agnews#ce70d07a/is_sports        1.0000
agnews#ce70d07a/is_sports:brier  0.0689
agnews#ce70d07a/is_sports:ece    0.2625
agnews#ce70d07a/topic            0.0000
agnews#ce70d07a/topic:ece        0.4958
agnews#d14c7f8f/topic            0.0000
agnews#d14c7f8f/topic:ece        0.6623
agnews#d77faf0e/is_scitech       0.0000
agnews#d77faf0e/is_scitech:brier 0.3621
agnews#d77faf0e/is_scitech:ece   0.6017
agnews#d77faf0e/is_world         1.0000
agnews#d77faf0e/is_world:brier   0.1654
agnews#d77faf0e/is_world:ece     0.4067
agnews#d77faf0e/topic            1.0000
agnews#d77faf0e/topic:ece        0.6766
agnews#d890857a/is_business      0.0000
agnews#d890857a/is_business:brier 0.4440
agnews#d890857a/is_business:ece  0.6663
agnews#d890857a/is_scitech       1.0000
agnews#d890857a/is_scitech:brier 0.1217
agnews#d890857a/is_scitech:ece   0.3489
agnews#d890857a/topic            0.0000
agnews#d890857a/topic:ece        0.3339
agnews#db2cb2ea/is_business      0.0000
agnews#db2cb2ea/is_business:brier 0.3588
agnews#db2cb2ea/is_business:ece  0.5990
agnews#db2cb2ea/is_scitech       0.0000
agnews#db2cb2ea/is_scitech:brier 0.4063
agnews#db2cb2ea/is_scitech:ece   0.6374
agnews#db2cb2ea/topic            0.0000
agnews#db2cb2ea/topic:ece        0.4013
agnews#db8eeff0/is_business      1.0000
agnews#db8eeff0/is_business:brier 0.1461
agnews#db8eeff0/is_business:ece  0.3822
agnews#db8eeff0/is_sports        1.0000
agnews#db8eeff0/is_sports:brier  0.1954
agnews#db8eeff0/is_sports:ece    0.4421
agnews#db8eeff0/topic            0.0000
agnews#db8eeff0/topic:ece        0.3311
agnews#dc2415f6/topic            0.0000
agnews#dc2415f6/topic:ece        0.3233
agnews#e78b565a/topic            1.0000
agnews#e78b565a/topic:ece        0.4250
agnews#e808c625/is_business      1.0000
agnews#e808c625/is_business:brier 0.2243
agnews#e808c625/is_business:ece  0.4736
agnews#e808c625/is_world         1.0000
agnews#e808c625/is_world:brier   0.0288
agnews#e808c625/is_world:ece     0.1696
agnews#e808c625/topic            0.0000
agnews#e808c625/topic:ece        0.6108
agnews#f33602d4/is_sports        1.0000
agnews#f33602d4/is_sports:brier  0.1328
agnews#f33602d4/is_sports:ece    0.3645
agnews#f33602d4/is_world         1.0000
agnews#f33602d4/is_world:brier   0.1337
agnews#f33602d4/is_world:ece     0.3656
agnews#f33602d4/topic            0.0000
agnews#f33602d4/topic:ece        0.3297
agnews#f442f0d8/is_scitech       0.0000
agnews#f442f0d8/is_scitech:brier 0.3672
agnews#f442f0d8/is_scitech:ece   0.6060
agnews#f442f0d8/is_sports        1.0000
agnews#f442f0d8/is_sports:brier  0.1103
agnews#f442f0d8/is_sports:ece    0.3320
agnews#f442f0d8/topic            0.0000
agnews#f442f0d8/topic:ece        0.3408
agnews#fbffc97b/is_business      0.0000
agnews#fbffc97b/is_business:brier 0.2698
agnews#fbffc97b/is_business:ece  0.5194
agnews#fbffc97b/is_world         1.0000
agnews#fbffc97b/is_world:brier   0.0595
agnews#fbffc97b/is_world:ece     0.2439
agnews#fbffc97b/topic            1.0000
agnews#fbffc97b/topic:ece        0.5218
agnews#fdbcea81/is_sports        1.0000
agnews#fdbcea81/is_sports:brier  0.0444
agnews#fdbcea81/is_sports:ece    0.2092
agnews#fdbcea81/is_world         1.0000
agnews#fdbcea81/is_world:brier   0.0587
agnews#fdbcea81/is_world:ece     0.2411
agnews#fdbcea81/topic            0.5000
agnews#fdbcea81/topic:ece        0.0537
agnews#fe8c9911/topic            0.0000
agnews#fe8c9911/topic:ece        0.3268
amazon#f0181fef/stars            0.3875
amazon#f0181fef/stars:ece        0.0193
banking77#0030899d/intent        0.0000
banking77#0030899d/intent:ece    0.0210
banking77#008db419/intent        0.0000
banking77#008db419/intent:ece    0.0177
banking77#0408f611/intent        0.0000
banking77#0408f611/intent:ece    0.0288
banking77#05ae7866/intent        0.0000
banking77#05ae7866/intent:ece    0.0255
banking77#0dfa94b9/intent        0.0000
banking77#0dfa94b9/intent:ece    0.0186
banking77#0f1b8392/intent        0.0000
banking77#0f1b8392/intent:ece    0.0229
banking77#0f4e7713/intent        0.0000
banking77#0f4e7713/intent:ece    0.0175
banking77#0f827c24/intent        0.0000
banking77#0f827c24/intent:ece    0.0304
banking77#1202032f/intent        0.0000
banking77#1202032f/intent:ece    0.0535
banking77#139509a6/intent        0.0000
banking77#139509a6/intent:ece    0.0169
banking77#17b3de11/intent        0.0000
banking77#17b3de11/intent:ece    0.0235
banking77#1b6f4b2d/intent        0.0000
banking77#1b6f4b2d/intent:ece    0.0179
banking77#1deead88/intent        0.0000
banking77#1deead88/intent:ece    0.0182
banking77#1f47e8f8/intent        0.0000
banking77#1f47e8f8/intent:ece    0.0369
banking77#1f9127d9/intent        0.0000
banking77#1f9127d9/intent:ece    0.0167
banking77#204a6797/intent        0.0000
banking77#204a6797/intent:ece    0.0267
banking77#2066c7e1/intent        0.0000
banking77#2066c7e1/intent:ece    0.0205
banking77#237d59bc/intent        0.0000
banking77#237d59bc/intent:ece    0.0385
banking77#24bc284f/intent        0.0000
banking77#24bc284f/intent:ece    0.0227
banking77#2cdd3973/intent        0.0000
banking77#2cdd3973/intent:ece    0.0161
banking77#30c48d76/intent        0.0000
banking77#30c48d76/intent:ece    0.0204
banking77#319c6698/intent        0.0000
banking77#319c6698/intent:ece    0.0361
banking77#3606ded6/intent        0.0000
banking77#3606ded6/intent:ece    0.0167
banking77#36896c50/intent        0.0000
banking77#36896c50/intent:ece    0.0220
banking77#36e0311f/intent        0.0000
banking77#36e0311f/intent:ece    0.0327
banking77#3bb5e7ba/intent        0.0000
banking77#3bb5e7ba/intent:ece    0.0184
banking77#3f6d60bf/intent        0.0000
banking77#3f6d60bf/intent:ece    0.0168
banking77#419af110/intent        0.0000
banking77#419af110/intent:ece    0.0276
banking77#4263e274/intent        0.0000
banking77#4263e274/intent:ece    0.0271
banking77#436a15d3/intent        0.0000
banking77#436a15d3/intent:ece    0.0177
banking77#4653dca7/intent        0.0000
banking77#4653dca7/intent:ece    0.0267
banking77#4882b82b/intent        0.0000
banking77#4882b82b/intent:ece    0.0712
banking77#4c60bbc0/intent        1.0000
banking77#4c60bbc0/intent:ece    0.9332
banking77#4e1732ff/intent        0.0000
banking77#4e1732ff/intent:ece    0.0160
banking77#516ad34b/intent        0.0000
banking77#516ad34b/intent:ece    0.0170
banking77#51f5303d/intent        0.0000
banking77#51f5303d/intent:ece    0.0309
banking77#52677129/intent        0.0000
banking77#52677129/intent:ece    0.0899
banking77#53874ada/intent        0.0000
banking77#53874ada/intent:ece    0.0176
banking77#55e67b19/intent        0.0000
banking77#55e67b19/intent:ece    0.0205
banking77#57173cf8/intent        0.0000
banking77#57173cf8/intent:ece    0.0166
banking77#5724651e/intent        0.0000
banking77#5724651e/intent:ece    0.0390
banking77#5c88a54f/intent        0.0000
banking77#5c88a54f/intent:ece    0.0785
banking77#63ae4845/intent        0.0000
banking77#63ae4845/intent:ece    0.0239
banking77#683f6354/intent        0.0000
banking77#683f6354/intent:ece    0.0229
banking77#6c105e86/intent        0.0000
banking77#6c105e86/intent:ece    0.0245
banking77#6d310557/intent        0.0000
banking77#6d310557/intent:ece    0.0161
banking77#6f21057f/intent        1.0000
banking77#6f21057f/intent:ece    0.9838
banking77#70292a4e/intent        0.0000
banking77#70292a4e/intent:ece    0.0204
banking77#71a620c3/intent        0.0000
banking77#71a620c3/intent:ece    0.0451
banking77#721d459f/intent        0.0000
banking77#721d459f/intent:ece    0.0170
banking77#73f371cd/intent        0.0000
banking77#73f371cd/intent:ece    0.0387
banking77#76191aea/intent        0.0000
banking77#76191aea/intent:ece    0.0480
banking77#7643f09d/intent        0.0000
banking77#7643f09d/intent:ece    0.0213
banking77#766ff999/intent        0.0000
banking77#766ff999/intent:ece    0.0170
banking77#7a3715e7/intent        0.0000
banking77#7a3715e7/intent:ece    0.0228
banking77#7c073457/intent        0.0000
banking77#7c073457/intent:ece    0.0251
banking77#7e6f30f3/intent        0.0000
banking77#7e6f30f3/intent:ece    0.0183
banking77#81348c80/intent        0.0000
banking77#81348c80/intent:ece    0.0170
banking77#83eaa89b/intent        0.0000
banking77#83eaa89b/intent:ece    0.0194
banking77#8439b351/intent        0.0000
banking77#8439b351/intent:ece    0.0470
banking77#866a0b0f/intent        0.0000
banking77#866a0b0f/intent:ece    0.0272
banking77#87736e39/intent        0.0000
banking77#87736e39/intent:ece    0.1402
banking77#8ac41824/intent        0.0000
banking77#8ac41824/intent:ece    0.0326
banking77#8ac50d1f/intent        0.0000
banking77#8ac50d1f/intent:ece    0.0289
banking77#8b62f4cb/intent        0.0000
banking77#8b62f4cb/intent:ece    0.0562
banking77#8cf60dcc/intent        0.0000
banking77#8cf60dcc/intent:ece    0.0318
banking77#8f2de7e7/intent        0.0000
banking77#8f2de7e7/intent:ece    0.0185
banking77#9013836e/intent        0.0000
banking77#9013836e/intent:ece    0.0180
banking77#91d8abf8/intent        0.0000
banking77#91d8abf8/intent:ece    0.0635
banking77#982b8536/intent        0.0000
banking77#982b8536/intent:ece    0.0225
banking77#9949857a/intent        0.0000
banking77#9949857a/intent:ece    0.0264
banking77#99b33866/intent        0.0000
banking77#99b33866/intent:ece    0.0270
banking77#99bfb9c8/intent        0.0000
banking77#99bfb9c8/intent:ece    0.0875
banking77#9a15def9/intent        0.0000
banking77#9a15def9/intent:ece    0.0160
banking77#9bdef398/intent        0.0000
banking77#9bdef398/intent:ece    0.0175
banking77#9c8fe442/intent        0.0000
banking77#9c8fe442/intent:ece    0.0191
banking77#9d3fad97/intent        0.0000
banking77#9d3fad97/intent:ece    0.0257
banking77#9f20a73a/intent        0.0000
banking77#9f20a73a/intent:ece    0.0169
banking77#9ff5a41a/intent        0.0000
banking77#9ff5a41a/intent:ece    0.0207
banking77#a2711965/intent        0.0000
banking77#a2711965/intent:ece    0.0166
banking77#a623522c/intent        0.0000
banking77#a623522c/intent:ece    0.0165
banking77#abc7932c/intent        0.0000
banking77#abc7932c/intent:ece    0.0234
banking77#ad2e4a42/intent        0.0000
banking77#ad2e4a42/intent:ece    0.0162
banking77#af5b1652/intent        0.0000
banking77#af5b1652/intent:ece    0.0164
banking77#b2aa8697/intent        0.0000
banking77#b2aa8697/intent:ece    0.0192
banking77#b4e654d1/intent        0.0000
banking77#b4e654d1/intent:ece    0.0190
banking77#b6e4d687/intent        0.0000
banking77#b6e4d687/intent:ece    0.0165
banking77#ba7bd332/intent        0.0000
banking77#ba7bd332/intent:ece    0.0230
banking77#bc83b188/intent        0.0000
banking77#bc83b188/intent:ece    0.0259
banking77#be0f3ad3/intent        0.0000
banking77#be0f3ad3/intent:ece    0.0300
banking77#be83650b/intent        0.0000
banking77#be83650b/intent:ece    0.0182
banking77#bf9f4c54/intent        0.0000
banking77#bf9f4c54/intent:ece    0.0398
banking77#c054c858/intent        0.0000
banking77#c054c858/intent:ece    0.0225
banking77#c4464c8d/intent        0.0000
banking77#c4464c8d/intent:ece    0.0175
banking77#cb0e454b/intent        0.0000
banking77#cb0e454b/intent:ece    0.0187
banking77#d513113e/intent        1.0000
banking77#d513113e/intent:ece    0.9752
banking77#d662127c/intent        0.0000
banking77#d662127c/intent:ece    0.0188
banking77#d79e56ae/intent        0.0000
banking77#d79e56ae/intent:ece    0.0160
banking77#da1a0c57/intent        0.0000
banking77#da1a0c57/intent:ece    0.0210
banking77#da6ea4f2/intent        0.0000
banking77#da6ea4f2/intent:ece    0.0200
banking77#dad4e9ce/intent        0.0000
banking77#dad4e9ce/intent:ece    0.0306
banking77#dbb070fa/intent        0.0000
banking77#dbb070fa/intent:ece    0.0252
banking77#dc4f17c1/intent        0.0000
banking77#dc4f17c1/intent:ece    0.1162
banking77#df8ea226/intent        0.0000
banking77#df8ea226/intent:ece    0.0378
banking77#dfb2ceb7/intent        0.0000
banking77#dfb2ceb7/intent:ece    0.0174
banking77#dfb61426/intent        0.0000
banking77#dfb61426/intent:ece    0.0256
banking77#e8b7ad9f/intent        0.0000
banking77#e8b7ad9f/intent:ece    0.1084
banking77#ea0decda/intent        0.0000
banking77#ea0decda/intent:ece    0.0231
banking77#ebe84220/intent        0.0000
banking77#ebe84220/intent:ece    0.0391
banking77#ef3b4c29/intent        0.0000
banking77#ef3b4c29/intent:ece    0.0144
banking77#efc91803/intent        1.0000
banking77#efc91803/intent:ece    0.9632
banking77#f34bad9e/intent        1.0000
banking77#f34bad9e/intent:ece    0.9815
banking77#f9e31b28/intent        0.0000
banking77#f9e31b28/intent:ece    0.0248
banking77#f9f812c9/intent        0.0000
banking77#f9f812c9/intent:ece    0.0165
banking77#fa9c7b08/intent        0.0000
banking77#fa9c7b08/intent:ece    0.0157
banking77#fbfa0c95/intent        0.0000
banking77#fbfa0c95/intent:ece    0.0260
boolq#00d55ea1/answer            0.0000
boolq#00d55ea1/answer:brier      0.3940
boolq#00d55ea1/answer:ece        0.6277
boolq#018e66e5/answer            1.0000
boolq#018e66e5/answer:brier      0.1082
boolq#018e66e5/answer:ece        0.3290
boolq#03877994/answer            0.0000
boolq#03877994/answer:brier      0.3423
boolq#03877994/answer:ece        0.5851
boolq#05faff23/answer            0.0000
boolq#05faff23/answer:brier      0.3399
boolq#05faff23/answer:ece        0.5830
boolq#0934a49b/answer            0.0000
boolq#0934a49b/answer:brier      0.8898
boolq#0934a49b/answer:ece        0.9433
boolq#0a0bbc1b/answer            1.0000
boolq#0a0bbc1b/answer:brier      0.1324
boolq#0a0bbc1b/answer:ece        0.3639
boolq#0ebd58ba/answer            1.0000
boolq#0ebd58ba/answer:brier      0.1216
boolq#0ebd58ba/answer:ece        0.3487
boolq#0f4bdd51/answer            1.0000
boolq#0f4bdd51/answer:brier      0.1582
boolq#0f4bdd51/answer:ece        0.3978
boolq#115b85b0/answer            1.0000
boolq#115b85b0/answer:brier      0.1164
boolq#115b85b0/answer:ece        0.3411
boolq#1343dc74/answer            0.0000
boolq#1343dc74/answer:brier      0.3195
boolq#1343dc74/answer:ece        0.5653
boolq#18ce2044/answer            0.0000
boolq#18ce2044/answer:brier      0.2786
boolq#18ce2044/answer:ece        0.5279
boolq#1e836be0/answer            0.0000
boolq#1e836be0/answer:brier      0.2832
boolq#1e836be0/answer:ece        0.5322
boolq#21a995fa/answer            0.0000
boolq#21a995fa/answer:brier      0.2943
boolq#21a995fa/answer:ece        0.5425
boolq#22a77611/answer            0.0000
boolq#22a77611/answer:brier      0.7591
boolq#22a77611/answer:ece        0.8712
boolq#22c6724b/answer            1.0000
boolq#22c6724b/answer:brier      0.1729
boolq#22c6724b/answer:ece        0.4158
boolq#2a294a00/answer            0.0000
boolq#2a294a00/answer:brier      0.3154
boolq#2a294a00/answer:ece        0.5616
boolq#30f4b87a/answer            0.0000
boolq#30f4b87a/answer:brier      0.2690
boolq#30f4b87a/answer:ece        0.5187
boolq#3b81ba63/answer            0.0000
boolq#3b81ba63/answer:brier      0.3676
boolq#3b81ba63/answer:ece        0.6063
boolq#3d8d18d0/answer            0.0000
boolq#3d8d18d0/answer:brier      0.6040
boolq#3d8d18d0/answer:ece        0.7772
boolq#3eeb7a8b/answer            0.0000
boolq#3eeb7a8b/answer:brier      0.3274
boolq#3eeb7a8b/answer:ece        0.5722
boolq#47e432ec/answer            0.0000
boolq#47e432ec/answer:brier      0.4622
boolq#47e432ec/answer:ece        0.6799
boolq#4937f9ff/answer            1.0000
boolq#4937f9ff/answer:brier      0.1875
boolq#4937f9ff/answer:ece        0.4331
boolq#49a8dd92/answer            1.0000
boolq#49a8dd92/answer:brier      0.1231
boolq#49a8dd92/answer:ece        0.3509
boolq#4a2bf04d/answer            1.0000
boolq#4a2bf04d/answer:brier      0.0138
boolq#4a2bf04d/answer:ece        0.1174
boolq#535bad5f/answer            0.0000
boolq#535bad5f/answer:brier      0.3613
boolq#535bad5f/answer:ece        0.6010
boolq#55432011/answer            0.0000
boolq#55432011/answer:brier      0.5059
boolq#55432011/answer:ece        0.7113
boolq#56895bb2/answer            1.0000
boolq#56895bb2/answer:brier      0.2226
boolq#56895bb2/answer:ece        0.4718
boolq#58465e53/answer            1.0000
boolq#58465e53/answer:brier      0.1877
boolq#58465e53/answer:ece        0.4333
boolq#5a26ef8e/answer            0.0000
boolq#5a26ef8e/answer:brier      0.2705
boolq#5a26ef8e/answer:ece        0.5201
boolq#5a50b162/answer            0.0000
boolq#5a50b162/answer:brier      0.3644
boolq#5a50b162/answer:ece        0.6037
boolq#5b305eb3/answer            1.0000
boolq#5b305eb3/answer:brier      0.1921
boolq#5b305eb3/answer:ece        0.4383
boolq#5baa1255/answer            1.0000
boolq#5baa1255/answer:brier      0.2171
boolq#5baa1255/answer:ece        0.4659
boolq#5d50034b/answer            1.0000
boolq#5d50034b/answer:brier      0.2033
boolq#5d50034b/answer:ece        0.4509
boolq#5e64dc71/answer            0.0000
boolq#5e64dc71/answer:brier      0.2984
boolq#5e64dc71/answer:ece        0.5463
boolq#65309635/answer            0.0000
boolq#65309635/answer:brier      0.3306
boolq#65309635/answer:ece        0.5749
boolq#7203a905/answer            1.0000
boolq#7203a905/answer:brier      0.1252
boolq#7203a905/answer:ece        0.3538
boolq#74424c3c/answer            0.0000
boolq#74424c3c/answer:brier      0.3991
boolq#74424c3c/answer:ece        0.6318
boolq#74a50a48/answer            0.0000
boolq#74a50a48/answer:brier      0.3062
boolq#74a50a48/answer:ece        0.5534
boolq#78d2a6b9/answer            0.0000
boolq#78d2a6b9/answer:brier      0.2816
boolq#78d2a6b9/answer:ece        0.5306
boolq#809d0976/answer            0.0000
boolq#809d0976/answer:brier      0.3398
boolq#809d0976/answer:ece        0.5829
boolq#83c2a69a/answer            0.0000
boolq#83c2a69a/answer:brier      0.3132
boolq#83c2a69a/answer:ece        0.5596
boolq#85dddf85/answer            1.0000
boolq#85dddf85/answer:brier      0.2500
boolq#85dddf85/answer:ece        0.5000
boolq#8a54fb08/answer            0.0000
boolq#8a54fb08/answer:brier      0.2657
boolq#8a54fb08/answer:ece        0.5154
boolq#8c41ce7f/answer            1.0000
boolq#8c41ce7f/answer:brier      0.1599
boolq#8c41ce7f/answer:ece        0.3999
boolq#8ce6b560/answer            1.0000
boolq#8ce6b560/answer:brier      0.0924
boolq#8ce6b560/answer:ece        0.3039
boolq#92e0dcae/answer            1.0000
boolq#92e0dcae/answer:brier      0.1580
boolq#92e0dcae/answer:ece        0.3975
boolq#98f37974/answer            0.0000
boolq#98f37974/answer:brier      0.3616
boolq#98f37974/answer:ece        0.6013
boolq#a50db81c/answer            1.0000
boolq#a50db81c/answer:brier      0.1841
boolq#a50db81c/answer:ece        0.4291
boolq#a76df849/answer            0.0000
boolq#a76df849/answer:brier      0.4202
boolq#a76df849/answer:ece        0.6483
boolq#a773bc12/answer            0.0000
boolq#a773bc12/answer:brier      0.4674
boolq#a773bc12/answer:ece        0.6837
boolq#abc5c0ba/answer            1.0000
boolq#abc5c0ba/answer:brier      0.0774
boolq#abc5c0ba/answer:ece        0.2783
boolq#ae3327d9/answer            0.0000
boolq#ae3327d9/answer:brier      0.2530
boolq#ae3327d9/answer:ece        0.5030
boolq#b2d85591/answer            1.0000
boolq#b2d85591/answer:brier      0.1965
boolq#b2d85591/answer:ece        0.4433
boolq#b39525d9/answer            1.0000
boolq#b39525d9/answer:brier      0.0530
boolq#b39525d9/answer:ece        0.2302
boolq#bc3ba948/answer            1.0000
boolq#bc3ba948/answer:brier      0.2196
boolq#bc3ba948/answer:ece        0.4686
boolq#bca198f8/answer            1.0000
boolq#bca198f8/answer:brier      0.1136
boolq#bca198f8/answer:ece        0.3370
boolq#bd0f68d5/answer            0.0000
boolq#bd0f68d5/answer:brier      0.3714
boolq#bd0f68d5/answer:ece        0.6094
boolq#be03ca9b/answer            0.0000
boolq#be03ca9b/answer:brier      0.3105
boolq#be03ca9b/answer:ece        0.5572
boolq#bfcd9fe1/answer            1.0000
boolq#bfcd9fe1/answer:brier      0.1273
boolq#bfcd9fe1/answer:ece        0.3568
boolq#c2972f82/answer            1.0000
boolq#c2972f82/answer:brier      0.0615
boolq#c2972f82/answer:ece        0.2479
boolq#c5f1d021/answer            0.0000
boolq#c5f1d021/answer:brier      0.6993
boolq#c5f1d021/answer:ece        0.8362
boolq#c737699b/answer            0.0000
boolq#c737699b/answer:brier      0.3951
boolq#c737699b/answer:ece        0.6286
boolq#cda54817/answer            0.0000
boolq#cda54817/answer:brier      0.5567
boolq#cda54817/answer:ece        0.7461
boolq#ced779be/answer            0.0000
boolq#ced779be/answer:brier      0.2814
boolq#ced779be/answer:ece        0.5304
boolq#d5ef22e5/answer            1.0000
boolq#d5ef22e5/answer:brier      0.1076
boolq#d5ef22e5/answer:ece        0.3281
boolq#e41320a8/answer            0.0000
boolq#e41320a8/answer:brier      0.4307
boolq#e41320a8/answer:ece        0.6563
boolq#e5ef74e7/answer            0.0000
boolq#e5ef74e7/answer:brier      0.4153
boolq#e5ef74e7/answer:ece        0.6444
boolq#e6d656e9/answer            1.0000
boolq#e6d656e9/answer:brier      0.2285
boolq#e6d656e9/answer:ece        0.4780
boolq#ea017113/answer            0.0000
boolq#ea017113/answer:brier      0.2829
boolq#ea017113/answer:ece        0.5318
boolq#eb03bb35/answer            1.0000
boolq#eb03bb35/answer:brier      0.1258
boolq#eb03bb35/answer:ece        0.3546
boolq#ef432715/answer            1.0000
boolq#ef432715/answer:brier      0.1967
boolq#ef432715/answer:ece        0.4435
boolq#f1cf33bc/answer            1.0000
boolq#f1cf33bc/answer:brier      0.1104
boolq#f1cf33bc/answer:ece        0.3322
boolq#f58004d7/answer            1.0000
boolq#f58004d7/answer:brier      0.1226
boolq#f58004d7/answer:ece        0.3501
boolq#f7937c4b/answer            1.0000
boolq#f7937c4b/answer:brier      0.1746
boolq#f7937c4b/answer:ece        0.4178
boolq#f867a6ea/answer            1.0000
boolq#f867a6ea/answer:brier      0.1630
boolq#f867a6ea/answer:ece        0.4037
boolq#f8e9ead8/answer            1.0000
boolq#f8e9ead8/answer:brier      0.1176
boolq#f8e9ead8/answer:ece        0.3430
boolq#f9781ea7/answer            1.0000
boolq#f9781ea7/answer:brier      0.1729
boolq#f9781ea7/answer:ece        0.4158
boolq#fb4adadd/answer            0.0000
boolq#fb4adadd/answer:brier      0.4134
boolq#fb4adadd/answer:ece        0.6430
boolq#fc86ea21/answer            1.0000
boolq#fc86ea21/answer:brier      0.1815
boolq#fc86ea21/answer:ece        0.4260
boolq#ffbcffee/answer            0.0000
boolq#ffbcffee/answer:brier      0.4228
boolq#ffbcffee/answer:ece        0.6502
contrastive#0acf14a6/decision    1.0000
contrastive#0acf14a6/decision:ece 0.4263
contrastive#13f5d2df/decision    0.0000
contrastive#13f5d2df/decision:ece 0.5374
contrastive#17016bfa/decision    1.0000
contrastive#17016bfa/decision:ece 0.4440
contrastive#427f4f76/decision    0.0000
contrastive#427f4f76/decision:ece 0.8514
contrastive#43be2646/decision    1.0000
contrastive#43be2646/decision:ece 0.3988
contrastive#47b9d154/decision    0.0000
contrastive#47b9d154/decision:ece 0.7815
contrastive#4bf36406/decision    1.0000
contrastive#4bf36406/decision:ece 0.3108
contrastive#4fc008be/decision    0.0000
contrastive#4fc008be/decision:ece 0.7146
contrastive#5027ab28/decision    0.0000
contrastive#5027ab28/decision:ece 0.7579
contrastive#58eb02cd/decision    1.0000
contrastive#58eb02cd/decision:ece 0.3952
contrastive#5cbe51fa/decision    0.0000
contrastive#5cbe51fa/decision:ece 0.6512
contrastive#5d7b23a6/decision    1.0000
contrastive#5d7b23a6/decision:ece 0.6361
contrastive#7515fc21/decision    0.3333
contrastive#7515fc21/decision:ece 0.2282
contrastive#91477361/decision    0.5000
contrastive#91477361/decision:ece 0.1117
contrastive#a40890cc/decision    0.5854
contrastive#a40890cc/decision:ece 0.0447
contrastive#ae558619/decision    1.0000
contrastive#ae558619/decision:ece 0.2045
contrastive#b6fe76ef/decision    0.0000
contrastive#b6fe76ef/decision:ece 0.7464
contrastive#b81fb4d6/decision    0.0000
contrastive#b81fb4d6/decision:ece 0.7349
contrastive#bf106c75/decision    0.6750
contrastive#bf106c75/decision:ece 0.1186
contrastive#d8b21ca9/decision    0.6000
contrastive#d8b21ca9/decision:brier 0.2476
contrastive#d8b21ca9/decision:ece 0.0518
contrastive#dd2530a8/decision    0.5000
contrastive#dd2530a8/decision:ece 0.1232
contrastive#dfe18e65/decision    1.0000
contrastive#dfe18e65/decision:ece 0.4071
contrastive#ee347cff/decision    1.0000
contrastive#ee347cff/decision:ece 0.2805
contrastive#f64d6e70/decision    0.5000
contrastive#f64d6e70/decision:ece 0.0562
contrastive#f959b3a9/decision    0.0000
contrastive#f959b3a9/decision:ece 0.8390
contrastive#fbeb1993/decision    0.6000
contrastive#fbeb1993/decision:brier 0.2342
contrastive#fbeb1993/decision:ece 0.0373
contrastive#ff24ddab/decision    1.0000
contrastive#ff24ddab/decision:ece 0.4840
dbpedia14#036f9f16/category      0.0000
dbpedia14#036f9f16/category:ece  0.4399
dbpedia14#17002816/category      0.0000
dbpedia14#17002816/category:ece  0.3143
dbpedia14#19a86d1f/category      0.0000
dbpedia14#19a86d1f/category:ece  0.2462
dbpedia14#19e1ead0/category      0.0000
dbpedia14#19e1ead0/category:ece  0.4205
dbpedia14#28835e4a/category      0.0000
dbpedia14#28835e4a/category:ece  0.2251
dbpedia14#289a7ea8/category      0.0000
dbpedia14#289a7ea8/category:ece  0.3497
dbpedia14#28b39607/category      0.0000
dbpedia14#28b39607/category:ece  0.3285
dbpedia14#480f6ba3/category      0.0000
dbpedia14#480f6ba3/category:ece  0.1776
dbpedia14#4883df51/category      0.0000
dbpedia14#4883df51/category:ece  0.1978
dbpedia14#5490b2af/category      0.0000
dbpedia14#5490b2af/category:ece  0.2183
dbpedia14#5ced3615/category      0.0000
dbpedia14#5ced3615/category:ece  0.2431
dbpedia14#608d1949/category      0.0000
dbpedia14#608d1949/category:ece  0.2308
dbpedia14#60d1fc93/category      0.0000
dbpedia14#60d1fc93/category:ece  0.5499
dbpedia14#6f0ae8a1/category      0.0000
dbpedia14#6f0ae8a1/category:ece  0.2732
dbpedia14#70c7971c/category      0.0000
dbpedia14#70c7971c/category:ece  0.2802
dbpedia14#71c192d7/category      0.0000
dbpedia14#71c192d7/category:ece  0.4850
dbpedia14#7d75e6db/category      1.0000
dbpedia14#7d75e6db/category:ece  0.3890
dbpedia14#8e657e8a/category      1.0000
dbpedia14#8e657e8a/category:ece  0.6963
dbpedia14#91cbb9ee/category      1.0000
dbpedia14#91cbb9ee/category:ece  0.6044
dbpedia14#932982fb/category      1.0000
dbpedia14#932982fb/category:ece  0.8304
dbpedia14#93f82e2b/category      0.2875
dbpedia14#93f82e2b/category:ece  0.0112
dbpedia14#9c6d2fae/category      0.0000
dbpedia14#9c6d2fae/category:ece  0.4711
dbpedia14#ab6bda37/category      0.0000
dbpedia14#ab6bda37/category:ece  0.3008
dbpedia14#b5f27802/category      1.0000
dbpedia14#b5f27802/category:ece  0.3867
dbpedia14#bb258d72/category      0.0000
dbpedia14#bb258d72/category:ece  0.5924
dbpedia14#bf10489d/category      0.0000
dbpedia14#bf10489d/category:ece  0.1854
dbpedia14#bf2b2066/category      0.0000
dbpedia14#bf2b2066/category:ece  0.3274
dbpedia14#c0d70538/category      0.0000
dbpedia14#c0d70538/category:ece  0.3811
dbpedia14#c468cc37/category      0.0000
dbpedia14#c468cc37/category:ece  0.3288
dbpedia14#c78ec0a5/category      0.0000
dbpedia14#c78ec0a5/category:ece  0.2077
dbpedia14#cbf52dc1/category      0.0000
dbpedia14#cbf52dc1/category:ece  0.4383
dbpedia14#cf32ed1d/category      1.0000
dbpedia14#cf32ed1d/category:ece  0.5756
dbpedia14#d3b52e04/category      0.0000
dbpedia14#d3b52e04/category:ece  0.1909
dbpedia14#dd128584/category      1.0000
dbpedia14#dd128584/category:ece  0.6328
dbpedia14#ebc0c54b/category      0.0000
dbpedia14#ebc0c54b/category:ece  0.4305
dbpedia14#f450b829/category      0.0000
dbpedia14#f450b829/category:ece  0.3304
dbpedia14#f6d7c4e9/category      0.0000
dbpedia14#f6d7c4e9/category:ece  0.2030
imdb#457dae02/positive           0.6500
imdb#457dae02/positive:brier     0.2078
imdb#457dae02/positive:ece       0.0623
mnli#00d35919/relation           1.0000
mnli#00d35919/relation:ece       0.6304
mnli#00d5afb3/relation           0.0000
mnli#00d5afb3/relation:ece       0.3623
mnli#01a1b96b/relation           0.0000
mnli#01a1b96b/relation:ece       0.3392
mnli#02bd2dcd/relation           1.0000
mnli#02bd2dcd/relation:ece       0.6673
mnli#0459957d/relation           1.0000
mnli#0459957d/relation:ece       0.5879
mnli#06816551/relation           1.0000
mnli#06816551/relation:ece       0.4265
mnli#084deed8/relation           1.0000
mnli#084deed8/relation:ece       0.6288
mnli#0b770d98/relation           1.0000
mnli#0b770d98/relation:ece       0.6606
mnli#0c337c2c/relation           0.0000
mnli#0c337c2c/relation:ece       0.6362
mnli#1565f4d5/relation           0.0000
mnli#1565f4d5/relation:ece       0.3607
mnli#18a15071/relation           1.0000
mnli#18a15071/relation:ece       0.6411
mnli#1999a0ea/relation           0.0000
mnli#1999a0ea/relation:ece       0.5276
mnli#1a90348b/relation           1.0000
mnli#1a90348b/relation:ece       0.6286
mnli#20ec31a7/relation           0.0000
mnli#20ec31a7/relation:ece       0.3383
mnli#21cc0c43/relation           1.0000
mnli#21cc0c43/relation:ece       0.5883
mnli#24c2016e/relation           1.0000
mnli#24c2016e/relation:ece       0.6557
mnli#26150d9b/relation           0.0000
mnli#26150d9b/relation:ece       0.3648
mnli#26b58898/relation           1.0000
mnli#26b58898/relation:ece       0.6068
mnli#26db7e1f/relation           0.0000
mnli#26db7e1f/relation:ece       0.3675
mnli#30046b1f/relation           0.0000
mnli#30046b1f/relation:ece       0.3553
mnli#3455f10b/relation           0.0000
mnli#3455f10b/relation:ece       0.3757
mnli#371f68d8/relation           1.0000
mnli#371f68d8/relation:ece       0.5089
mnli#37e7f9e0/relation           0.0000
mnli#37e7f9e0/relation:ece       0.4552
mnli#3f2a72b0/relation           1.0000
mnli#3f2a72b0/relation:ece       0.6158
mnli#3f7b3dbf/relation           0.0000
mnli#3f7b3dbf/relation:ece       0.4222
mnli#40f8ef32/relation           0.0000
mnli#40f8ef32/relation:ece       0.3762
mnli#421e3dc4/relation           0.0000
mnli#421e3dc4/relation:ece       0.5205
mnli#429e1af1/relation           0.0000
mnli#429e1af1/relation:ece       0.4135
mnli#43644bad/relation           0.0000
mnli#43644bad/relation:ece       0.3718
mnli#44d905f5/relation           0.0000
mnli#44d905f5/relation:ece       0.3480
mnli#455873bb/relation           0.0000
mnli#455873bb/relation:ece       0.4685
mnli#4b7c3e9a/relation           0.0000
mnli#4b7c3e9a/relation:ece       0.4273
mnli#4e36c181/relation           0.0000
mnli#4e36c181/relation:ece       0.3575
mnli#4fb06c82/relation           1.0000
mnli#4fb06c82/relation:ece       0.6388
mnli#52e0a780/relation           0.0000
mnli#52e0a780/relation:ece       0.3759
mnli#5732221d/relation           1.0000
mnli#5732221d/relation:ece       0.6388
mnli#58182aa0/relation           0.0000
mnli#58182aa0/relation:ece       0.3540
mnli#5a98ce9d/relation           1.0000
mnli#5a98ce9d/relation:ece       0.5456
mnli#5b0a5c58/relation           1.0000
mnli#5b0a5c58/relation:ece       0.5471
mnli#5b0b5850/relation           1.0000
mnli#5b0b5850/relation:ece       0.4028
mnli#5bf94280/relation           1.0000
mnli#5bf94280/relation:ece       0.6088
mnli#5dcf0f51/relation           1.0000
mnli#5dcf0f51/relation:ece       0.6249
mnli#634b68c6/relation           1.0000
mnli#634b68c6/relation:ece       0.6302
mnli#63d74237/relation           0.0000
mnli#63d74237/relation:ece       0.5611
mnli#67992009/relation           1.0000
mnli#67992009/relation:ece       0.5565
mnli#6872f6a8/relation           0.0000
mnli#6872f6a8/relation:ece       0.5783
mnli#6b1b2e65/relation           0.0000
mnli#6b1b2e65/relation:ece       0.3601
mnli#6db4a98d/relation           0.0000
mnli#6db4a98d/relation:ece       0.4130
mnli#6fb0e330/relation           0.0000
mnli#6fb0e330/relation:ece       0.3776
mnli#7170a565/relation           1.0000
mnli#7170a565/relation:ece       0.6373
mnli#71f5906b/relation           0.0000
mnli#71f5906b/relation:ece       0.3669
mnli#771af2be/relation           0.0000
mnli#771af2be/relation:ece       0.3825
mnli#7ac03cb2/relation           1.0000
mnli#7ac03cb2/relation:ece       0.6291
mnli#7c9214a0/relation           0.0000
mnli#7c9214a0/relation:ece       0.3943
mnli#7fcdc59a/relation           0.0000
mnli#7fcdc59a/relation:ece       0.4247
mnli#82a8c0d4/relation           1.0000
mnli#82a8c0d4/relation:ece       0.5837
mnli#84245787/relation           0.0000
mnli#84245787/relation:ece       0.3993
mnli#897280cd/relation           1.0000
mnli#897280cd/relation:ece       0.6294
mnli#89ad17bc/relation           0.0000
mnli#89ad17bc/relation:ece       0.3922
mnli#8c0c660d/relation           0.0000
mnli#8c0c660d/relation:ece       0.4610
mnli#8dd33dfc/relation           0.0000
mnli#8dd33dfc/relation:ece       0.4201
mnli#918d1f86/relation           1.0000
mnli#918d1f86/relation:ece       0.6042
mnli#958b8788/relation           0.0000
mnli#958b8788/relation:ece       0.3218
mnli#9ab2ef23/relation           0.0000
mnli#9ab2ef23/relation:ece       0.3920
mnli#9e986785/relation           0.0000
mnli#9e986785/relation:ece       0.2685
mnli#a102d265/relation           1.0000
mnli#a102d265/relation:ece       0.6402
mnli#a145ccb6/relation           1.0000
mnli#a145ccb6/relation:ece       0.5896
mnli#a15c49af/relation           0.0000
mnli#a15c49af/relation:ece       0.4044
mnli#a20078c2/relation           0.0000
mnli#a20078c2/relation:ece       0.3464
mnli#a2896476/relation           0.0000
mnli#a2896476/relation:ece       0.5033
mnli#a577cb43/relation           1.0000
mnli#a577cb43/relation:ece       0.6582
mnli#a60e5471/relation           1.0000
mnli#a60e5471/relation:ece       0.6562
mnli#a7f25af9/relation           0.0000
mnli#a7f25af9/relation:ece       0.4591
mnli#aba2abc3/relation           0.0000
mnli#aba2abc3/relation:ece       0.5924
mnli#abd8e3d5/relation           0.0000
mnli#abd8e3d5/relation:ece       0.3949
mnli#adfbd36d/relation           1.0000
mnli#adfbd36d/relation:ece       0.6227
mnli#aeed051f/relation           0.0000
mnli#aeed051f/relation:ece       0.3706
mnli#af4bae46/relation           0.0000
mnli#af4bae46/relation:ece       0.3525
mnli#b3e71a79/relation           0.0000
mnli#b3e71a79/relation:ece       0.3684
mnli#b5c76954/relation           0.0000
mnli#b5c76954/relation:ece       0.3615
mnli#b627ba10/relation           1.0000
mnli#b627ba10/relation:ece       0.5626
mnli#b76a15ac/relation           0.0000
mnli#b76a15ac/relation:ece       0.3776
mnli#bab2e6bf/relation           1.0000
mnli#bab2e6bf/relation:ece       0.6059
mnli#bdfa5f5f/relation           1.0000
mnli#bdfa5f5f/relation:ece       0.6535
mnli#be72238b/relation           0.0000
mnli#be72238b/relation:ece       0.5919
mnli#bf5e3a53/relation           0.0000
mnli#bf5e3a53/relation:ece       0.3500
mnli#c1c7b9d6/relation           0.0000
mnli#c1c7b9d6/relation:ece       0.4655
mnli#c3f6a3f8/relation           0.0000
mnli#c3f6a3f8/relation:ece       0.3736
mnli#c54a4b51/relation           0.0000
mnli#c54a4b51/relation:ece       0.5173
mnli#c9bdc1e2/relation           1.0000
mnli#c9bdc1e2/relation:ece       0.5757
mnli#cd46df76/relation           1.0000
mnli#cd46df76/relation:ece       0.5637
mnli#d0088215/relation           0.0000
mnli#d0088215/relation:ece       0.5253
mnli#d21838a8/relation           0.0000
mnli#d21838a8/relation:ece       0.3840
mnli#d390c67b/relation           0.0000
mnli#d390c67b/relation:ece       0.3902
mnli#d4ceb2af/relation           0.0000
mnli#d4ceb2af/relation:ece       0.3975
mnli#d6b852ae/relation           1.0000
mnli#d6b852ae/relation:ece       0.6392
mnli#dc274b98/relation           1.0000
mnli#dc274b98/relation:ece       0.6152
mnli#e0aeff68/relation           0.0000
mnli#e0aeff68/relation:ece       0.3522
mnli#ea765930/relation           0.0000
mnli#ea765930/relation:ece       0.5035
mnli#eadbd99c/relation           0.0000
mnli#eadbd99c/relation:ece       0.3984
mnli#eb6fe23f/relation           0.0000
mnli#eb6fe23f/relation:ece       0.4255
mnli#ed1460d1/relation           0.0000
mnli#ed1460d1/relation:ece       0.5682
mnli#ef14582f/relation           1.0000
mnli#ef14582f/relation:ece       0.5172
mnli#f0ef79eb/relation           0.0000
mnli#f0ef79eb/relation:ece       0.3893
mnli#f1975a8c/relation           0.0000
mnli#f1975a8c/relation:ece       0.3721
mnli#f27d3029/relation           1.0000
mnli#f27d3029/relation:ece       0.5117
mnli#f3e416cf/relation           1.0000
mnli#f3e416cf/relation:ece       0.6157
mnli#f6d42771/relation           1.0000
mnli#f6d42771/relation:ece       0.5924
mnli#fbc4d87c/relation           1.0000
mnli#fbc4d87c/relation:ece       0.6902
mnli#fed85166/relation           0.0000
mnli#fed85166/relation:ece       0.4972
mnli#ff4840f3/relation           0.0000
mnli#ff4840f3/relation:ece       0.4283
mnli#ff843727/relation           1.0000
mnli#ff843727/relation:ece       0.6502
sst5#16640a13/sentiment          0.3333
sst5#16640a13/sentiment:ece      0.0276
sst5#ad14f5a1/sentiment          0.4000
sst5#ad14f5a1/sentiment:ece      0.0643
sst5#aeaad687/sentiment          0.2857
sst5#aeaad687/sentiment:ece      0.0644
sst5#dd4ece86/sentiment          0.0000
sst5#dd4ece86/sentiment:ece      0.3063
trec#0e640ac4/answer_type        0.0000
trec#0e640ac4/answer_type:ece    0.5475
trec#10c79e92/answer_type        0.0000
trec#10c79e92/answer_type:ece    0.5303
trec#121700c4/answer_type        0.0000
trec#121700c4/answer_type:ece    0.4195
trec#140e215b/answer_type        0.0000
trec#140e215b/answer_type:ece    0.2863
trec#16124def/answer_type        1.0000
trec#16124def/answer_type:ece    0.2016
trec#352125e7/answer_type        0.0000
trec#352125e7/answer_type:ece    0.5631
trec#3e00ed5b/answer_type        0.0000
trec#3e00ed5b/answer_type:ece    0.4732
trec#410336bf/answer_type        0.0000
trec#410336bf/answer_type:ece    0.3611
trec#48cd7df9/answer_type        1.0000
trec#48cd7df9/answer_type:ece    0.5900
trec#5dc8f7b4/answer_type        1.0000
trec#5dc8f7b4/answer_type:ece    0.6085
trec#5f16173a/answer_type        0.0000
trec#5f16173a/answer_type:ece    0.3286
trec#68f7ad90/answer_type        0.6250
trec#68f7ad90/answer_type:ece    0.1188
trec#69458d00/answer_type        1.0000
trec#69458d00/answer_type:ece    0.5602
trec#831dbd1c/answer_type        0.0000
trec#831dbd1c/answer_type:ece    0.4137
trec#861abd9d/answer_type        0.0000
trec#861abd9d/answer_type:ece    0.3200
trec#8673b811/answer_type        0.0000
trec#8673b811/answer_type:ece    0.4309
trec#9a1d6c10/answer_type        1.0000
trec#9a1d6c10/answer_type:ece    0.3420
trec#9a5e2fa7/answer_type        1.0000
trec#9a5e2fa7/answer_type:ece    0.5693
trec#9ecbd630/answer_type        0.0000
trec#9ecbd630/answer_type:ece    0.3376
trec#ad3cee14/answer_type        0.0000
trec#ad3cee14/answer_type:ece    0.4100
trec#adc098dc/answer_type        0.0000
trec#adc098dc/answer_type:ece    0.4699
trec#ae1086cc/answer_type        0.0000
trec#ae1086cc/answer_type:ece    0.4554
trec#b28c171f/answer_type        0.0000
trec#b28c171f/answer_type:ece    0.3852
trec#b2f72d20/answer_type        0.0000
trec#b2f72d20/answer_type:ece    0.5016
trec#b43f8ece/answer_type        0.0000
trec#b43f8ece/answer_type:ece    0.2853
trec#bd7e8ff9/answer_type        0.0000
trec#bd7e8ff9/answer_type:ece    0.3416
trec#c6cd5034/answer_type        1.0000
trec#c6cd5034/answer_type:ece    0.6625
trec#cb4d51f0/answer_type        1.0000
trec#cb4d51f0/answer_type:ece    0.6125
trec#cfab4ba7/answer_type        0.0000
trec#cfab4ba7/answer_type:ece    0.2942
trec#de2ffce9/answer_type        0.0000
trec#de2ffce9/answer_type:ece    0.4536
trec#e1c8b431/answer_type        0.0000
trec#e1c8b431/answer_type:ece    0.7937
trec#e99f5f25/answer_type        0.0000
trec#e99f5f25/answer_type:ece    0.2835
trec#f239f3f2/answer_type        0.0000
trec#f239f3f2/answer_type:ece    0.2429
trec#f3224657/answer_type        0.0000
trec#f3224657/answer_type:ece    0.7443
trec#f6d35d03/answer_type        0.0000
trec#f6d35d03/answer_type:ece    0.3713
trec#f8991c0b/answer_type        1.0000
trec#f8991c0b/answer_type:ece    0.6586
trec#f9c2795f/answer_type        0.0000
trec#f9c2795f/answer_type:ece    0.2853
yelp#072f2812/rating             0.3662
yelp#072f2812/rating:ece         0.0302
yelp#072f2812/recommend          0.7887
yelp#072f2812/recommend:brier    0.1703
yelp#072f2812/recommend:ece      0.0098
yelp#86092e6d/rating             0.3333
yelp#86092e6d/rating:ece         0.0438
yelp#86092e6d/recommend          0.3333
yelp#86092e6d/recommend:brier    0.3091
yelp#86092e6d/recommend:ece      0.3392
yelp#bdb69480/rating             0.0000
yelp#bdb69480/rating:ece         0.3779
yelp#bdb69480/recommend          0.7500
yelp#bdb69480/recommend:brier    0.1083
yelp#bdb69480/recommend:ece      0.0934
yelp#f36e769b/rating             0.5000
yelp#f36e769b/rating:ece         0.2277
yelp#f36e769b/recommend          0.5000
yelp#f36e769b/recommend:brier    0.2648
yelp#f36e769b/recommend:ece      0.1443
=== test ===
agnews#01fa9dc5/is_scitech       1.0000
agnews#01fa9dc5/is_scitech:brier 0.0308
agnews#01fa9dc5/is_scitech:ece   0.1754
agnews#01fa9dc5/is_world         0.0000
agnews#01fa9dc5/is_world:brier   0.7083
agnews#01fa9dc5/is_world:ece     0.8416
agnews#01fa9dc5/topic            0.0000
agnews#01fa9dc5/topic:ece        0.5121
agnews#0609f71e/is_business      0.5000
agnews#0609f71e/is_business:brier 0.1974
agnews#0609f71e/is_business:ece  0.0877
agnews#0609f71e/is_scitech       0.0000
agnews#0609f71e/is_scitech:brier 0.4266
agnews#0609f71e/is_scitech:ece   0.6506
agnews#0609f71e/topic            0.0000
agnews#0609f71e/topic:ece        0.4949
agnews#075efaa5/is_scitech       1.0000
agnews#075efaa5/is_scitech:brier 0.1357
agnews#075efaa5/is_scitech:ece   0.3683
agnews#075efaa5/is_sports        1.0000
agnews#075efaa5/is_sports:brier  0.1107
agnews#075efaa5/is_sports:ece    0.3327
agnews#075efaa5/topic            0.0000
agnews#075efaa5/topic:ece        0.3651
agnews#08b8eab8/topic            0.0000
agnews#08b8eab8/topic:ece        0.6102
agnews#09f87e78/is_scitech       0.0000
agnews#09f87e78/is_scitech:brier 0.3351
agnews#09f87e78/is_scitech:ece   0.5789
agnews#09f87e78/is_sports        1.0000
agnews#09f87e78/is_sports:brier  0.1412
agnews#09f87e78/is_sports:ece    0.3757
agnews#09f87e78/topic            0.0000
agnews#09f87e78/topic:ece        0.3662
agnews#0dac348d/is_business      1.0000
agnews#0dac348d/is_business:brier 0.1853
agnews#0dac348d/is_business:ece  0.4304
agnews#0dac348d/is_sports        1.0000
agnews#0dac348d/is_sports:brier  0.0226
agnews#0dac348d/is_sports:ece    0.1502
agnews#0dac348d/topic            0.0000
agnews#0dac348d/topic:ece        0.3331
agnews#0f5c2a4c/is_business      1.0000
agnews#0f5c2a4c/is_business:brier 0.1095
agnews#0f5c2a4c/is_business:ece  0.3309
agnews#0f5c2a4c/is_scitech       1.0000
agnews#0f5c2a4c/is_scitech:brier 0.1135
agnews#0f5c2a4c/is_scitech:ece   0.3369
agnews#0f5c2a4c/topic            0.0000
agnews#0f5c2a4c/topic:ece        0.3291
agnews#13c6d562/is_sports        0.0000
agnews#13c6d562/is_sports:brier  0.5982
agnews#13c6d562/is_sports:ece    0.7734
agnews#13c6d562/is_world         0.0000
agnews#13c6d562/is_world:brier   0.5277
agnews#13c6d562/is_world:ece     0.7264
agnews#13c6d562/topic            0.0000
agnews#13c6d562/topic:ece        0.5586
agnews#16ffeb9d/is_business      1.0000
agnews#16ffeb9d/is_business:brier 0.2364
agnews#16ffeb9d/is_business:ece  0.4862
agnews#16ffeb9d/is_scitech       1.0000
agnews#16ffeb9d/is_scitech:brier 0.0517
agnews#16ffeb9d/is_scitech:ece   0.2274
agnews#16ffeb9d/topic            0.0000
agnews#16ffeb9d/topic:ece        0.7314
agnews#1774461d/is_sports        1.0000
agnews#1774461d/is_sports:brier  0.0535
agnews#1774461d/is_sports:ece    0.2312
agnews#1774461d/is_world         0.0000
agnews#1774461d/is_world:brier   0.5006
agnews#1774461d/is_world:ece     0.7075
agnews#1774461d/topic            0.0000
agnews#1774461d/topic:ece        0.8492
agnews#1a188752/is_business      0.0000
agnews#1a188752/is_business:brier 0.3665
agnews#1a188752/is_business:ece  0.6054
agnews#1a188752/is_world         1.0000
agnews#1a188752/is_world:brier   0.0986
agnews#1a188752/is_world:ece     0.3140
agnews#1a188752/topic            0.0000
agnews#1a188752/topic:ece        0.6371
agnews#1f095fad/is_scitech       0.0000
agnews#1f095fad/is_scitech:brier 0.4264
agnews#1f095fad/is_scitech:ece   0.6530
agnews#1f095fad/is_sports        1.0000
agnews#1f095fad/is_sports:brier  0.1006
agnews#1f095fad/is_sports:ece    0.3171
agnews#1f095fad/topic            0.0000
agnews#1f095fad/topic:ece        0.3124
agnews#1f894074/topic            0.0000
agnews#1f894074/topic:ece        0.3747
agnews#21779857/is_scitech       1.0000
agnews#21779857/is_scitech:brier 0.1951
agnews#21779857/is_scitech:ece   0.4417
agnews#21779857/is_sports        0.0000
agnews#21779857/is_sports:brier  0.3061
agnews#21779857/is_sports:ece    0.5532
agnews#21779857/topic            0.0000
agnews#21779857/topic:ece        0.5198
agnews#21ea3728/is_business      1.0000
agnews#21ea3728/is_business:brier 0.0527
agnews#21ea3728/is_business:ece  0.2291
agnews#21ea3728/is_world         1.0000
agnews#21ea3728/is_world:brier   0.1665
agnews#21ea3728/is_world:ece     0.4070
agnews#21ea3728/topic            1.0000
agnews#21ea3728/topic:ece        0.5327
agnews#277f401d/is_business      0.0000
agnews#277f401d/is_business:brier 0.4327
agnews#277f401d/is_business:ece  0.6578
agnews#277f401d/is_world         1.0000
agnews#277f401d/is_world:brier   0.1034
agnews#277f401d/is_world:ece     0.3215
agnews#277f401d/topic            0.0000
agnews#277f401d/topic:ece        0.3422
agnews#2aae2eb9/is_business      1.0000
agnews#2aae2eb9/is_business:brier 0.0342
agnews#2aae2eb9/is_business:ece  0.1849
agnews#2aae2eb9/is_sports        1.0000
agnews#2aae2eb9/is_sports:brier  0.2061
agnews#2aae2eb9/is_sports:ece    0.4540
agnews#2aae2eb9/topic            1.0000
agnews#2aae2eb9/topic:ece        0.5203
agnews#2bd69912/is_scitech       0.0000
agnews#2bd69912/is_scitech:brier 0.5596
agnews#2bd69912/is_scitech:ece   0.7481
agnews#2bd69912/is_world         1.0000
agnews#2bd69912/is_world:brier   0.0268
agnews#2bd69912/is_world:ece     0.1637
agnews#2bd69912/topic            0.0000
agnews#2bd69912/topic:ece        0.6216
agnews#2c484a66/is_business      1.0000
agnews#2c484a66/is_business:brier 0.1920
agnews#2c484a66/is_business:ece  0.4382
agnews#2c484a66/is_scitech       0.0000
agnews#2c484a66/is_scitech:brier 0.4978
agnews#2c484a66/is_scitech:ece   0.7055
agnews#2c484a66/topic            0.0000
agnews#2c484a66/topic:ece        0.4583
agnews#2c7340ad/topic            0.0000
agnews#2c7340ad/topic:ece        0.4158
agnews#2ed19a07/is_business      1.0000
agnews#2ed19a07/is_business:brier 0.0524
agnews#2ed19a07/is_business:ece  0.2290
agnews#2ed19a07/is_sports        0.0000
agnews#2ed19a07/is_sports:brier  0.3557
agnews#2ed19a07/is_sports:ece    0.5964
agnews#2ed19a07/topic            0.0000
agnews#2ed19a07/topic:ece        0.4288
agnews#317000f4/topic            0.0000
agnews#317000f4/topic:ece        0.2667
agnews#373f775f/is_business      1.0000
agnews#373f775f/is_business:brier 0.2478
agnews#373f775f/is_business:ece  0.4978
agnews#373f775f/is_world         1.0000
agnews#373f775f/is_world:brier   0.0655
agnews#373f775f/is_world:ece     0.2559
agnews#373f775f/topic            1.0000
agnews#373f775f/topic:ece        0.4689
agnews#3a8e783a/is_business      0.0000
agnews#3a8e783a/is_business:brier 0.2684
agnews#3a8e783a/is_business:ece  0.5181
agnews#3a8e783a/is_scitech       0.0000
agnews#3a8e783a/is_scitech:brier 0.5773
agnews#3a8e783a/is_scitech:ece   0.7598
agnews#3a8e783a/topic            0.0000
agnews#3a8e783a/topic:ece        0.5547
agnews#41109d51/is_business      1.0000
agnews#41109d51/is_business:brier 0.2364
agnews#41109d51/is_business:ece  0.4862
agnews#41109d51/is_scitech       1.0000
agnews#41109d51/is_scitech:brier 0.0517
agnews#41109d51/is_scitech:ece   0.2274
agnews#41109d51/topic            0.0000
agnews#41109d51/topic:ece        0.6616
agnews#44693467/is_scitech       1.0000
agnews#44693467/is_scitech:brier 0.1744
agnews#44693467/is_scitech:ece   0.4176
agnews#44693467/is_sports        1.0000
agnews#44693467/is_sports:brier  0.1128
agnews#44693467/is_sports:ece    0.3358
agnews#44693467/topic            1.0000
agnews#44693467/topic:ece        0.4329
agnews#4bc55827/is_scitech       1.0000
agnews#4bc55827/is_scitech:brier 0.0746
agnews#4bc55827/is_scitech:ece   0.2732
agnews#4bc55827/is_sports        1.0000
agnews#4bc55827/is_sports:brier  0.0262
agnews#4bc55827/is_sports:ece    0.1618
agnews#4bc55827/topic            1.0000
agnews#4bc55827/topic:ece        0.1370
agnews#51019895/is_sports        1.0000
agnews#51019895/is_sports:brier  0.0421
agnews#51019895/is_sports:ece    0.2051
agnews#51019895/is_world         1.0000
agnews#51019895/is_world:brier   0.0528
agnews#51019895/is_world:ece     0.2298
agnews#51019895/topic            1.0000
agnews#51019895/topic:ece        0.5988
agnews#52038b95/is_business      1.0000
agnews#52038b95/is_business:brier 0.2249
agnews#52038b95/is_business:ece  0.4743
agnews#52038b95/is_sports        1.0000
agnews#52038b95/is_sports:brier  0.0686
agnews#52038b95/is_sports:ece    0.2620
agnews#52038b95/topic            1.0000
agnews#52038b95/topic:ece        0.6363
agnews#536693dd/is_scitech       0.0000
agnews#536693dd/is_scitech:brier 0.5675
agnews#536693dd/is_scitech:ece   0.7533
agnews#536693dd/is_sports        1.0000
agnews#536693dd/is_sports:brier  0.0216
agnews#536693dd/is_sports:ece    0.1470
agnews#536693dd/topic            0.0000
agnews#536693dd/topic:ece        0.4976
agnews#5601a8d0/topic            0.0000
agnews#5601a8d0/topic:ece        0.3739
agnews#570767dc/is_business      1.0000
agnews#570767dc/is_business:brier 0.1761
agnews#570767dc/is_business:ece  0.4196
agnews#570767dc/is_scitech       1.0000
agnews#570767dc/is_scitech:brier 0.1416
agnews#570767dc/is_scitech:ece   0.3763
agnews#570767dc/topic            0.0000
agnews#570767dc/topic:ece        0.3215
agnews#5929cd09/topic            0.0000
agnews#5929cd09/topic:ece        0.5938
agnews#59378dfe/is_sports        0.0000
agnews#59378dfe/is_sports:brier  0.4676
agnews#59378dfe/is_sports:ece    0.6838
agnews#59378dfe/is_world         1.0000
agnews#59378dfe/is_world:brier   0.0993
agnews#59378dfe/is_world:ece     0.3151
agnews#59378dfe/topic            0.0000
agnews#59378dfe/topic:ece        0.3485
agnews#5c52d0a1/is_scitech       0.0000
agnews#5c52d0a1/is_scitech:brier 0.5229
agnews#5c52d0a1/is_scitech:ece   0.7231
agnews#5c52d0a1/is_sports        1.0000
agnews#5c52d0a1/is_sports:brier  0.0297
agnews#5c52d0a1/is_sports:ece    0.1723
agnews#5c52d0a1/topic            0.0000
agnews#5c52d0a1/topic:ece        0.4581
agnews#5c67bb99/is_business      1.0000
agnews#5c67bb99/is_business:brier 0.2027
agnews#5c67bb99/is_business:ece  0.4502
agnews#5c67bb99/is_scitech       1.0000
agnews#5c67bb99/is_scitech:brier 0.0932
agnews#5c67bb99/is_scitech:ece   0.3052
agnews#5c67bb99/topic            0.0000
agnews#5c67bb99/topic:ece        0.3735
agnews#5de63a15/is_scitech       1.0000
agnews#5de63a15/is_scitech:brier 0.1329
agnews#5de63a15/is_scitech:ece   0.3646
agnews#5de63a15/is_sports        1.0000
agnews#5de63a15/is_sports:brier  0.0506
agnews#5de63a15/is_sports:ece    0.2248
agnews#5de63a15/topic            1.0000
agnews#5de63a15/topic:ece        0.2444
agnews#5e764759/is_scitech       1.0000
agnews#5e764759/is_scitech:brier 0.1167
agnews#5e764759/is_scitech:ece   0.3416
agnews#5e764759/is_world         0.0000
agnews#5e764759/is_world:brier   0.4363
agnews#5e764759/is_world:ece     0.6605
agnews#5e764759/topic            0.0000
agnews#5e764759/topic:ece        0.3064
agnews#6074b702/topic            0.0000
agnews#6074b702/topic:ece        0.4254
agnews#62073e99/is_scitech       0.0000
agnews#62073e99/is_scitech:brier 0.2541
agnews#62073e99/is_scitech:ece   0.5041
agnews#62073e99/is_sports        1.0000
agnews#62073e99/is_sports:brier  0.1423
agnews#62073e99/is_sports:ece    0.3772
agnews#62073e99/topic            1.0000
agnews#62073e99/topic:ece        0.5391
agnews#6871fe4b/is_business      0.0000
agnews#6871fe4b/is_business:brier 0.3837
agnews#6871fe4b/is_business:ece  0.6194
agnews#6871fe4b/is_world         1.0000
agnews#6871fe4b/is_world:brier   0.1302
agnews#6871fe4b/is_world:ece     0.3609
agnews#6871fe4b/topic            0.0000
agnews#6871fe4b/topic:ece        0.5474
agnews#69c94816/is_scitech       0.0000
agnews#69c94816/is_scitech:brier 0.2640
agnews#69c94816/is_scitech:ece   0.5138
agnews#69c94816/is_world         1.0000
agnews#69c94816/is_world:brier   0.1663
agnews#69c94816/is_world:ece     0.4078
agnews#69c94816/topic            1.0000
agnews#69c94816/topic:ece        0.1502
agnews#6ef964f3/is_scitech       1.0000
agnews#6ef964f3/is_scitech:brier 0.0684
agnews#6ef964f3/is_scitech:ece   0.2615
agnews#6ef964f3/is_world         1.0000
agnews#6ef964f3/is_world:brier   0.0378
agnews#6ef964f3/is_world:ece     0.1944
agnews#6ef964f3/topic            0.0000
agnews#6ef964f3/topic:ece        0.4489
agnews#6fb541fd/is_sports        1.0000
agnews#6fb541fd/is_sports:brier  0.0516
agnews#6fb541fd/is_sports:ece    0.2271
agnews#6fb541fd/is_world         1.0000
agnews#6fb541fd/is_world:brier   0.0659
agnews#6fb541fd/is_world:ece     0.2568
agnews#6fb541fd/topic            1.0000
agnews#6fb541fd/topic:ece        0.5942
agnews#7265edf1/is_business      0.0000
agnews#7265edf1/is_business:brier 0.2912
agnews#7265edf1/is_business:ece  0.5396
agnews#7265edf1/is_sports        1.0000
agnews#7265edf1/is_sports:brier  0.1023
agnews#7265edf1/is_sports:ece    0.3199
agnews#7265edf1/topic            1.0000
agnews#7265edf1/topic:ece        0.6807
agnews#73a5777a/is_business      1.0000
agnews#73a5777a/is_business:brier 0.0771
agnews#73a5777a/is_business:ece  0.2776
agnews#73a5777a/is_world         1.0000
agnews#73a5777a/is_world:brier   0.0366
agnews#73a5777a/is_world:ece     0.1912
agnews#73a5777a/topic            1.0000
agnews#73a5777a/topic:ece        0.1145
agnews#763c225e/is_sports        1.0000
agnews#763c225e/is_sports:brier  0.0919
agnews#763c225e/is_sports:ece    0.3032
agnews#763c225e/is_world         1.0000
agnews#763c225e/is_world:brier   0.1035
agnews#763c225e/is_world:ece     0.3217
agnews#763c225e/topic            1.0000
agnews#763c225e/topic:ece        0.6051
agnews#77784705/is_business      1.0000
agnews#77784705/is_business:brier 0.0709
agnews#77784705/is_business:ece  0.2663
agnews#77784705/is_sports        0.0000
agnews#77784705/is_sports:brier  0.2594
agnews#77784705/is_sports:ece    0.5093
agnews#77784705/topic            0.0000
agnews#77784705/topic:ece        0.3926
agnews#7d99fbd3/is_business      1.0000
agnews#7d99fbd3/is_business:brier 0.1088
agnews#7d99fbd3/is_business:ece  0.3299
agnews#7d99fbd3/is_scitech       1.0000
agnews#7d99fbd3/is_scitech:brier 0.0486
agnews#7d99fbd3/is_scitech:ece   0.2205
agnews#7d99fbd3/topic            1.0000
agnews#7d99fbd3/topic:ece        0.1722
agnews#82e42bd1/is_scitech       1.0000
agnews#82e42bd1/is_scitech:brier 0.2386
agnews#82e42bd1/is_scitech:ece   0.4885
agnews#82e42bd1/is_world         0.0000
agnews#82e42bd1/is_world:brier   0.2893
agnews#82e42bd1/is_world:ece     0.5379
agnews#82e42bd1/topic            0.0000
agnews#82e42bd1/topic:ece        0.3963
agnews#8418dcbc/is_scitech       1.0000
agnews#8418dcbc/is_scitech:brier 0.1784
agnews#8418dcbc/is_scitech:ece   0.4224
agnews#8418dcbc/is_sports        1.0000
agnews#8418dcbc/is_sports:brier  0.1644
agnews#8418dcbc/is_sports:ece    0.4055
agnews#8418dcbc/topic            0.0000
agnews#8418dcbc/topic:ece        0.3222
agnews#8950dfa8/is_scitech       1.0000
agnews#8950dfa8/is_scitech:brier 0.1301
agnews#8950dfa8/is_scitech:ece   0.3607
agnews#8950dfa8/is_world         0.0000
agnews#8950dfa8/is_world:brier   0.4019
agnews#8950dfa8/is_world:ece     0.6340
agnews#8950dfa8/topic            0.0000
agnews#8950dfa8/topic:ece        0.6983
agnews#8d729d23/topic            0.0000
agnews#8d729d23/topic:ece        0.2419
agnews#8d899a94/is_business      1.0000
agnews#8d899a94/is_business:brier 0.2249
agnews#8d899a94/is_business:ece  0.4743
agnews#8d899a94/is_sports        1.0000
agnews#8d899a94/is_sports:brier  0.0686
agnews#8d899a94/is_sports:ece    0.2620
agnews#8d899a94/topic            1.0000
agnews#8d899a94/topic:ece        0.5786
agnews#8d923ea6/is_business      1.0000
agnews#8d923ea6/is_business:brier 0.1517
agnews#8d923ea6/is_business:ece  0.3894
agnews#8d923ea6/is_scitech       0.0000
agnews#8d923ea6/is_scitech:brier 0.7337
agnews#8d923ea6/is_scitech:ece   0.8566
agnews#8d923ea6/topic            0.0000
agnews#8d923ea6/topic:ece        0.7212
agnews#8eab5c58/is_business      1.0000
agnews#8eab5c58/is_business:brier 0.2078
agnews#8eab5c58/is_business:ece  0.4559
agnews#8eab5c58/is_scitech       1.0000
agnews#8eab5c58/is_scitech:brier 0.0438
agnews#8eab5c58/is_scitech:ece   0.2092
agnews#8eab5c58/topic            0.0000
agnews#8eab5c58/topic:ece        0.3327
agnews#91298eb9/is_business      0.0000
agnews#91298eb9/is_business:brier 0.4118
agnews#91298eb9/is_business:ece  0.6417
agnews#91298eb9/is_world         1.0000
agnews#91298eb9/is_world:brier   0.1081
agnews#91298eb9/is_world:ece     0.3288
agnews#91298eb9/topic            0.0000
agnews#91298eb9/topic:ece        0.4285
agnews#93d10b4c/is_scitech       1.0000
agnews#93d10b4c/is_scitech:brier 0.2239
agnews#93d10b4c/is_scitech:ece   0.4732
agnews#93d10b4c/is_world         1.0000
agnews#93d10b4c/is_world:brier   0.2483
agnews#93d10b4c/is_world:ece     0.4983
agnews#93d10b4c/topic            1.0000
agnews#93d10b4c/topic:ece        0.5825
agnews#93ef07e2/is_sports        0.0000
agnews#93ef07e2/is_sports:brier  0.3119
agnews#93ef07e2/is_sports:ece    0.5585
agnews#93ef07e2/is_world         1.0000
agnews#93ef07e2/is_world:brier   0.1723
agnews#93ef07e2/is_world:ece     0.4151
agnews#93ef07e2/topic            0.0000
agnews#93ef07e2/topic:ece        0.3068
agnews#946925c6/is_sports        0.0000
agnews#946925c6/is_sports:brier  0.2647
agnews#946925c6/is_sports:ece    0.5144
agnews#946925c6/is_world         1.0000
agnews#946925c6/is_world:brier   0.2255
agnews#946925c6/is_world:ece     0.4748
agnews#946925c6/topic            1.0000
agnews#946925c6/topic:ece        0.6259
agnews#963aaf05/is_scitech       0.0000
agnews#963aaf05/is_scitech:brier 0.5596
agnews#963aaf05/is_scitech:ece   0.7481
agnews#963aaf05/is_world         1.0000
agnews#963aaf05/is_world:brier   0.0268
agnews#963aaf05/is_world:ece     0.1637
agnews#963aaf05/topic            0.0000
agnews#963aaf05/topic:ece        0.5303
agnews#966f132b/is_business      0.0000
agnews#966f132b/is_business:brier 0.4440
agnews#966f132b/is_business:ece  0.6664
agnews#966f132b/is_sports        1.0000
agnews#966f132b/is_sports:brier  0.1005
agnews#966f132b/is_sports:ece    0.3171
agnews#966f132b/topic            0.0000
agnews#966f132b/topic:ece        0.3678
agnews#9799c90f/topic            0.0000
agnews#9799c90f/topic:ece        0.8330
agnews#980b6065/is_scitech       0.0000
agnews#980b6065/is_scitech:brier 0.3351
agnews#980b6065/is_scitech:ece   0.5789
agnews#980b6065/is_sports        1.0000
agnews#980b6065/is_sports:brier  0.1412
agnews#980b6065/is_sports:ece    0.3757
agnews#980b6065/topic            0.0000
agnews#980b6065/topic:ece        0.2971
agnews#9b435c17/is_scitech       1.0000
agnews#9b435c17/is_scitech:brier 0.0581
agnews#9b435c17/is_scitech:ece   0.2410
agnews#9b435c17/is_sports        1.0000
agnews#9b435c17/is_sports:brier  0.0313
agnews#9b435c17/is_sports:ece    0.1770
agnews#9b435c17/topic            1.0000
agnews#9b435c17/topic:ece        0.6454
agnews#9cb1b91b/is_business      1.0000
agnews#9cb1b91b/is_business:brier 0.1350
agnews#9cb1b91b/is_business:ece  0.3674
agnews#9cb1b91b/is_sports        1.0000
agnews#9cb1b91b/is_sports:brier  0.0947
agnews#9cb1b91b/is_sports:ece    0.3077
agnews#9cb1b91b/topic            1.0000
agnews#9cb1b91b/topic:ece        0.6517
agnews#9da70130/topic            0.0000
agnews#9da70130/topic:ece        0.2719
agnews#a05acb8d/topic            0.0000
agnews#a05acb8d/topic:ece        0.3737
agnews#a2869c30/topic            0.0000
agnews#a2869c30/topic:ece        0.3307
agnews#a458bdb7/is_scitech       0.0000
agnews#a458bdb7/is_scitech:brier 0.4429
agnews#a458bdb7/is_scitech:ece   0.6655
agnews#a458bdb7/is_world         1.0000
agnews#a458bdb7/is_world:brier   0.0997
agnews#a458bdb7/is_world:ece     0.3158
agnews#a458bdb7/topic            0.0000
agnews#a458bdb7/topic:ece        0.3755
agnews#a7a4d44f/is_scitech       1.0000
agnews#a7a4d44f/is_scitech:brier 0.2386
agnews#a7a4d44f/is_scitech:ece   0.4885
agnews#a7a4d44f/is_world         0.0000
agnews#a7a4d44f/is_world:brier   0.2893
agnews#a7a4d44f/is_world:ece     0.5379
agnews#a7a4d44f/topic            0.0000
agnews#a7a4d44f/topic:ece        0.5342
agnews#a7f8fe8f/is_business      1.0000
agnews#a7f8fe8f/is_business:brier 0.0349
agnews#a7f8fe8f/is_business:ece  0.1867
agnews#a7f8fe8f/is_world         1.0000
agnews#a7f8fe8f/is_world:brier   0.1424
agnews#a7f8fe8f/is_world:ece     0.3774
agnews#a7f8fe8f/topic            1.0000
agnews#a7f8fe8f/topic:ece        0.1190
agnews#a84cbcda/is_business      1.0000
agnews#a84cbcda/is_business:brier 0.2044
agnews#a84cbcda/is_business:ece  0.4521
agnews#a84cbcda/is_scitech       0.0000
agnews#a84cbcda/is_scitech:brier 0.4112
agnews#a84cbcda/is_scitech:ece   0.6412
agnews#a84cbcda/topic            1.0000
agnews#a84cbcda/topic:ece        0.5820
agnews#a85d65d5/topic            0.0000
agnews#a85d65d5/topic:ece        0.2832
agnews#a9e818e9/is_scitech       0.0000
agnews#a9e818e9/is_scitech:brier 0.3284
agnews#a9e818e9/is_scitech:ece   0.5731
agnews#a9e818e9/is_world         1.0000
agnews#a9e818e9/is_world:brier   0.1554
agnews#a9e818e9/is_world:ece     0.3942
agnews#a9e818e9/topic            0.0000
agnews#a9e818e9/topic:ece        0.6740
agnews#ac6fde13/is_scitech       1.0000
agnews#ac6fde13/is_scitech:brier 0.1466
agnews#ac6fde13/is_scitech:ece   0.3828
agnews#ac6fde13/is_world         0.0000
agnews#ac6fde13/is_world:brier   0.3398
agnews#ac6fde13/is_world:ece     0.5829
agnews#ac6fde13/topic            0.0000
agnews#ac6fde13/topic:ece        0.4262
agnews#ad237cd9/is_scitech       0.0000
agnews#ad237cd9/is_scitech:brier 0.4997
agnews#ad237cd9/is_scitech:ece   0.7069
agnews#ad237cd9/is_world         1.0000
agnews#ad237cd9/is_world:brier   0.0909
agnews#ad237cd9/is_world:ece     0.3015
agnews#ad237cd9/topic            0.0000
agnews#ad237cd9/topic:ece        0.3541
agnews#adb852ac/topic            0.0000
agnews#adb852ac/topic:ece        0.3721
agnews#aee7b51a/is_sports        1.0000
agnews#aee7b51a/is_sports:brier  0.0186
agnews#aee7b51a/is_sports:ece    0.1362
agnews#aee7b51a/is_world         1.0000
agnews#aee7b51a/is_world:brier   0.0284
agnews#aee7b51a/is_world:ece     0.1685
agnews#aee7b51a/topic            1.0000
agnews#aee7b51a/topic:ece        0.0972
agnews#b19664e8/is_scitech       1.0000
agnews#b19664e8/is_scitech:brier 0.0581
agnews#b19664e8/is_scitech:ece   0.2410
agnews#b19664e8/is_sports        1.0000
agnews#b19664e8/is_sports:brier  0.0313
agnews#b19664e8/is_sports:ece    0.1770
agnews#b19664e8/topic            1.0000
agnews#b19664e8/topic:ece        0.6733
agnews#b4fc4e9d/topic            0.0000
agnews#b4fc4e9d/topic:ece        0.3530
agnews#b737ab5b/is_business      1.0000
agnews#b737ab5b/is_business:brier 0.1011
agnews#b737ab5b/is_business:ece  0.3180
agnews#b737ab5b/is_scitech       0.0000
agnews#b737ab5b/is_scitech:brier 0.3058
agnews#b737ab5b/is_scitech:ece   0.5530
agnews#b737ab5b/topic            0.0000
agnews#b737ab5b/topic:ece        0.3867
agnews#b7b21505/topic            1.0000
agnews#b7b21505/topic:ece        0.6596
agnews#b8d8fcae/is_business      0.0000
agnews#b8d8fcae/is_business:brier 0.2651
agnews#b8d8fcae/is_business:ece  0.5148
agnews#b8d8fcae/is_sports        1.0000
agnews#b8d8fcae/is_sports:brier  0.1361
agnews#b8d8fcae/is_sports:ece    0.3690
agnews#b8d8fcae/topic            1.0000
agnews#b8d8fcae/topic:ece        0.6332
agnews#c12a6988/topic            1.0000
agnews#c12a6988/topic:ece        0.6756
agnews#c3044452/is_sports        1.0000
agnews#c3044452/is_sports:brier  0.1058
agnews#c3044452/is_sports:ece    0.3252
agnews#c3044452/is_world         1.0000
agnews#c3044452/is_world:brier   0.1194
agnews#c3044452/is_world:ece     0.3455
agnews#c3044452/topic            1.0000
agnews#c3044452/topic:ece        0.7141
agnews#c658e354/topic            0.0000
agnews#c658e354/topic:ece        0.8474
agnews#c9ca9c51/is_sports        0.0000
agnews#c9ca9c51/is_sports:brier  0.4069
agnews#c9ca9c51/is_sports:ece    0.6379
agnews#c9ca9c51/is_world         1.0000
agnews#c9ca9c51/is_world:brier   0.1401
agnews#c9ca9c51/is_world:ece     0.3743
agnews#c9ca9c51/topic            0.0000
agnews#c9ca9c51/topic:ece        0.4690
agnews#d0a55545/topic            0.0000
agnews#d0a55545/topic:ece        0.5536
agnews#d12cc7e5/is_business      1.0000
agnews#d12cc7e5/is_business:brier 0.1099
agnews#d12cc7e5/is_business:ece  0.3315
agnews#d12cc7e5/is_world         0.0000
agnews#d12cc7e5/is_world:brier   0.3860
agnews#d12cc7e5/is_world:ece     0.6213
agnews#d12cc7e5/topic            1.0000
agnews#d12cc7e5/topic:ece        0.6201
agnews#d2aa5bf3/is_business      0.0000
agnews#d2aa5bf3/is_business:brier 0.4118
agnews#d2aa5bf3/is_business:ece  0.6417
agnews#d2aa5bf3/is_world         1.0000
agnews#d2aa5bf3/is_world:brier   0.1081
agnews#d2aa5bf3/is_world:ece     0.3288
agnews#d2aa5bf3/topic            0.0000
agnews#d2aa5bf3/topic:ece        0.3392
agnews#d575dba9/is_scitech       1.0000
agnews#d575dba9/is_scitech:brier 0.1301
agnews#d575dba9/is_scitech:ece   0.3607
agnews#d575dba9/is_world         0.0000
agnews#d575dba9/is_world:brier   0.4019
agnews#d575dba9/is_world:ece     0.6340
agnews#d575dba9/topic            0.0000
agnews#d575dba9/topic:ece        0.4085
agnews#d75420e4/is_business      1.0000
agnews#d75420e4/is_business:brier 0.0572
agnews#d75420e4/is_business:ece  0.2392
agnews#d75420e4/is_scitech       0.0000
agnews#d75420e4/is_scitech:brier 0.4136
agnews#d75420e4/is_scitech:ece   0.6431
agnews#d75420e4/topic            0.0000
agnews#d75420e4/topic:ece        0.3326
agnews#d7cbec63/is_business      0.0000
agnews#d7cbec63/is_business:brier 0.4173
agnews#d7cbec63/is_business:ece  0.6460
agnews#d7cbec63/is_sports        1.0000
agnews#d7cbec63/is_sports:brier  0.0992
agnews#d7cbec63/is_sports:ece    0.3150
agnews#d7cbec63/topic            0.0000
agnews#d7cbec63/topic:ece        0.3418
agnews#d836d6d1/is_sports        1.0000
agnews#d836d6d1/is_sports:brier  0.0470
agnews#d836d6d1/is_sports:ece    0.2169
agnews#d836d6d1/is_world         1.0000
agnews#d836d6d1/is_world:brier   0.0669
agnews#d836d6d1/is_world:ece     0.2586
agnews#d836d6d1/topic            1.0000
agnews#d836d6d1/topic:ece        0.6456
agnews#d844a364/topic            1.0000
agnews#d844a364/topic:ece        0.5513
agnews#da647556/topic            0.0000
agnews#da647556/topic:ece        0.2972
agnews#db8eeff0/is_business      1.0000
agnews#db8eeff0/is_business:brier 0.0459
agnews#db8eeff0/is_business:ece  0.2143
agnews#db8eeff0/is_sports        0.0000
agnews#db8eeff0/is_sports:brier  0.3662
agnews#db8eeff0/is_sports:ece    0.6052
agnews#db8eeff0/topic            1.0000
agnews#db8eeff0/topic:ece        0.4808
agnews#dbd66a87/is_scitech       1.0000
agnews#dbd66a87/is_scitech:brier 0.1167
agnews#dbd66a87/is_scitech:ece   0.3416
agnews#dbd66a87/is_world         0.0000
agnews#dbd66a87/is_world:brier   0.4363
agnews#dbd66a87/is_world:ece     0.6605
agnews#dbd66a87/topic            0.0000
agnews#dbd66a87/topic:ece        0.2965
agnews#dd67738d/topic            0.0000
agnews#dd67738d/topic:ece        0.5987
agnews#e1b7d9b9/is_business      0.0000
agnews#e1b7d9b9/is_business:brier 0.2651
agnews#e1b7d9b9/is_business:ece  0.5148
agnews#e1b7d9b9/is_sports        1.0000
agnews#e1b7d9b9/is_sports:brier  0.1361
agnews#e1b7d9b9/is_sports:ece    0.3690
agnews#e1b7d9b9/topic            0.0000
agnews#e1b7d9b9/topic:ece        0.3132
agnews#e20d95bb/is_business      1.0000
agnews#e20d95bb/is_business:brier 0.1495
agnews#e20d95bb/is_business:ece  0.3866
agnews#e20d95bb/is_sports        0.0000
agnews#e20d95bb/is_sports:brier  0.3515
agnews#e20d95bb/is_sports:ece    0.5929
agnews#e20d95bb/topic            0.0000
agnews#e20d95bb/topic:ece        0.4183
agnews#e4ee9b7b/is_business      0.0000
agnews#e4ee9b7b/is_business:brier 0.4185
agnews#e4ee9b7b/is_business:ece  0.6470
agnews#e4ee9b7b/is_sports        1.0000
agnews#e4ee9b7b/is_sports:brier  0.0817
agnews#e4ee9b7b/is_sports:ece    0.2858
agnews#e4ee9b7b/topic            0.0000
agnews#e4ee9b7b/topic:ece        0.4743
agnews#e553446f/is_business      0.0000
agnews#e553446f/is_business:brier 0.3829
agnews#e553446f/is_business:ece  0.6188
agnews#e553446f/is_world         1.0000
agnews#e553446f/is_world:brier   0.0833
agnews#e553446f/is_world:ece     0.2886
agnews#e553446f/topic            1.0000
agnews#e553446f/topic:ece        0.6032
agnews#e75398df/is_business      0.0000
agnews#e75398df/is_business:brier 0.4673
agnews#e75398df/is_business:ece  0.6836
agnews#e75398df/is_scitech       1.0000
agnews#e75398df/is_scitech:brier 0.1093
agnews#e75398df/is_scitech:ece   0.3305
agnews#e75398df/topic            0.0000
agnews#e75398df/topic:ece        0.6809
agnews#e8ab6f07/is_sports        0.5000
agnews#e8ab6f07/is_sports:brier  0.3175
agnews#e8ab6f07/is_sports:ece    0.0615
agnews#e8ab6f07/is_world         0.5000
agnews#e8ab6f07/is_world:brier   0.2283
agnews#e8ab6f07/is_world:ece     0.0977
agnews#e8ab6f07/topic            0.5000
agnews#e8ab6f07/topic:ece        0.1046
agnews#ebc16bec/is_scitech       1.0000
agnews#ebc16bec/is_scitech:brier 0.1523
agnews#ebc16bec/is_scitech:ece   0.3903
agnews#ebc16bec/is_world         1.0000
agnews#ebc16bec/is_world:brier   0.1490
agnews#ebc16bec/is_world:ece     0.3861
agnews#ebc16bec/topic            1.0000
agnews#ebc16bec/topic:ece        0.6532
agnews#f71e4d32/topic            1.0000
agnews#f71e4d32/topic:ece        0.5709
agnews#f9780697/is_sports        1.0000
agnews#f9780697/is_sports:brier  0.1755
agnews#f9780697/is_sports:ece    0.4189
agnews#f9780697/is_world         1.0000
agnews#f9780697/is_world:brier   0.2128
agnews#f9780697/is_world:ece     0.4613
agnews#f9780697/topic            0.0000
agnews#f9780697/topic:ece        0.3624
agnews#faf2b6d7/is_scitech       0.0000
agnews#faf2b6d7/is_scitech:brier 0.5229
agnews#faf2b6d7/is_scitech:ece   0.7231
agnews#faf2b6d7/is_sports        1.0000
agnews#faf2b6d7/is_sports:brier  0.0297
agnews#faf2b6d7/is_sports:ece    0.1723
agnews#faf2b6d7/topic            0.0000
agnews#faf2b6d7/topic:ece        0.6183
agnews#fdbcea81/is_sports        1.0000
agnews#fdbcea81/is_sports:brier  0.1648
agnews#fdbcea81/is_sports:ece    0.4060
agnews#fdbcea81/is_world         1.0000
agnews#fdbcea81/is_world:brier   0.1610
agnews#fdbcea81/is_world:ece     0.4012
agnews#fdbcea81/topic            0.0000
agnews#fdbcea81/topic:ece        0.3547
agnews#ff260585/is_scitech       1.0000
agnews#ff260585/is_scitech:brier 0.1744
agnews#ff260585/is_scitech:ece   0.4176
agnews#ff260585/is_sports        1.0000
agnews#ff260585/is_sports:brier  0.1128
agnews#ff260585/is_sports:ece    0.3358
agnews#ff260585/topic            0.0000
agnews#ff260585/topic:ece        0.4639
agnews#ff76fdfd/topic            1.0000
agnews#ff76fdfd/topic:ece        0.4575
amazon#f0181fef/stars            0.3500
amazon#f0181fef/stars:ece        0.0380
banking77#000d3ca1/intent        0.0000
banking77#000d3ca1/intent:ece    0.0942
banking77#02eb72bd/intent        0.0000
banking77#02eb72bd/intent:ece    0.0235
banking77#05cc1bb0/intent        0.0000
banking77#05cc1bb0/intent:ece    0.0167
banking77#0a5d691d/intent        0.0000
banking77#0a5d691d/intent:ece    0.0786
banking77#0a97ce2e/intent        0.0000
banking77#0a97ce2e/intent:ece    0.0163
banking77#0ac7fc57/intent        0.0000
banking77#0ac7fc57/intent:ece    0.0224
banking77#0bd7e5b8/intent        0.0000
banking77#0bd7e5b8/intent:ece    0.0353
banking77#0c5dc206/intent        0.0000
banking77#0c5dc206/intent:ece    0.0284
banking77#0c8e3569/intent        0.0000
banking77#0c8e3569/intent:ece    0.0193
banking77#0fffc40b/intent        0.0000
banking77#0fffc40b/intent:ece    0.0969
banking77#1176c9ce/intent        0.0000
banking77#1176c9ce/intent:ece    0.0183
banking77#146468b6/intent        0.0000
banking77#146468b6/intent:ece    0.0233
banking77#1486c01f/intent        0.0000
banking77#1486c01f/intent:ece    0.0484
banking77#1a1be3c7/intent        0.0000
banking77#1a1be3c7/intent:ece    0.0533
banking77#1a3a9ca6/intent        0.0000
banking77#1a3a9ca6/intent:ece    0.0159
banking77#1ab68a63/intent        0.0000
banking77#1ab68a63/intent:ece    0.0703
banking77#201a4602/intent        0.0000
banking77#201a4602/intent:ece    0.0337
banking77#2164cfa4/intent        0.0000
banking77#2164cfa4/intent:ece    0.0173
banking77#22a26bc2/intent        0.0000
banking77#22a26bc2/intent:ece    0.0268
banking77#249bf3de/intent        0.0000
banking77#249bf3de/intent:ece    0.0276
banking77#267202d0/intent        0.0000
banking77#267202d0/intent:ece    0.0266
banking77#269d229c/intent        0.0000
banking77#269d229c/intent:ece    0.0200
banking77#2a9bca88/intent        0.0000
banking77#2a9bca88/intent:ece    0.0162
banking77#33b0bf14/intent        0.0000
banking77#33b0bf14/intent:ece    0.0175
banking77#34ab7262/intent        0.0000
banking77#34ab7262/intent:ece    0.0187
banking77#37261a48/intent        0.0000
banking77#37261a48/intent:ece    0.0356
banking77#389b6db3/intent        0.0000
banking77#389b6db3/intent:ece    0.0310
banking77#3b9e3663/intent        0.0000
banking77#3b9e3663/intent:ece    0.0156
banking77#3ebccfa0/intent        0.0000
banking77#3ebccfa0/intent:ece    0.0214
banking77#40061735/intent        0.0000
banking77#40061735/intent:ece    0.0192
banking77#4327eddb/intent        0.0000
banking77#4327eddb/intent:ece    0.0154
banking77#472c5bfb/intent        0.0000
banking77#472c5bfb/intent:ece    0.0190
banking77#48f3978d/intent        0.0000
banking77#48f3978d/intent:ece    0.0606
banking77#493c9fcd/intent        0.0000
banking77#493c9fcd/intent:ece    0.0191
banking77#4a8a65b3/intent        0.0000
banking77#4a8a65b3/intent:ece    0.0247
banking77#4bab40a4/intent        1.0000
banking77#4bab40a4/intent:ece    0.9834
banking77#4db08787/intent        0.0000
banking77#4db08787/intent:ece    0.0276
banking77#4f61e44e/intent        0.0000
banking77#4f61e44e/intent:ece    0.0256
banking77#51c22057/intent        0.0000
banking77#51c22057/intent:ece    0.0215
banking77#53eb38d7/intent        0.0000
banking77#53eb38d7/intent:ece    0.0255
banking77#548f5025/intent        0.0000
banking77#548f5025/intent:ece    0.0599
banking77#54b53bfe/intent        0.0000
banking77#54b53bfe/intent:ece    0.0194
banking77#5aed3909/intent        0.0000
banking77#5aed3909/intent:ece    0.0376
banking77#5c8ae03b/intent        0.0000
banking77#5c8ae03b/intent:ece    0.0222
banking77#5fdae191/intent        0.0000
banking77#5fdae191/intent:ece    0.0190
banking77#61afacac/intent        0.0000
banking77#61afacac/intent:ece    0.0355
banking77#61d6e03f/intent        0.0000
banking77#61d6e03f/intent:ece    0.0228
banking77#64286d64/intent        0.0000
banking77#64286d64/intent:ece    0.0163
banking77#6494d6c3/intent        0.0000
banking77#6494d6c3/intent:ece    0.0592
banking77#6c7d1bef/intent        0.0000
banking77#6c7d1bef/intent:ece    0.0277
banking77#6d6da32e/intent        0.0000
banking77#6d6da32e/intent:ece    0.0524
banking77#6d7ce6e5/intent        0.0000
banking77#6d7ce6e5/intent:ece    0.0189
banking77#6d87b9d9/intent        0.0000
banking77#6d87b9d9/intent:ece    0.0171
banking77#6df78297/intent        0.0000
banking77#6df78297/intent:ece    0.0408
banking77#6f283a68/intent        0.0000
banking77#6f283a68/intent:ece    0.0166
banking77#702466f7/intent        0.0000
banking77#702466f7/intent:ece    0.0234
banking77#7060440a/intent        0.0000
banking77#7060440a/intent:ece    0.0224
banking77#73949543/intent        0.0000
banking77#73949543/intent:ece    0.0168
banking77#73de59c9/intent        1.0000
banking77#73de59c9/intent:ece    0.9786
banking77#741bc21c/intent        0.0000
banking77#741bc21c/intent:ece    0.0186
banking77#74750a95/intent        0.0000
banking77#74750a95/intent:ece    0.0565
banking77#75081fda/intent        0.0000
banking77#75081fda/intent:ece    0.0160
banking77#7524ecbd/intent        0.0000
banking77#7524ecbd/intent:ece    0.0197
banking77#762c152c/intent        0.0000
banking77#762c152c/intent:ece    0.1038
banking77#76591519/intent        0.0000
banking77#76591519/intent:ece    0.0234
banking77#7bc07145/intent        0.0000
banking77#7bc07145/intent:ece    0.0182
banking77#7ddc446f/intent        0.0000
banking77#7ddc446f/intent:ece    0.0543
banking77#7e25e5cf/intent        0.0000
banking77#7e25e5cf/intent:ece    0.0332
banking77#7ea6877a/intent        0.0000
banking77#7ea6877a/intent:ece    0.0161
banking77#80da6e2e/intent        0.0000
banking77#80da6e2e/intent:ece    0.0180
banking77#850b4f0e/intent        0.0000
banking77#850b4f0e/intent:ece    0.0234
banking77#85970b3a/intent        0.0000
banking77#85970b3a/intent:ece    0.0227
banking77#85f83235/intent        0.0000
banking77#85f83235/intent:ece    0.0577
banking77#8959c7da/intent        0.0000
banking77#8959c7da/intent:ece    0.0180
banking77#8e0bfb97/intent        0.0000
banking77#8e0bfb97/intent:ece    0.0199
banking77#8e4f39fa/intent        0.0000
banking77#8e4f39fa/intent:ece    0.0302
banking77#8fe494df/intent        0.0000
banking77#8fe494df/intent:ece    0.0161
banking77#95149d29/intent        0.0000
banking77#95149d29/intent:ece    0.0377
banking77#95b0c263/intent        0.0000
banking77#95b0c263/intent:ece    0.0295
banking77#9a779daf/intent        0.0000
banking77#9a779daf/intent:ece    0.0520
banking77#9cb712f1/intent        0.0000
banking77#9cb712f1/intent:ece    0.1028
banking77#9ce3cd58/intent        0.0000
banking77#9ce3cd58/intent:ece    0.0261
banking77#9f5d2478/intent        0.0000
banking77#9f5d2478/intent:ece    0.0222
banking77#a37db7e3/intent        0.0000
banking77#a37db7e3/intent:ece    0.0217
banking77#a626ccb5/intent        0.0000
banking77#a626ccb5/intent:ece    0.0243
banking77#a7f24082/intent        0.0000
banking77#a7f24082/intent:ece    0.0171
banking77#ab693c61/intent        0.0000
banking77#ab693c61/intent:ece    0.0151
banking77#ae5eadd5/intent        0.0000
banking77#ae5eadd5/intent:ece    0.0428
banking77#b3136a2c/intent        0.0000
banking77#b3136a2c/intent:ece    0.0164
banking77#b37075ca/intent        0.0000
banking77#b37075ca/intent:ece    0.0164
banking77#b4eecb36/intent        0.0000
banking77#b4eecb36/intent:ece    0.0540
banking77#b66dc030/intent        0.0000
banking77#b66dc030/intent:ece    0.0309
banking77#bd40f568/intent        0.0000
banking77#bd40f568/intent:ece    0.0154
banking77#cc9e441e/intent        0.0000
banking77#cc9e441e/intent:ece    0.0293
banking77#ceb85ed6/intent        1.0000
banking77#ceb85ed6/intent:ece    0.9795
banking77#d37e5bb6/intent        0.0000
banking77#d37e5bb6/intent:ece    0.0197
banking77#d9a1a285/intent        0.0000
banking77#d9a1a285/intent:ece    0.0584
banking77#decd0cde/intent        0.0000
banking77#decd0cde/intent:ece    0.0151
banking77#dfaf4f95/intent        0.0000
banking77#dfaf4f95/intent:ece    0.0286
banking77#e209bf26/intent        0.0000
banking77#e209bf26/intent:ece    0.0184
banking77#e24a692e/intent        0.0000
banking77#e24a692e/intent:ece    0.0861
banking77#e2b278b0/intent        0.0000
banking77#e2b278b0/intent:ece    0.0158
banking77#e337ae8d/intent        0.0000
banking77#e337ae8d/intent:ece    0.0379
banking77#e5067cdf/intent        0.0000
banking77#e5067cdf/intent:ece    0.1008
banking77#e8d841a7/intent        0.0000
banking77#e8d841a7/intent:ece    0.0181
banking77#e95388eb/intent        0.0000
banking77#e95388eb/intent:ece    0.0233
banking77#ed1f1e3c/intent        0.0000
banking77#ed1f1e3c/intent:ece    0.0314
banking77#edfb26ab/intent        0.0000
banking77#edfb26ab/intent:ece    0.0190
banking77#ee2374aa/intent        0.0000
banking77#ee2374aa/intent:ece    0.0176
banking77#eec4bba8/intent        0.0000
banking77#eec4bba8/intent:ece    0.0346
banking77#f93dbdb7/intent        0.0000
banking77#f93dbdb7/intent:ece    0.0155
banking77#f95a584c/intent        0.0000
banking77#f95a584c/intent:ece    0.0918
banking77#fb1bd25f/intent        0.0000
banking77#fb1bd25f/intent:ece    0.0583
banking77#fb3af03c/intent        0.0000
banking77#fb3af03c/intent:ece    0.0174
banking77#fdaa84b7/intent        0.0000
banking77#fdaa84b7/intent:ece    0.0359
banking77#ff7e0105/intent        0.0000
banking77#ff7e0105/intent:ece    0.0197
boolq#03ae89ea/answer            1.0000
boolq#03ae89ea/answer:brier      0.1456
boolq#03ae89ea/answer:ece        0.3816
boolq#058f5883/answer            1.0000
boolq#058f5883/answer:brier      0.1021
boolq#058f5883/answer:ece        0.3196
boolq#086d0ed2/answer            1.0000
boolq#086d0ed2/answer:brier      0.2036
boolq#086d0ed2/answer:ece        0.4512
boolq#09bfacef/answer            0.0000
boolq#09bfacef/answer:brier      0.2877
boolq#09bfacef/answer:ece        0.5364
boolq#0d5dc5e1/answer            1.0000
boolq#0d5dc5e1/answer:brier      0.1262
boolq#0d5dc5e1/answer:ece        0.3553
boolq#0ec0dc36/answer            1.0000
boolq#0ec0dc36/answer:brier      0.1830
boolq#0ec0dc36/answer:ece        0.4278
boolq#11146131/answer            1.0000
boolq#11146131/answer:brier      0.2243
boolq#11146131/answer:ece        0.4736
boolq#11dd6dbf/answer            1.0000
boolq#11dd6dbf/answer:brier      0.1902
boolq#11dd6dbf/answer:ece        0.4362
boolq#14915a38/answer            1.0000
boolq#14915a38/answer:brier      0.0841
boolq#14915a38/answer:ece        0.2900
boolq#1621fdff/answer            0.0000
boolq#1621fdff/answer:brier      0.2772
boolq#1621fdff/answer:ece        0.5265
boolq#1c20d2c0/answer            1.0000
boolq#1c20d2c0/answer:brier      0.2351
boolq#1c20d2c0/answer:ece        0.4849
boolq#1c7f6b31/answer            0.0000
boolq#1c7f6b31/answer:brier      0.2864
boolq#1c7f6b31/answer:ece        0.5352
boolq#231ec600/answer            1.0000
boolq#231ec600/answer:brier      0.1998
boolq#231ec600/answer:ece        0.4470
boolq#23a4c983/answer            0.0000
boolq#23a4c983/answer:brier      0.3665
boolq#23a4c983/answer:ece        0.6054
boolq#25008945/answer            1.0000
boolq#25008945/answer:brier      0.1696
boolq#25008945/answer:ece        0.4119
boolq#2586c1af/answer            0.0000
boolq#2586c1af/answer:brier      0.6129
boolq#2586c1af/answer:ece        0.7829
boolq#28a17942/answer            0.0000
boolq#28a17942/answer:brier      0.3683
boolq#28a17942/answer:ece        0.6069
boolq#2b3db8b8/answer            1.0000
boolq#2b3db8b8/answer:brier      0.0318
boolq#2b3db8b8/answer:ece        0.1782
boolq#2fa46482/answer            1.0000
boolq#2fa46482/answer:brier      0.2071
boolq#2fa46482/answer:ece        0.4551
boolq#35914593/answer            1.0000
boolq#35914593/answer:brier      0.0088
boolq#35914593/answer:ece        0.0941
boolq#3870e34f/answer            0.0000
boolq#3870e34f/answer:brier      0.3845
boolq#3870e34f/answer:ece        0.6201
boolq#38bce7a9/answer            0.0000
boolq#38bce7a9/answer:brier      0.3630
boolq#38bce7a9/answer:ece        0.6025
boolq#3dae8cb6/answer            0.0000
boolq#3dae8cb6/answer:brier      0.3432
boolq#3dae8cb6/answer:ece        0.5858
boolq#4398e704/answer            0.0000
boolq#4398e704/answer:brier      0.4188
boolq#4398e704/answer:ece        0.6471
boolq#447fab02/answer            0.0000
boolq#447fab02/answer:brier      0.3824
boolq#447fab02/answer:ece        0.6184
boolq#4643d43a/answer            0.0000
boolq#4643d43a/answer:brier      0.4030
boolq#4643d43a/answer:ece        0.6348
boolq#4a6e292e/answer            0.0000
boolq#4a6e292e/answer:brier      0.2639
boolq#4a6e292e/answer:ece        0.5137
boolq#4ad46f9b/answer            0.0000
boolq#4ad46f9b/answer:brier      0.2844
boolq#4ad46f9b/answer:ece        0.5333
boolq#4af37d9c/answer            0.0000
boolq#4af37d9c/answer:brier      0.3259
boolq#4af37d9c/answer:ece        0.5709
boolq#4d716bad/answer            1.0000
boolq#4d716bad/answer:brier      0.1852
boolq#4d716bad/answer:ece        0.4303
boolq#4f40f2eb/answer            1.0000
boolq#4f40f2eb/answer:brier      0.0581
boolq#4f40f2eb/answer:ece        0.2411
boolq#50a04530/answer            1.0000
boolq#50a04530/answer:brier      0.2087
boolq#50a04530/answer:ece        0.4569
boolq#54e918fc/answer            0.0000
boolq#54e918fc/answer:brier      0.4859
boolq#54e918fc/answer:ece        0.6971
boolq#56ae8a61/answer            0.0000
boolq#56ae8a61/answer:brier      0.3431
boolq#56ae8a61/answer:ece        0.5857
boolq#5db1ec6b/answer            1.0000
boolq#5db1ec6b/answer:brier      0.2075
boolq#5db1ec6b/answer:ece        0.4555
boolq#61a52f01/answer            1.0000
boolq#61a52f01/answer:brier      0.1903
boolq#61a52f01/answer:ece        0.4362
boolq#66367bee/answer            0.0000
boolq#66367bee/answer:brier      0.2722
boolq#66367bee/answer:ece        0.5218
boolq#67d5a4fa/answer            0.0000
boolq#67d5a4fa/answer:brier      0.3906
boolq#67d5a4fa/answer:ece        0.6250
boolq#6be96e9e/answer            0.0000
boolq#6be96e9e/answer:brier      0.2750
boolq#6be96e9e/answer:ece        0.5244
boolq#6f4324e3/answer            0.0000
boolq#6f4324e3/answer:brier      0.3791
boolq#6f4324e3/answer:ece        0.6157
boolq#71822071/answer            0.0000
boolq#71822071/answer:brier      0.3412
boolq#71822071/answer:ece        0.5841
boolq#72562fbc/answer            1.0000
boolq#72562fbc/answer:brier      0.2098
boolq#72562fbc/answer:ece        0.4580
boolq#735a648e/answer            0.0000
boolq#735a648e/answer:brier      0.3157
boolq#735a648e/answer:ece        0.5618
boolq#74e65314/answer            0.0000
boolq#74e65314/answer:brier      0.2767
boolq#74e65314/answer:ece        0.5260
boolq#79998ffc/answer            0.0000
boolq#79998ffc/answer:brier      0.5698
boolq#79998ffc/answer:ece        0.7548
boolq#79e01ff3/answer            1.0000
boolq#79e01ff3/answer:brier      0.0927
boolq#79e01ff3/answer:ece        0.3045
boolq#7ad7617b/answer            0.0000
boolq#7ad7617b/answer:brier      0.3383
boolq#7ad7617b/answer:ece        0.5817
boolq#7d36121d/answer            1.0000
boolq#7d36121d/answer:brier      0.1204
boolq#7d36121d/answer:ece        0.3470
boolq#7f6094e1/answer            0.0000
boolq#7f6094e1/answer:brier      0.2603
boolq#7f6094e1/answer:ece        0.5102
boolq#82805f90/answer            1.0000
boolq#82805f90/answer:brier      0.0592
boolq#82805f90/answer:ece        0.2432
boolq#88016bb2/answer            1.0000
boolq#88016bb2/answer:brier      0.0243
boolq#88016bb2/answer:ece        0.1558
boolq#8ac4258f/answer            0.0000
boolq#8ac4258f/answer:brier      0.3072
boolq#8ac4258f/answer:ece        0.5542
boolq#8d3ce9b9/answer            0.0000
boolq#8d3ce9b9/answer:brier      0.4978
boolq#8d3ce9b9/answer:ece        0.7055
boolq#902973dd/answer            0.0000
boolq#902973dd/answer:brier      0.3325
boolq#902973dd/answer:ece        0.5766
boolq#942dd81f/answer            0.0000
boolq#942dd81f/answer:brier      0.3534
boolq#942dd81f/answer:ece        0.5945
boolq#9956418c/answer            1.0000
boolq#9956418c/answer:brier      0.2157
boolq#9956418c/answer:ece        0.4645
boolq#ac310632/answer            1.0000
boolq#ac310632/answer:brier      0.1925
boolq#ac310632/answer:ece        0.4387
boolq#b2773322/answer            1.0000
boolq#b2773322/answer:brier      0.0525
boolq#b2773322/answer:ece        0.2291
boolq#b4d93368/answer            1.0000
boolq#b4d93368/answer:brier      0.2232
boolq#b4d93368/answer:ece        0.4724
boolq#ba81b858/answer            0.0000
boolq#ba81b858/answer:brier      0.3660
boolq#ba81b858/answer:ece        0.6050
boolq#c37d5cea/answer            0.0000
boolq#c37d5cea/answer:brier      0.2738
boolq#c37d5cea/answer:ece        0.5233
boolq#c72d24d9/answer            1.0000
boolq#c72d24d9/answer:brier      0.1866
boolq#c72d24d9/answer:ece        0.4320
boolq#c9f534f5/answer            0.0000
boolq#c9f534f5/answer:brier      0.2854
boolq#c9f534f5/answer:ece        0.5342
boolq#cbd070fe/answer            1.0000
boolq#cbd070fe/answer:brier      0.1728
boolq#cbd070fe/answer:ece        0.4157
boolq#cd23eb44/answer            1.0000
boolq#cd23eb44/answer:brier      0.1601
boolq#cd23eb44/answer:ece        0.4001
boolq#ce523ea8/answer            1.0000
boolq#ce523ea8/answer:brier      0.1745
boolq#ce523ea8/answer:ece        0.4177
boolq#d23f047b/answer            0.0000
boolq#d23f047b/answer:brier      0.3211
boolq#d23f047b/answer:ece        0.5666
boolq#d8301e43/answer            1.0000
boolq#d8301e43/answer:brier      0.2402
boolq#d8301e43/answer:ece        0.4901
boolq#d96fa04c/answer            1.0000
boolq#d96fa04c/answer:brier      0.2171
boolq#d96fa04c/answer:ece        0.4660
boolq#dca348ca/answer            1.0000
boolq#dca348ca/answer:brier      0.0278
boolq#dca348ca/answer:ece        0.1667
boolq#dde37a23/answer            1.0000
boolq#dde37a23/answer:brier      0.1691
boolq#dde37a23/answer:ece        0.4112
boolq#e36d1722/answer            1.0000
boolq#e36d1722/answer:brier      0.2449
boolq#e36d1722/answer:ece        0.4949
boolq#e59d9823/answer            1.0000
boolq#e59d9823/answer:brier      0.1684
boolq#e59d9823/answer:ece        0.4103
boolq#eba51f7c/answer            1.0000
boolq#eba51f7c/answer:brier      0.1986
boolq#eba51f7c/answer:ece        0.4457
boolq#ee99ad9b/answer            1.0000
boolq#ee99ad9b/answer:brier      0.0334
boolq#ee99ad9b/answer:ece        0.1828
boolq#f402e70c/answer            1.0000
boolq#f402e70c/answer:brier      0.0389
boolq#f402e70c/answer:ece        0.1973
boolq#f70548a1/answer            0.0000
boolq#f70548a1/answer:brier      0.2765
boolq#f70548a1/answer:ece        0.5258
boolq#f863a7b4/answer            0.0000
boolq#f863a7b4/answer:brier      0.4223
boolq#f863a7b4/answer:ece        0.6499
boolq#fa63c6e2/answer            0.0000
boolq#fa63c6e2/answer:brier      0.3787
boolq#fa63c6e2/answer:ece        0.6154
boolq#fc1887ea/answer            0.0000
boolq#fc1887ea/answer:brier      0.2906
boolq#fc1887ea/answer:ece        0.5390
contrastive#13f5d2df/decision    0.0000
contrastive#13f5d2df/decision:ece 0.6801
contrastive#17016bfa/decision    0.5000
contrastive#17016bfa/decision:ece 0.0767
contrastive#1f997954/decision    0.0000
contrastive#1f997954/decision:ece 0.6356
contrastive#291e0d44/decision    0.0000
contrastive#291e0d44/decision:ece 0.5328
contrastive#427f4f76/decision    0.0000
contrastive#427f4f76/decision:ece 0.8665
contrastive#4b117aa2/decision    0.0000
contrastive#4b117aa2/decision:ece 0.4685
contrastive#4bf36406/decision    0.3333
contrastive#4bf36406/decision:ece 0.3996
contrastive#4fc008be/decision    0.0000
contrastive#4fc008be/decision:ece 0.6797
contrastive#5027ab28/decision    0.0000
contrastive#5027ab28/decision:ece 0.7062
contrastive#564ef4ba/decision    0.0000
contrastive#564ef4ba/decision:ece 0.7607
contrastive#58eb02cd/decision    0.0000
contrastive#58eb02cd/decision:ece 0.4995
contrastive#5cbe51fa/decision    1.0000
contrastive#5cbe51fa/decision:ece 0.5095
contrastive#6a545ac2/decision    1.0000
contrastive#6a545ac2/decision:ece 0.4887
contrastive#7515fc21/decision    0.5000
contrastive#7515fc21/decision:ece 0.0754
contrastive#7e893001/decision    0.0000
contrastive#7e893001/decision:ece 0.4674
contrastive#91477361/decision    1.0000
contrastive#91477361/decision:ece 0.3246
contrastive#a0317c09/decision    0.0000
contrastive#a0317c09/decision:ece 0.6547
contrastive#a40890cc/decision    0.6190
contrastive#a40890cc/decision:ece 0.0625
contrastive#ae558619/decision    0.5000
contrastive#ae558619/decision:ece 0.2548
contrastive#b6fe76ef/decision    0.0000
contrastive#b6fe76ef/decision:ece 0.8356
contrastive#b81fb4d6/decision    0.0000
contrastive#b81fb4d6/decision:ece 0.5961
contrastive#bf106c75/decision    0.6000
contrastive#bf106c75/decision:ece 0.0515
contrastive#d8b21ca9/decision    0.6250
contrastive#d8b21ca9/decision:brier 0.2433
contrastive#d8b21ca9/decision:ece 0.0741
contrastive#dd2530a8/decision    0.5000
contrastive#dd2530a8/decision:ece 0.1673
contrastive#e33b708d/decision    0.5000
contrastive#e33b708d/decision:ece 0.1031
contrastive#ee347cff/decision    1.0000
contrastive#ee347cff/decision:ece 0.2670
contrastive#f959b3a9/decision    0.0000
contrastive#f959b3a9/decision:ece 0.8312
contrastive#fbeb1993/decision    0.6500
contrastive#fbeb1993/decision:brier 0.2327
contrastive#fbeb1993/decision:ece 0.0711
contrastive#ff24ddab/decision    1.0000
contrastive#ff24ddab/decision:ece 0.5160
dbpedia14#04b936b5/category      0.0000
dbpedia14#04b936b5/category:ece  0.2024
dbpedia14#04ebca96/category      0.0000
dbpedia14#04ebca96/category:ece  0.2457
dbpedia14#0c19cabc/category      0.0000
dbpedia14#0c19cabc/category:ece  0.4792
dbpedia14#0f2290be/category      0.0000
dbpedia14#0f2290be/category:ece  0.2659
dbpedia14#203b00a3/category      1.0000
dbpedia14#203b00a3/category:ece  0.7804
dbpedia14#20b66660/category      1.0000
dbpedia14#20b66660/category:ece  0.6569
dbpedia14#21375755/category      0.0000
dbpedia14#21375755/category:ece  0.7305
dbpedia14#2ac40d6e/category      0.0000
dbpedia14#2ac40d6e/category:ece  0.3738
dbpedia14#30a154b0/category      0.0000
dbpedia14#30a154b0/category:ece  0.1737
dbpedia14#36e6564d/category      0.0000
dbpedia14#36e6564d/category:ece  0.1785
dbpedia14#37d63b34/category      1.0000
dbpedia14#37d63b34/category:ece  0.7261
dbpedia14#3b82eaf3/category      0.0000
dbpedia14#3b82eaf3/category:ece  0.3789
dbpedia14#466c05d5/category      0.0000
dbpedia14#466c05d5/category:ece  0.1531
dbpedia14#4cd7c95b/category      0.0000
dbpedia14#4cd7c95b/category:ece  0.2991
dbpedia14#5bb37fc1/category      0.0000
dbpedia14#5bb37fc1/category:ece  0.2650
dbpedia14#5be1c983/category      0.0000
dbpedia14#5be1c983/category:ece  0.8879
dbpedia14#5df9c5ca/category      0.0000
dbpedia14#5df9c5ca/category:ece  0.2618
dbpedia14#6153f0ba/category      0.0000
dbpedia14#6153f0ba/category:ece  0.3632
dbpedia14#680a3ad9/category      0.0000
dbpedia14#680a3ad9/category:ece  0.1848
dbpedia14#6b1e5110/category      0.0000
dbpedia14#6b1e5110/category:ece  0.1472
dbpedia14#6c2c72cc/category      0.0000
dbpedia14#6c2c72cc/category:ece  0.1726
dbpedia14#71c4dfe0/category      0.0000
dbpedia14#71c4dfe0/category:ece  0.2631
dbpedia14#851556e3/category      0.0000
dbpedia14#851556e3/category:ece  0.3547
dbpedia14#93f82e2b/category      0.2875
dbpedia14#93f82e2b/category:ece  0.0247
dbpedia14#a3ca5a48/category      0.0000
dbpedia14#a3ca5a48/category:ece  0.2443
dbpedia14#a7e3dae7/category      1.0000
dbpedia14#a7e3dae7/category:ece  0.7133
dbpedia14#aa73e8ab/category      0.0000
dbpedia14#aa73e8ab/category:ece  0.1901
dbpedia14#ac7ddeb7/category      0.0000
dbpedia14#ac7ddeb7/category:ece  0.3463
dbpedia14#b2ef25c2/category      0.0000
dbpedia14#b2ef25c2/category:ece  0.7248
dbpedia14#b3ab484b/category      1.0000
dbpedia14#b3ab484b/category:ece  0.6119
dbpedia14#b82a292e/category      0.0000
dbpedia14#b82a292e/category:ece  0.2750
dbpedia14#c7d9d4af/category      0.0000
dbpedia14#c7d9d4af/category:ece  0.2455
dbpedia14#c9c9582f/category      0.0000
dbpedia14#c9c9582f/category:ece  0.7565
dbpedia14#cf0baa9f/category      0.0000
dbpedia14#cf0baa9f/category:ece  0.1767
dbpedia14#d830101e/category      1.0000
dbpedia14#d830101e/category:ece  0.7375
dbpedia14#d900c380/category      0.0000
dbpedia14#d900c380/category:ece  0.5590
dbpedia14#de35301e/category      1.0000
dbpedia14#de35301e/category:ece  0.6591
imdb#457dae02/positive           0.7500
imdb#457dae02/positive:brier     0.1786
imdb#457dae02/positive:ece       0.0071
mnli#02df466e/relation           0.0000
mnli#02df466e/relation:ece       0.4467
mnli#04ca4751/relation           0.0000
mnli#04ca4751/relation:ece       0.3719
mnli#07459b1b/relation           1.0000
mnli#07459b1b/relation:ece       0.3182
mnli#08b5330d/relation           0.0000
mnli#08b5330d/relation:ece       0.5300
mnli#0cd81988/relation           0.0000
mnli#0cd81988/relation:ece       0.3395
mnli#0f006098/relation           1.0000
mnli#0f006098/relation:ece       0.6482
mnli#10e24d17/relation           0.0000
mnli#10e24d17/relation:ece       0.4017
mnli#1549badc/relation           0.0000
mnli#1549badc/relation:ece       0.3415
mnli#1562813a/relation           1.0000
mnli#1562813a/relation:ece       0.4040
mnli#15cee0bc/relation           1.0000
mnli#15cee0bc/relation:ece       0.5646
mnli#18d4a8ab/relation           1.0000
mnli#18d4a8ab/relation:ece       0.5197
mnli#1ee2396f/relation           0.0000
mnli#1ee2396f/relation:ece       0.3694
mnli#2390e008/relation           0.0000
mnli#2390e008/relation:ece       0.3505
mnli#26554f0d/relation           1.0000
mnli#26554f0d/relation:ece       0.6250
mnli#275b8072/relation           0.0000
mnli#275b8072/relation:ece       0.3585
mnli#2b9d70ce/relation           0.0000
mnli#2b9d70ce/relation:ece       0.4522
mnli#2be9ee0a/relation           0.0000
mnli#2be9ee0a/relation:ece       0.3657
mnli#2c68a808/relation           0.0000
mnli#2c68a808/relation:ece       0.3421
mnli#2db4b0a9/relation           1.0000
mnli#2db4b0a9/relation:ece       0.5871
mnli#2fa1e42d/relation           0.0000
mnli#2fa1e42d/relation:ece       0.4676
mnli#38b9e20c/relation           1.0000
mnli#38b9e20c/relation:ece       0.6298
mnli#397db60f/relation           0.0000
mnli#397db60f/relation:ece       0.3729
mnli#397fd107/relation           0.0000
mnli#397fd107/relation:ece       0.4841
mnli#39d3de51/relation           0.0000
mnli#39d3de51/relation:ece       0.3481
mnli#3bc83553/relation           1.0000
mnli#3bc83553/relation:ece       0.5293
mnli#3da242fd/relation           1.0000
mnli#3da242fd/relation:ece       0.5513
mnli#3f5274c9/relation           0.0000
mnli#3f5274c9/relation:ece       0.3654
mnli#462d7734/relation           0.0000
mnli#462d7734/relation:ece       0.3932
mnli#48dfe166/relation           0.0000
mnli#48dfe166/relation:ece       0.4008
mnli#48ea7352/relation           1.0000
mnli#48ea7352/relation:ece       0.5454
mnli#48efc596/relation           0.0000
mnli#48efc596/relation:ece       0.4392
mnli#4adcdcb1/relation           0.0000
mnli#4adcdcb1/relation:ece       0.3709
mnli#4bb7ee07/relation           1.0000
mnli#4bb7ee07/relation:ece       0.6210
mnli#4e63e750/relation           1.0000
mnli#4e63e750/relation:ece       0.6043
mnli#5423116d/relation           0.0000
mnli#5423116d/relation:ece       0.3789
mnli#57507a47/relation           0.0000
mnli#57507a47/relation:ece       0.2889
mnli#5996340c/relation           0.0000
mnli#5996340c/relation:ece       0.4218
mnli#5a0d17a6/relation           0.0000
mnli#5a0d17a6/relation:ece       0.5387
mnli#5a77fab7/relation           0.0000
mnli#5a77fab7/relation:ece       0.4083
mnli#5ed73418/relation           0.0000
mnli#5ed73418/relation:ece       0.3721
mnli#63026eac/relation           1.0000
mnli#63026eac/relation:ece       0.5789
mnli#674cf3c2/relation           1.0000
mnli#674cf3c2/relation:ece       0.6255
mnli#6835d387/relation           0.0000
mnli#6835d387/relation:ece       0.3559
mnli#6c3c180c/relation           1.0000
mnli#6c3c180c/relation:ece       0.6293
mnli#6c3f788d/relation           0.0000
mnli#6c3f788d/relation:ece       0.4059
mnli#6da355e1/relation           0.0000
mnli#6da355e1/relation:ece       0.5530
mnli#7143ed1c/relation           1.0000
mnli#7143ed1c/relation:ece       0.6239
mnli#788f4d64/relation           1.0000
mnli#788f4d64/relation:ece       0.6332
mnli#7ce2d8b0/relation           0.0000
mnli#7ce2d8b0/relation:ece       0.3677
mnli#80d8a744/relation           1.0000
mnli#80d8a744/relation:ece       0.5987
mnli#81d11158/relation           0.0000
mnli#81d11158/relation:ece       0.3909
mnli#82c28bf3/relation           0.0000
mnli#82c28bf3/relation:ece       0.3106
mnli#87a91538/relation           1.0000
mnli#87a91538/relation:ece       0.5918
mnli#890c2e14/relation           1.0000
mnli#890c2e14/relation:ece       0.7226
mnli#8a09c0b7/relation           1.0000
mnli#8a09c0b7/relation:ece       0.6009
mnli#8d985513/relation           0.0000
mnli#8d985513/relation:ece       0.3650
mnli#908d8306/relation           0.0000
mnli#908d8306/relation:ece       0.4150
mnli#91a36640/relation           0.0000
mnli#91a36640/relation:ece       0.4107
mnli#92b6b543/relation           1.0000
mnli#92b6b543/relation:ece       0.6461
mnli#930c6b59/relation           0.0000
mnli#930c6b59/relation:ece       0.4128
mnli#981ee476/relation           0.0000
mnli#981ee476/relation:ece       0.7484
mnli#992d6df6/relation           1.0000
mnli#992d6df6/relation:ece       0.5844
mnli#99d64997/relation           0.0000
mnli#99d64997/relation:ece       0.3864
mnli#9de025b1/relation           0.0000
mnli#9de025b1/relation:ece       0.3671
mnli#9e56c189/relation           1.0000
mnli#9e56c189/relation:ece       0.6282
mnli#9e636e04/relation           0.0000
mnli#9e636e04/relation:ece       0.3817
mnli#a1cf196e/relation           0.0000
mnli#a1cf196e/relation:ece       0.3719
mnli#a26694a1/relation           0.0000
mnli#a26694a1/relation:ece       0.5563
mnli#a6f64b44/relation           0.0000
mnli#a6f64b44/relation:ece       0.2792
mnli#a7b667c8/relation           1.0000
mnli#a7b667c8/relation:ece       0.5521
mnli#a95a7d4b/relation           0.0000
mnli#a95a7d4b/relation:ece       0.5539
mnli#aa0d6712/relation           1.0000
mnli#aa0d6712/relation:ece       0.7023
mnli#aab358c3/relation           1.0000
mnli#aab358c3/relation:ece       0.6512
mnli#aae83439/relation           0.0000
mnli#aae83439/relation:ece       0.3960
mnli#ad674bc8/relation           1.0000
mnli#ad674bc8/relation:ece       0.4088
mnli#ad9cf1c1/relation           1.0000
mnli#ad9cf1c1/relation:ece       0.6801
mnli#af17a07f/relation           1.0000
mnli#af17a07f/relation:ece       0.6320
mnli#af9c01de/relation           0.0000
mnli#af9c01de/relation:ece       0.2688
mnli#b1884357/relation           1.0000
mnli#b1884357/relation:ece       0.6505
mnli#b57f0c03/relation           0.0000
mnli#b57f0c03/relation:ece       0.3628
mnli#b6d5def7/relation           1.0000
mnli#b6d5def7/relation:ece       0.6381
mnli#b6d697e9/relation           0.0000
mnli#b6d697e9/relation:ece       0.3841
mnli#b9ca60ed/relation           0.0000
mnli#b9ca60ed/relation:ece       0.3764
mnli#bc989a69/relation           0.0000
mnli#bc989a69/relation:ece       0.3480
mnli#bd83bcea/relation           1.0000
mnli#bd83bcea/relation:ece       0.6326
mnli#be25d973/relation           0.0000
mnli#be25d973/relation:ece       0.3714
mnli#be46dcbb/relation           0.0000
mnli#be46dcbb/relation:ece       0.3598
mnli#c3973632/relation           0.0000
mnli#c3973632/relation:ece       0.4128
mnli#c426a7e0/relation           1.0000
mnli#c426a7e0/relation:ece       0.6217
mnli#c50c28b3/relation           0.0000
mnli#c50c28b3/relation:ece       0.4294
mnli#c6469fc6/relation           0.0000
mnli#c6469fc6/relation:ece       0.4043
mnli#cd33bb32/relation           1.0000
mnli#cd33bb32/relation:ece       0.6213
mnli#ce95f1bf/relation           0.0000
mnli#ce95f1bf/relation:ece       0.4370
mnli#d412115a/relation           0.0000
mnli#d412115a/relation:ece       0.4715
mnli#d5292ab0/relation           0.0000
mnli#d5292ab0/relation:ece       0.4131
mnli#d652c770/relation           1.0000
mnli#d652c770/relation:ece       0.6271
mnli#d8795982/relation           1.0000
mnli#d8795982/relation:ece       0.5847
mnli#dc09db76/relation           1.0000
mnli#dc09db76/relation:ece       0.5568
mnli#ddd3fcff/relation           0.0000
mnli#ddd3fcff/relation:ece       0.3978
mnli#e0e5d04b/relation           0.0000
mnli#e0e5d04b/relation:ece       0.5344
mnli#e1bb86f2/relation           1.0000
mnli#e1bb86f2/relation:ece       0.4970
mnli#e1e7f1e0/relation           1.0000
mnli#e1e7f1e0/relation:ece       0.4471
mnli#e5ad07ae/relation           0.0000
mnli#e5ad07ae/relation:ece       0.3907
mnli#e6845f6c/relation           1.0000
mnli#e6845f6c/relation:ece       0.6453
mnli#eb795583/relation           0.0000
mnli#eb795583/relation:ece       0.3639
mnli#f18e372a/relation           0.0000
mnli#f18e372a/relation:ece       0.3143
mnli#f6e70644/relation           1.0000
mnli#f6e70644/relation:ece       0.5957
mnli#f9aa57fa/relation           0.0000
mnli#f9aa57fa/relation:ece       0.4891
mnli#fa103c54/relation           0.0000
mnli#fa103c54/relation:ece       0.3915
mnli#fed98e94/relation           0.0000
mnli#fed98e94/relation:ece       0.5526
mnli#ff27af72/relation           0.0000
mnli#ff27af72/relation:ece       0.3607
mnli#fffed463/relation           1.0000
mnli#fffed463/relation:ece       0.5988
sst5#16640a13/sentiment          0.5000
sst5#16640a13/sentiment:ece      0.1145
sst5#ad14f5a1/sentiment          0.4000
sst5#ad14f5a1/sentiment:ece      0.0886
sst5#aeaad687/sentiment          0.1818
sst5#aeaad687/sentiment:ece      0.1541
sst5#dd4ece86/sentiment          0.4000
sst5#dd4ece86/sentiment:ece      0.0143
trec#06073789/answer_type        0.0000
trec#06073789/answer_type:ece    0.7232
trec#0f87aa38/answer_type        0.0000
trec#0f87aa38/answer_type:ece    0.4421
trec#1418c608/answer_type        1.0000
trec#1418c608/answer_type:ece    0.6089
trec#2868dd3d/answer_type        0.0000
trec#2868dd3d/answer_type:ece    0.3656
trec#30b5febd/answer_type        0.0000
trec#30b5febd/answer_type:ece    0.4252
trec#363df439/answer_type        1.0000
trec#363df439/answer_type:ece    0.3720
trec#36d75909/answer_type        0.0000
trec#36d75909/answer_type:ece    0.4202
trec#3b157ba9/answer_type        0.0000
trec#3b157ba9/answer_type:ece    0.7971
trec#3c1e4667/answer_type        1.0000
trec#3c1e4667/answer_type:ece    0.3356
trec#43610be5/answer_type        0.0000
trec#43610be5/answer_type:ece    0.4810
trec#49414a22/answer_type        0.0000
trec#49414a22/answer_type:ece    0.3857
trec#4f24c79f/answer_type        0.0000
trec#4f24c79f/answer_type:ece    0.6408
trec#558b12c2/answer_type        0.0000
trec#558b12c2/answer_type:ece    0.3809
trec#5f1a32c2/answer_type        0.0000
trec#5f1a32c2/answer_type:ece    0.8325
trec#61c8c36a/answer_type        0.0000
trec#61c8c36a/answer_type:ece    0.8016
trec#663fc093/answer_type        0.0000
trec#663fc093/answer_type:ece    0.3224
trec#68f7ad90/answer_type        0.4750
trec#68f7ad90/answer_type:ece    0.0062
trec#73232272/answer_type        0.0000
trec#73232272/answer_type:ece    0.4203
trec#7e1c22cd/answer_type        0.0000
trec#7e1c22cd/answer_type:ece    0.7566
trec#7f32e0f1/answer_type        0.0000
trec#7f32e0f1/answer_type:ece    0.7611
trec#82f614bc/answer_type        0.0000
trec#82f614bc/answer_type:ece    0.4587
trec#86cb2104/answer_type        0.0000
trec#86cb2104/answer_type:ece    0.4651
trec#91d6717a/answer_type        0.0000
trec#91d6717a/answer_type:ece    0.3703
trec#940c5b0d/answer_type        0.0000
trec#940c5b0d/answer_type:ece    0.8349
trec#a23216b9/answer_type        0.0000
trec#a23216b9/answer_type:ece    0.3080
trec#b144ec69/answer_type        0.0000
trec#b144ec69/answer_type:ece    0.3052
trec#b2c04e89/answer_type        1.0000
trec#b2c04e89/answer_type:ece    0.5111
trec#b5fea293/answer_type        0.0000
trec#b5fea293/answer_type:ece    0.2671
trec#b6303bdb/answer_type        0.0000
trec#b6303bdb/answer_type:ece    0.4247
trec#bdbb4f06/answer_type        0.0000
trec#bdbb4f06/answer_type:ece    0.3502
trec#be96ac41/answer_type        0.0000
trec#be96ac41/answer_type:ece    0.3396
trec#cd580003/answer_type        0.0000
trec#cd580003/answer_type:ece    0.5748
trec#d1042c6a/answer_type        0.0000
trec#d1042c6a/answer_type:ece    0.2765
trec#d6ee0c4b/answer_type        0.0000
trec#d6ee0c4b/answer_type:ece    0.3021
trec#ec85cb61/answer_type        0.0000
trec#ec85cb61/answer_type:ece    0.3477
trec#f21cda47/answer_type        0.0000
trec#f21cda47/answer_type:ece    0.3711
trec#fd81a6bf/answer_type        0.0000
trec#fd81a6bf/answer_type:ece    0.4142
yelp#072f2812/rating             0.4030
yelp#072f2812/rating:ece         0.0069
yelp#072f2812/recommend          0.7463
yelp#072f2812/recommend:brier    0.1657
yelp#072f2812/recommend:ece      0.0752
yelp#86092e6d/rating             0.2500
yelp#86092e6d/rating:ece         0.1005
yelp#86092e6d/recommend          0.2500
yelp#86092e6d/recommend:brier    0.3206
yelp#86092e6d/recommend:ece      0.4255
yelp#bdb69480/rating             0.4000
yelp#bdb69480/rating:ece         0.0542
yelp#bdb69480/recommend          0.8000
yelp#bdb69480/recommend:brier    0.1032
yelp#bdb69480/recommend:ece      0.0310
yelp#f36e769b/rating             1.0000
yelp#f36e769b/rating:ece         0.5730
yelp#f36e769b/recommend          1.0000
yelp#f36e769b/recommend:brier    0.0205
yelp#f36e769b/recommend:ece      0.1286
=== dev, HELD-OUT phrasing === macro 0.4115   (exact suite wording 0.4085)
paraphrase: 176003 phrasing draws reached the batches over 3315 steps
saved checkpoint to runs/antiprior_on_s0c
