train groups after pool>=10: 16



tokenizer trained: 8192
params: 16926848
step     0  loss 1.491  ema 1.491  sets/update 8  15s
step     4  loss 0.934  ema 1.442  sets/update 8  29s
step     8  loss 1.260  ema 1.402  sets/update 8  35s
step    12  loss 1.112  ema 1.357  sets/update 8  44s
step    16  loss 0.980  ema 1.282  sets/update 8  52s
step    20  loss 0.883  ema 1.210  sets/update 8  67s
step    24  loss 1.067  ema 1.158  sets/update 8  73s
step    28  loss 0.703  ema 1.072  sets/update 8  83s
step    32  loss 0.821  ema 1.046  sets/update 8  102s
step    36  loss 0.837  ema 1.001  sets/update 8  112s
step    40  loss 0.783  ema 0.956  sets/update 8  120s
step    44  loss 0.825  ema 0.913  sets/update 8  131s
step    48  loss 0.676  ema 0.867  sets/update 8  147s
step    52  loss 1.030  ema 0.853  sets/update 8  156s
step    56  loss 0.710  ema 0.825  sets/update 8  165s
step    60  loss 0.779  ema 0.820  sets/update 8  180s
step    64  loss 1.140  ema 0.836  sets/update 8  187s
step    68  loss 0.831  ema 0.807  sets/update 8  193s
step    72  loss 0.670  ema 0.774  sets/update 8  200s
step    76  loss 0.710  ema 0.763  sets/update 8  207s
step    80  loss 0.331  ema 0.750  sets/update 8  221s
step    84  loss 1.052  ema 0.767  sets/update 8  230s
step    88  loss 0.954  ema 0.756  sets/update 8  240s
step    92  loss 0.853  ema 0.738  sets/update 8  263s
step    96  loss 0.510  ema 0.719  sets/update 8  272s
step   100  loss 0.571  ema 0.719  sets/update 8  281s
step   104  loss 0.840  ema 0.728  sets/update 8  300s
step   108  loss 0.526  ema 0.697  sets/update 8  311s
step   112  loss 0.569  ema 0.682  sets/update 8  322s
step   116  loss 0.619  ema 0.680  sets/update 8  337s
step   120  loss 0.599  ema 0.680  sets/update 8  348s
step   124  loss 0.346  ema 0.666  sets/update 8  357s
step   128  loss 0.802  ema 0.676  sets/update 8  367s
step   132  loss 0.701  ema 0.658  sets/update 8  375s
step   136  loss 0.475  ema 0.631  sets/update 8  382s
step   140  loss 0.478  ema 0.613  sets/update 8  390s
step   144  loss 0.334  ema 0.603  sets/update 8  397s
step   148  loss 0.926  ema 0.627  sets/update 8  404s
step   152  loss 0.554  ema 0.616  sets/update 8  411s
step   156  loss 0.386  ema 0.601  sets/update 8  417s
step   160  loss 0.677  ema 0.609  sets/update 8  424s
step   164  loss 0.844  ema 0.619  sets/update 8  432s
step   168  loss 0.426  ema 0.595  sets/update 8  439s
step   172  loss 0.335  ema 0.583  sets/update 8  446s
step   176  loss 0.729  ema 0.601  sets/update 8  453s
step   180  loss 0.384  ema 0.577  sets/update 8  459s
step   184  loss 0.643  ema 0.581  sets/update 8  467s
step   188  loss 0.702  ema 0.570  sets/update 8  474s
step   192  loss 0.432  ema 0.533  sets/update 8  481s
step   196  loss 0.309  ema 0.514  sets/update 8  488s
step   200  loss 0.892  ema 0.538  sets/update 8  495s
step   204  loss 0.616  ema 0.556  sets/update 8  503s
step   208  loss 0.200  ema 0.520  sets/update 8  510s
step   212  loss 0.392  ema 0.530  sets/update 8  517s
step   216  loss 0.403  ema 0.527  sets/update 8  524s
step   220  loss 0.761  ema 0.522  sets/update 8  531s
step   224  loss 0.515  ema 0.511  sets/update 8  537s
step   228  loss 0.310  ema 0.492  sets/update 8  545s
step   232  loss 0.400  ema 0.482  sets/update 8  551s
step   236  loss 0.158  ema 0.464  sets/update 8  559s
step   240  loss 0.522  ema 0.486  sets/update 8  567s
step   244  loss 0.457  ema 0.479  sets/update 8  574s
step   248  loss 0.238  ema 0.453  sets/update 8  580s
step   249  loss 0.566  ema 0.459  sets/update 8  582s
temperature: 3.0
=== dev ===
agnews#007c175b/topic            0.0000
agnews#007c175b/topic:ece        0.2177
agnews#02a53f27/topic            0.0000
agnews#02a53f27/topic:ece        0.2081
agnews#03430be2/is_business      0.0000
agnews#03430be2/is_business:brier 0.2508
agnews#03430be2/is_business:ece  0.5008
agnews#03430be2/is_world         1.0000
agnews#03430be2/is_world:brier   0.2351
agnews#03430be2/is_world:ece     0.4849
agnews#03430be2/topic            1.0000
agnews#03430be2/topic:ece        0.7406
agnews#03e93753/is_scitech       1.0000
agnews#03e93753/is_scitech:brier 0.2251
agnews#03e93753/is_scitech:ece   0.4744
agnews#03e93753/is_sports        1.0000
agnews#03e93753/is_sports:brier  0.2173
agnews#03e93753/is_sports:ece    0.4662
agnews#03e93753/topic            0.0000
agnews#03e93753/topic:ece        0.2574
agnews#053228f0/is_scitech       1.0000
agnews#053228f0/is_scitech:brier 0.2160
agnews#053228f0/is_scitech:ece   0.4648
agnews#053228f0/is_sports        1.0000
agnews#053228f0/is_sports:brier  0.2245
agnews#053228f0/is_sports:ece    0.4738
agnews#053228f0/topic            0.0000
agnews#053228f0/topic:ece        0.3236
agnews#07682a07/is_scitech       0.0000
agnews#07682a07/is_scitech:brier 0.3473
agnews#07682a07/is_scitech:ece   0.5893
agnews#07682a07/is_sports        1.0000
agnews#07682a07/is_sports:brier  0.1475
agnews#07682a07/is_sports:ece    0.3841
agnews#07682a07/topic            1.0000
agnews#07682a07/topic:ece        0.7216
agnews#0d3b6299/is_scitech       1.0000
agnews#0d3b6299/is_scitech:brier 0.0932
agnews#0d3b6299/is_scitech:ece   0.3053
agnews#0d3b6299/is_sports        1.0000
agnews#0d3b6299/is_sports:brier  0.1649
agnews#0d3b6299/is_sports:ece    0.4061
agnews#0d3b6299/topic            1.0000
agnews#0d3b6299/topic:ece        0.6371
agnews#0d91e6d7/is_sports        1.0000
agnews#0d91e6d7/is_sports:brier  0.1931
agnews#0d91e6d7/is_sports:ece    0.4395
agnews#0d91e6d7/is_world         0.0000
agnews#0d91e6d7/is_world:brier   0.2832
agnews#0d91e6d7/is_world:ece     0.5322
agnews#0d91e6d7/topic            0.0000
agnews#0d91e6d7/topic:ece        0.2959
agnews#0dac348d/is_business      1.0000
agnews#0dac348d/is_business:brier 0.2349
agnews#0dac348d/is_business:ece  0.4847
agnews#0dac348d/is_sports        1.0000
agnews#0dac348d/is_sports:brier  0.1999
agnews#0dac348d/is_sports:ece    0.4471
agnews#0dac348d/topic            0.0000
agnews#0dac348d/topic:ece        0.2535
agnews#0f5c2a4c/is_business      0.0000
agnews#0f5c2a4c/is_business:brier 0.2839
agnews#0f5c2a4c/is_business:ece  0.5328
agnews#0f5c2a4c/is_scitech       1.0000
agnews#0f5c2a4c/is_scitech:brier 0.1636
agnews#0f5c2a4c/is_scitech:ece   0.4045
agnews#0f5c2a4c/topic            0.0000
agnews#0f5c2a4c/topic:ece        0.3549
agnews#0f646e97/is_scitech       1.0000
agnews#0f646e97/is_scitech:brier 0.1672
agnews#0f646e97/is_scitech:ece   0.4089
agnews#0f646e97/is_world         1.0000
agnews#0f646e97/is_world:brier   0.2422
agnews#0f646e97/is_world:ece     0.4921
agnews#0f646e97/topic            1.0000
agnews#0f646e97/topic:ece        0.7237
agnews#110e3acd/is_business      0.5000
agnews#110e3acd/is_business:brier 0.2141
agnews#110e3acd/is_business:ece  0.0873
agnews#110e3acd/is_scitech       0.5000
agnews#110e3acd/is_scitech:brier 0.2363
agnews#110e3acd/is_scitech:ece   0.0559
agnews#110e3acd/topic            0.0000
agnews#110e3acd/topic:ece        0.2554
agnews#1667c969/is_business      0.0000
agnews#1667c969/is_business:brier 0.2605
agnews#1667c969/is_business:ece  0.5104
agnews#1667c969/is_world         1.0000
agnews#1667c969/is_world:brier   0.2103
agnews#1667c969/is_world:ece     0.4586
agnews#1667c969/topic            1.0000
agnews#1667c969/topic:ece        0.7188
agnews#16f9789d/is_sports        0.0000
agnews#16f9789d/is_sports:brier  0.2705
agnews#16f9789d/is_sports:ece    0.5201
agnews#16f9789d/is_world         0.0000
agnews#16f9789d/is_world:brier   0.2788
agnews#16f9789d/is_world:ece     0.5280
agnews#16f9789d/topic            1.0000
agnews#16f9789d/topic:ece        0.7274
agnews#1ebdd316/is_scitech       0.5000
agnews#1ebdd316/is_scitech:brier 0.2685
agnews#1ebdd316/is_scitech:ece   0.1006
agnews#1ebdd316/is_sports        1.0000
agnews#1ebdd316/is_sports:brier  0.2265
agnews#1ebdd316/is_sports:ece    0.4757
agnews#1ebdd316/topic            0.5000
agnews#1ebdd316/topic:ece        0.2332
agnews#203ca3a4/topic            0.0000
agnews#203ca3a4/topic:ece        0.2422
agnews#21779857/is_scitech       1.0000
agnews#21779857/is_scitech:brier 0.2045
agnews#21779857/is_scitech:ece   0.4509
agnews#21779857/is_sports        0.5000
agnews#21779857/is_sports:brier  0.3231
agnews#21779857/is_sports:ece    0.0916
agnews#21779857/topic            0.0000
agnews#21779857/topic:ece        0.2928
agnews#21ca1dbf/is_business      0.5000
agnews#21ca1dbf/is_business:brier 0.2519
agnews#21ca1dbf/is_business:ece  0.0339
agnews#21ca1dbf/is_sports        0.0000
agnews#21ca1dbf/is_sports:brier  0.3079
agnews#21ca1dbf/is_sports:ece    0.5537
agnews#21ca1dbf/topic            0.5000
agnews#21ca1dbf/topic:ece        0.2266
agnews#21ea3728/is_business      0.0000
agnews#21ea3728/is_business:brier 0.2828
agnews#21ea3728/is_business:ece  0.5317
agnews#21ea3728/is_world         0.0000
agnews#21ea3728/is_world:brier   0.2826
agnews#21ea3728/is_world:ece     0.5316
agnews#21ea3728/topic            0.0000
agnews#21ea3728/topic:ece        0.2551
agnews#2363f4d6/is_business      0.0000
agnews#2363f4d6/is_business:brier 0.3321
agnews#2363f4d6/is_business:ece  0.5763
agnews#2363f4d6/is_scitech       0.0000
agnews#2363f4d6/is_scitech:brier 0.2542
agnews#2363f4d6/is_scitech:ece   0.5042
agnews#2363f4d6/topic            0.0000
agnews#2363f4d6/topic:ece        0.2744
agnews#24660657/is_business      1.0000
agnews#24660657/is_business:brier 0.1584
agnews#24660657/is_business:ece  0.3980
agnews#24660657/is_world         1.0000
agnews#24660657/is_world:brier   0.1936
agnews#24660657/is_world:ece     0.4400
agnews#24660657/topic            0.0000
agnews#24660657/topic:ece        0.2686
agnews#255d87bd/is_scitech       1.0000
agnews#255d87bd/is_scitech:brier 0.1765
agnews#255d87bd/is_scitech:ece   0.4201
agnews#255d87bd/is_sports        1.0000
agnews#255d87bd/is_sports:brier  0.2029
agnews#255d87bd/is_sports:ece    0.4505
agnews#255d87bd/topic            0.0000
agnews#255d87bd/topic:ece        0.2552
agnews#25c1e4b8/topic            0.0000
agnews#25c1e4b8/topic:ece        0.2910
agnews#27262a1f/is_scitech       0.0000
agnews#27262a1f/is_scitech:brier 0.2988
agnews#27262a1f/is_scitech:ece   0.5466
agnews#27262a1f/is_sports        1.0000
agnews#27262a1f/is_sports:brier  0.2494
agnews#27262a1f/is_sports:ece    0.4994
agnews#27262a1f/topic            0.0000
agnews#27262a1f/topic:ece        0.3441
agnews#2975d76b/topic            1.0000
agnews#2975d76b/topic:ece        0.7188
agnews#2a8b7c8c/is_sports        0.0000
agnews#2a8b7c8c/is_sports:brier  0.2790
agnews#2a8b7c8c/is_sports:ece    0.5282
agnews#2a8b7c8c/is_world         0.0000
agnews#2a8b7c8c/is_world:brier   0.3127
agnews#2a8b7c8c/is_world:ece     0.5592
agnews#2a8b7c8c/topic            1.0000
agnews#2a8b7c8c/topic:ece        0.7145
agnews#2b700a87/is_business      0.2500
agnews#2b700a87/is_business:brier 0.2508
agnews#2b700a87/is_business:ece  0.2843
agnews#2b700a87/is_world         0.0000
agnews#2b700a87/is_world:brier   0.2863
agnews#2b700a87/is_world:ece     0.5346
agnews#2b700a87/topic            0.0000
agnews#2b700a87/topic:ece        0.2596
agnews#2d7c940a/topic            1.0000
agnews#2d7c940a/topic:ece        0.7782
agnews#3003d99d/is_business      0.0000
agnews#3003d99d/is_business:brier 0.3738
agnews#3003d99d/is_business:ece  0.6114
agnews#3003d99d/is_sports        0.0000
agnews#3003d99d/is_sports:brier  0.3508
agnews#3003d99d/is_sports:ece    0.5923
agnews#3003d99d/topic            0.0000
agnews#3003d99d/topic:ece        0.2756
agnews#313bd558/topic            1.0000
agnews#313bd558/topic:ece        0.7238
agnews#38a1aaca/is_business      1.0000
agnews#38a1aaca/is_business:brier 0.2443
agnews#38a1aaca/is_business:ece  0.4943
agnews#38a1aaca/is_scitech       1.0000
agnews#38a1aaca/is_scitech:brier 0.2217
agnews#38a1aaca/is_scitech:ece   0.4708
agnews#38a1aaca/topic            0.0000
agnews#38a1aaca/topic:ece        0.2742
agnews#3a01082a/is_scitech       1.0000
agnews#3a01082a/is_scitech:brier 0.1561
agnews#3a01082a/is_scitech:ece   0.3950
agnews#3a01082a/is_world         1.0000
agnews#3a01082a/is_world:brier   0.1728
agnews#3a01082a/is_world:ece     0.4157
agnews#3a01082a/topic            1.0000
agnews#3a01082a/topic:ece        0.6860
agnews#3a8e783a/is_business      1.0000
agnews#3a8e783a/is_business:brier 0.2493
agnews#3a8e783a/is_business:ece  0.4993
agnews#3a8e783a/is_scitech       1.0000
agnews#3a8e783a/is_scitech:brier 0.2097
agnews#3a8e783a/is_scitech:ece   0.4579
agnews#3a8e783a/topic            0.0000
agnews#3a8e783a/topic:ece        0.3022
agnews#3e691121/is_business      1.0000
agnews#3e691121/is_business:brier 0.2397
agnews#3e691121/is_business:ece  0.4896
agnews#3e691121/is_sports        1.0000
agnews#3e691121/is_sports:brier  0.2069
agnews#3e691121/is_sports:ece    0.4549
agnews#3e691121/topic            0.0000
agnews#3e691121/topic:ece        0.2599
agnews#44693467/is_scitech       0.0000
agnews#44693467/is_scitech:brier 0.3196
agnews#44693467/is_scitech:ece   0.5636
agnews#44693467/is_sports        0.5000
agnews#44693467/is_sports:brier  0.2424
agnews#44693467/is_sports:ece    0.0444
agnews#44693467/topic            0.0000
agnews#44693467/topic:ece        0.3098
agnews#4596601c/topic            0.0000
agnews#4596601c/topic:ece        0.2345
agnews#45dec667/is_business      0.0000
agnews#45dec667/is_business:brier 0.3105
agnews#45dec667/is_business:ece  0.5572
agnews#45dec667/is_world         1.0000
agnews#45dec667/is_world:brier   0.2175
agnews#45dec667/is_world:ece     0.4664
agnews#45dec667/topic            0.0000
agnews#45dec667/topic:ece        0.2769
agnews#47c59c43/is_sports        1.0000
agnews#47c59c43/is_sports:brier  0.1990
agnews#47c59c43/is_sports:ece    0.4461
agnews#47c59c43/is_world         0.0000
agnews#47c59c43/is_world:brier   0.2681
agnews#47c59c43/is_world:ece     0.5178
agnews#47c59c43/topic            0.0000
agnews#47c59c43/topic:ece        0.2923
agnews#4c405cc7/topic            1.0000
agnews#4c405cc7/topic:ece        0.7285
agnews#4e415d1f/topic            0.0000
agnews#4e415d1f/topic:ece        0.2347
agnews#5012156f/is_business      0.0000
agnews#5012156f/is_business:brier 0.2610
agnews#5012156f/is_business:ece  0.5109
agnews#5012156f/is_world         1.0000
agnews#5012156f/is_world:brier   0.1623
agnews#5012156f/is_world:ece     0.4029
agnews#5012156f/topic            1.0000
agnews#5012156f/topic:ece        0.7133
agnews#536693dd/is_scitech       0.0000
agnews#536693dd/is_scitech:brier 0.2631
agnews#536693dd/is_scitech:ece   0.5129
agnews#536693dd/is_sports        0.0000
agnews#536693dd/is_sports:brier  0.3069
agnews#536693dd/is_sports:ece    0.5540
agnews#536693dd/topic            1.0000
agnews#536693dd/topic:ece        0.7437
agnews#5390b534/is_scitech       0.0000
agnews#5390b534/is_scitech:brier 0.3158
agnews#5390b534/is_scitech:ece   0.5620
agnews#5390b534/is_sports        0.0000
agnews#5390b534/is_sports:brier  0.2830
agnews#5390b534/is_sports:ece    0.5320
agnews#5390b534/topic            0.0000
agnews#5390b534/topic:ece        0.2816
agnews#5449951c/is_sports        1.0000
agnews#5449951c/is_sports:brier  0.1931
agnews#5449951c/is_sports:ece    0.4395
agnews#5449951c/is_world         0.0000
agnews#5449951c/is_world:brier   0.2832
agnews#5449951c/is_world:ece     0.5322
agnews#5449951c/topic            0.0000
agnews#5449951c/topic:ece        0.3362
agnews#5603f77c/is_business      1.0000
agnews#5603f77c/is_business:brier 0.2027
agnews#5603f77c/is_business:ece  0.4502
agnews#5603f77c/is_world         1.0000
agnews#5603f77c/is_world:brier   0.1930
agnews#5603f77c/is_world:ece     0.4394
agnews#5603f77c/topic            0.0000
agnews#5603f77c/topic:ece        0.2900
agnews#56fa5d0c/topic            1.0000
agnews#56fa5d0c/topic:ece        0.7388
agnews#5a0720c4/is_business      1.0000
agnews#5a0720c4/is_business:brier 0.2155
agnews#5a0720c4/is_business:ece  0.4642
agnews#5a0720c4/is_scitech       0.0000
agnews#5a0720c4/is_scitech:brier 0.3982
agnews#5a0720c4/is_scitech:ece   0.6310
agnews#5a0720c4/topic            0.0000
agnews#5a0720c4/topic:ece        0.2837
agnews#5f74ff28/is_scitech       0.0000
agnews#5f74ff28/is_scitech:brier 0.2982
agnews#5f74ff28/is_scitech:ece   0.5460
agnews#5f74ff28/is_world         0.0000
agnews#5f74ff28/is_world:brier   0.2669
agnews#5f74ff28/is_world:ece     0.5166
agnews#5f74ff28/topic            0.0000
agnews#5f74ff28/topic:ece        0.2629
agnews#624ff648/is_sports        0.0000
agnews#624ff648/is_sports:brier  0.2598
agnews#624ff648/is_sports:ece    0.5097
agnews#624ff648/is_world         0.5000
agnews#624ff648/is_world:brier   0.2423
agnews#624ff648/is_world:ece     0.0597
agnews#624ff648/topic            0.5000
agnews#624ff648/topic:ece        0.2365
agnews#67032b9f/is_scitech       1.0000
agnews#67032b9f/is_scitech:brier 0.2489
agnews#67032b9f/is_scitech:ece   0.4989
agnews#67032b9f/is_world         1.0000
agnews#67032b9f/is_world:brier   0.2149
agnews#67032b9f/is_world:ece     0.4636
agnews#67032b9f/topic            0.0000
agnews#67032b9f/topic:ece        0.2618
agnews#67eb80df/topic            0.0000
agnews#67eb80df/topic:ece        0.3541
agnews#6b269087/is_scitech       0.0000
agnews#6b269087/is_scitech:brier 0.2691
agnews#6b269087/is_scitech:ece   0.5188
agnews#6b269087/is_sports        1.0000
agnews#6b269087/is_sports:brier  0.2286
agnews#6b269087/is_sports:ece    0.4781
agnews#6b269087/topic            0.0000
agnews#6b269087/topic:ece        0.3183
agnews#6c9e586d/topic            0.0000
agnews#6c9e586d/topic:ece        0.2735
agnews#7265edf1/is_business      1.0000
agnews#7265edf1/is_business:brier 0.1964
agnews#7265edf1/is_business:ece  0.4403
agnews#7265edf1/is_sports        0.5000
agnews#7265edf1/is_sports:brier  0.2616
agnews#7265edf1/is_sports:ece    0.0593
agnews#7265edf1/topic            0.5000
agnews#7265edf1/topic:ece        0.2401
agnews#73989e45/is_sports        0.0000
agnews#73989e45/is_sports:brier  0.3819
agnews#73989e45/is_sports:ece    0.6180
agnews#73989e45/is_world         1.0000
agnews#73989e45/is_world:brier   0.2150
agnews#73989e45/is_world:ece     0.4637
agnews#73989e45/topic            1.0000
agnews#73989e45/topic:ece        0.6765
agnews#73d29a73/is_business      0.0000
agnews#73d29a73/is_business:brier 0.3307
agnews#73d29a73/is_business:ece  0.5751
agnews#73d29a73/is_sports        0.0000
agnews#73d29a73/is_sports:brier  0.2949
agnews#73d29a73/is_sports:ece    0.5431
agnews#73d29a73/topic            0.0000
agnews#73d29a73/topic:ece        0.2946
agnews#73e24eee/is_business      0.0000
agnews#73e24eee/is_business:brier 0.2881
agnews#73e24eee/is_business:ece  0.5367
agnews#73e24eee/is_scitech       1.0000
agnews#73e24eee/is_scitech:brier 0.1663
agnews#73e24eee/is_scitech:ece   0.4078
agnews#73e24eee/topic            0.0000
agnews#73e24eee/topic:ece        0.2626
agnews#7a096b19/topic            0.0000
agnews#7a096b19/topic:ece        0.3478
agnews#7baf7e07/is_scitech       1.0000
agnews#7baf7e07/is_scitech:brier 0.1820
agnews#7baf7e07/is_scitech:ece   0.4267
agnews#7baf7e07/is_world         0.0000
agnews#7baf7e07/is_world:brier   0.2790
agnews#7baf7e07/is_world:ece     0.5282
agnews#7baf7e07/topic            1.0000
agnews#7baf7e07/topic:ece        0.6923
agnews#806ce1bd/topic            0.0000
agnews#806ce1bd/topic:ece        0.3111
agnews#81561c26/is_scitech       1.0000
agnews#81561c26/is_scitech:brier 0.2160
agnews#81561c26/is_scitech:ece   0.4648
agnews#81561c26/is_sports        1.0000
agnews#81561c26/is_sports:brier  0.2245
agnews#81561c26/is_sports:ece    0.4738
agnews#81561c26/topic            1.0000
agnews#81561c26/topic:ece        0.7407
agnews#88ff6664/is_scitech       1.0000
agnews#88ff6664/is_scitech:brier 0.1765
agnews#88ff6664/is_scitech:ece   0.4201
agnews#88ff6664/is_sports        1.0000
agnews#88ff6664/is_sports:brier  0.2029
agnews#88ff6664/is_sports:ece    0.4505
agnews#88ff6664/topic            1.0000
agnews#88ff6664/topic:ece        0.7363
agnews#8eab5c58/is_business      0.0000
agnews#8eab5c58/is_business:brier 0.2835
agnews#8eab5c58/is_business:ece  0.5325
agnews#8eab5c58/is_scitech       0.0000
agnews#8eab5c58/is_scitech:brier 0.2879
agnews#8eab5c58/is_scitech:ece   0.5365
agnews#8eab5c58/topic            0.0000
agnews#8eab5c58/topic:ece        0.2604
agnews#90ea72a0/topic            1.0000
agnews#90ea72a0/topic:ece        0.7554
agnews#921e810f/topic            0.0000
agnews#921e810f/topic:ece        0.2459
agnews#92b6317d/is_business      0.0000
agnews#92b6317d/is_business:brier 0.2519
agnews#92b6317d/is_business:ece  0.5019
agnews#92b6317d/is_scitech       0.0000
agnews#92b6317d/is_scitech:brier 0.2568
agnews#92b6317d/is_scitech:ece   0.5068
agnews#92b6317d/topic            0.0000
agnews#92b6317d/topic:ece        0.3383
agnews#93c8cf04/is_business      1.0000
agnews#93c8cf04/is_business:brier 0.1887
agnews#93c8cf04/is_business:ece  0.4344
agnews#93c8cf04/is_sports        1.0000
agnews#93c8cf04/is_sports:brier  0.1589
agnews#93c8cf04/is_sports:ece    0.3986
agnews#93c8cf04/topic            0.0000
agnews#93c8cf04/topic:ece        0.2652
agnews#94602c75/is_business      0.0000
agnews#94602c75/is_business:brier 0.2610
agnews#94602c75/is_business:ece  0.5109
agnews#94602c75/is_world         1.0000
agnews#94602c75/is_world:brier   0.1623
agnews#94602c75/is_world:ece     0.4029
agnews#94602c75/topic            0.0000
agnews#94602c75/topic:ece        0.3047
agnews#946925c6/is_sports        1.0000
agnews#946925c6/is_sports:brier  0.2219
agnews#946925c6/is_sports:ece    0.4710
agnews#946925c6/is_world         0.0000
agnews#946925c6/is_world:brier   0.2643
agnews#946925c6/is_world:ece     0.5141
agnews#946925c6/topic            0.0000
agnews#946925c6/topic:ece        0.2575
agnews#99e0dc86/is_business      1.0000
agnews#99e0dc86/is_business:brier 0.1816
agnews#99e0dc86/is_business:ece  0.4261
agnews#99e0dc86/is_sports        1.0000
agnews#99e0dc86/is_sports:brier  0.1505
agnews#99e0dc86/is_sports:ece    0.3880
agnews#99e0dc86/topic            0.0000
agnews#99e0dc86/topic:ece        0.3848
agnews#9a195682/is_business      0.0000
agnews#9a195682/is_business:brier 0.2621
agnews#9a195682/is_business:ece  0.5120
agnews#9a195682/is_world         1.0000
agnews#9a195682/is_world:brier   0.2436
agnews#9a195682/is_world:ece     0.4935
agnews#9a195682/topic            0.0000
agnews#9a195682/topic:ece        0.2653
agnews#9b9ee98c/is_scitech       0.0000
agnews#9b9ee98c/is_scitech:brier 0.2800
agnews#9b9ee98c/is_scitech:ece   0.5291
agnews#9b9ee98c/is_world         0.0000
agnews#9b9ee98c/is_world:brier   0.3541
agnews#9b9ee98c/is_world:ece     0.5951
agnews#9b9ee98c/topic            0.0000
agnews#9b9ee98c/topic:ece        0.2687
agnews#9bfe9e2b/is_business      1.0000
agnews#9bfe9e2b/is_business:brier 0.1848
agnews#9bfe9e2b/is_business:ece  0.4299
agnews#9bfe9e2b/is_world         0.0000
agnews#9bfe9e2b/is_world:brier   0.2642
agnews#9bfe9e2b/is_world:ece     0.5140
agnews#9bfe9e2b/topic            0.0000
agnews#9bfe9e2b/topic:ece        0.2610
agnews#9cb1b91b/is_business      1.0000
agnews#9cb1b91b/is_business:brier 0.2352
agnews#9cb1b91b/is_business:ece  0.4850
agnews#9cb1b91b/is_sports        0.0000
agnews#9cb1b91b/is_sports:brier  0.3478
agnews#9cb1b91b/is_sports:ece    0.5897
agnews#9cb1b91b/topic            0.0000
agnews#9cb1b91b/topic:ece        0.2952
agnews#a1ee81c0/is_scitech       0.0000
agnews#a1ee81c0/is_scitech:brier 0.2588
agnews#a1ee81c0/is_scitech:ece   0.5088
agnews#a1ee81c0/is_world         0.0000
agnews#a1ee81c0/is_world:brier   0.2913
agnews#a1ee81c0/is_world:ece     0.5397
agnews#a1ee81c0/topic            0.0000
agnews#a1ee81c0/topic:ece        0.2965
agnews#a46164b2/is_scitech       0.0000
agnews#a46164b2/is_scitech:brier 0.2719
agnews#a46164b2/is_scitech:ece   0.5214
agnews#a46164b2/is_sports        1.0000
agnews#a46164b2/is_sports:brier  0.2405
agnews#a46164b2/is_sports:ece    0.4904
agnews#a46164b2/topic            1.0000
agnews#a46164b2/topic:ece        0.7351
agnews#a7f9dae7/topic            0.0000
agnews#a7f9dae7/topic:ece        0.2142
agnews#ac3c18dc/is_scitech       0.0000
agnews#ac3c18dc/is_scitech:brier 0.2530
agnews#ac3c18dc/is_scitech:ece   0.5030
agnews#ac3c18dc/is_sports        1.0000
agnews#ac3c18dc/is_sports:brier  0.2273
agnews#ac3c18dc/is_sports:ece    0.4768
agnews#ac3c18dc/topic            0.0000
agnews#ac3c18dc/topic:ece        0.3163
agnews#acd02807/is_scitech       1.0000
agnews#acd02807/is_scitech:brier 0.2363
agnews#acd02807/is_scitech:ece   0.4862
agnews#acd02807/is_sports        1.0000
agnews#acd02807/is_sports:brier  0.2397
agnews#acd02807/is_sports:ece    0.4896
agnews#acd02807/topic            0.0000
agnews#acd02807/topic:ece        0.2621
agnews#b7048fc3/is_business      0.0000
agnews#b7048fc3/is_business:brier 0.3006
agnews#b7048fc3/is_business:ece  0.5482
agnews#b7048fc3/is_scitech       0.0000
agnews#b7048fc3/is_scitech:brier 0.4314
agnews#b7048fc3/is_scitech:ece   0.6568
agnews#b7048fc3/topic            0.0000
agnews#b7048fc3/topic:ece        0.3008
agnews#bac407f2/topic            0.0000
agnews#bac407f2/topic:ece        0.2667
agnews#bdcd5e67/is_business      0.0000
agnews#bdcd5e67/is_business:brier 0.2835
agnews#bdcd5e67/is_business:ece  0.5325
agnews#bdcd5e67/is_scitech       0.0000
agnews#bdcd5e67/is_scitech:brier 0.2879
agnews#bdcd5e67/is_scitech:ece   0.5365
agnews#bdcd5e67/topic            0.0000
agnews#bdcd5e67/topic:ece        0.2577
agnews#be533bc6/is_business      1.0000
agnews#be533bc6/is_business:brier 0.1497
agnews#be533bc6/is_business:ece  0.3869
agnews#be533bc6/is_sports        1.0000
agnews#be533bc6/is_sports:brier  0.1346
agnews#be533bc6/is_sports:ece    0.3668
agnews#be533bc6/topic            0.0000
agnews#be533bc6/topic:ece        0.2619
agnews#be9902a6/is_scitech       0.0000
agnews#be9902a6/is_scitech:brier 0.3210
agnews#be9902a6/is_scitech:ece   0.5666
agnews#be9902a6/is_sports        1.0000
agnews#be9902a6/is_sports:brier  0.2459
agnews#be9902a6/is_sports:ece    0.4959
agnews#be9902a6/topic            0.0000
agnews#be9902a6/topic:ece        0.2733
agnews#beeab617/is_sports        0.0000
agnews#beeab617/is_sports:brier  0.3819
agnews#beeab617/is_sports:ece    0.6180
agnews#beeab617/is_world         1.0000
agnews#beeab617/is_world:brier   0.2150
agnews#beeab617/is_world:ece     0.4637
agnews#beeab617/topic            0.0000
agnews#beeab617/topic:ece        0.3113
agnews#c18ecfd4/is_business      0.0000
agnews#c18ecfd4/is_business:brier 0.3082
agnews#c18ecfd4/is_business:ece  0.5552
agnews#c18ecfd4/is_scitech       0.0000
agnews#c18ecfd4/is_scitech:brier 0.2539
agnews#c18ecfd4/is_scitech:ece   0.5039
agnews#c18ecfd4/topic            0.0000
agnews#c18ecfd4/topic:ece        0.2891
agnews#c3044452/is_sports        1.0000
agnews#c3044452/is_sports:brier  0.1588
agnews#c3044452/is_sports:ece    0.3985
agnews#c3044452/is_world         0.0000
agnews#c3044452/is_world:brier   0.3629
agnews#c3044452/is_world:ece     0.6024
agnews#c3044452/topic            1.0000
agnews#c3044452/topic:ece        0.7429
agnews#c8562e45/is_sports        1.0000
agnews#c8562e45/is_sports:brier  0.2219
agnews#c8562e45/is_sports:ece    0.4710
agnews#c8562e45/is_world         0.0000
agnews#c8562e45/is_world:brier   0.2643
agnews#c8562e45/is_world:ece     0.5141
agnews#c8562e45/topic            0.0000
agnews#c8562e45/topic:ece        0.2754
agnews#c8903e5a/is_scitech       1.0000
agnews#c8903e5a/is_scitech:brier 0.2489
agnews#c8903e5a/is_scitech:ece   0.4989
agnews#c8903e5a/is_world         1.0000
agnews#c8903e5a/is_world:brier   0.2149
agnews#c8903e5a/is_world:ece     0.4636
agnews#c8903e5a/topic            0.0000
agnews#c8903e5a/topic:ece        0.2659
agnews#c937dfad/topic            0.0000
agnews#c937dfad/topic:ece        0.3081
agnews#cad4f208/is_business      1.0000
agnews#cad4f208/is_business:brier 0.1834
agnews#cad4f208/is_business:ece  0.4282
agnews#cad4f208/is_sports        1.0000
agnews#cad4f208/is_sports:brier  0.1883
agnews#cad4f208/is_sports:ece    0.4339
agnews#cad4f208/topic            0.0000
agnews#cad4f208/topic:ece        0.2957
agnews#ce70d07a/is_scitech       0.0000
agnews#ce70d07a/is_scitech:brier 0.3158
agnews#ce70d07a/is_scitech:ece   0.5620
agnews#ce70d07a/is_sports        0.0000
agnews#ce70d07a/is_sports:brier  0.2830
agnews#ce70d07a/is_sports:ece    0.5320
agnews#ce70d07a/topic            0.0000
agnews#ce70d07a/topic:ece        0.3802
agnews#d14c7f8f/topic            1.0000
agnews#d14c7f8f/topic:ece        0.7353
agnews#d77faf0e/is_scitech       1.0000
agnews#d77faf0e/is_scitech:brier 0.1532
agnews#d77faf0e/is_scitech:ece   0.3914
agnews#d77faf0e/is_world         0.0000
agnews#d77faf0e/is_world:brier   0.3191
agnews#d77faf0e/is_world:ece     0.5649
agnews#d77faf0e/topic            0.0000
agnews#d77faf0e/topic:ece        0.2917
agnews#d890857a/is_business      0.0000
agnews#d890857a/is_business:brier 0.2858
agnews#d890857a/is_business:ece  0.5346
agnews#d890857a/is_scitech       1.0000
agnews#d890857a/is_scitech:brier 0.1533
agnews#d890857a/is_scitech:ece   0.3916
agnews#d890857a/topic            0.0000
agnews#d890857a/topic:ece        0.3030
agnews#db2cb2ea/is_business      0.0000
agnews#db2cb2ea/is_business:brier 0.2978
agnews#db2cb2ea/is_business:ece  0.5457
agnews#db2cb2ea/is_scitech       1.0000
agnews#db2cb2ea/is_scitech:brier 0.2354
agnews#db2cb2ea/is_scitech:ece   0.4852
agnews#db2cb2ea/topic            1.0000
agnews#db2cb2ea/topic:ece        0.7415
agnews#db8eeff0/is_business      1.0000
agnews#db8eeff0/is_business:brier 0.2397
agnews#db8eeff0/is_business:ece  0.4896
agnews#db8eeff0/is_sports        1.0000
agnews#db8eeff0/is_sports:brier  0.2069
agnews#db8eeff0/is_sports:ece    0.4549
agnews#db8eeff0/topic            0.0000
agnews#db8eeff0/topic:ece        0.2651
agnews#dc2415f6/topic            0.0000
agnews#dc2415f6/topic:ece        0.2106
agnews#e78b565a/topic            0.0000
agnews#e78b565a/topic:ece        0.2108
agnews#e808c625/is_business      0.0000
agnews#e808c625/is_business:brier 0.3283
agnews#e808c625/is_business:ece  0.5730
agnews#e808c625/is_world         1.0000
agnews#e808c625/is_world:brier   0.2268
agnews#e808c625/is_world:ece     0.4762
agnews#e808c625/topic            0.0000
agnews#e808c625/topic:ece        0.2698
agnews#f33602d4/is_sports        0.0000
agnews#f33602d4/is_sports:brier  0.3377
agnews#f33602d4/is_sports:ece    0.5811
agnews#f33602d4/is_world         0.0000
agnews#f33602d4/is_world:brier   0.3591
agnews#f33602d4/is_world:ece     0.5993
agnews#f33602d4/topic            0.0000
agnews#f33602d4/topic:ece        0.2997
agnews#f442f0d8/is_scitech       1.0000
agnews#f442f0d8/is_scitech:brier 0.1850
agnews#f442f0d8/is_scitech:ece   0.4302
agnews#f442f0d8/is_sports        1.0000
agnews#f442f0d8/is_sports:brier  0.2026
agnews#f442f0d8/is_sports:ece    0.4501
agnews#f442f0d8/topic            0.0000
agnews#f442f0d8/topic:ece        0.2937
agnews#fbffc97b/is_business      1.0000
agnews#fbffc97b/is_business:brier 0.2307
agnews#fbffc97b/is_business:ece  0.4803
agnews#fbffc97b/is_world         0.0000
agnews#fbffc97b/is_world:brier   0.2520
agnews#fbffc97b/is_world:ece     0.5020
agnews#fbffc97b/topic            0.0000
agnews#fbffc97b/topic:ece        0.2903
agnews#fdbcea81/is_sports        0.5000
agnews#fdbcea81/is_sports:brier  0.2737
agnews#fdbcea81/is_sports:ece    0.0360
agnews#fdbcea81/is_world         0.0000
agnews#fdbcea81/is_world:brier   0.3023
agnews#fdbcea81/is_world:ece     0.5496
agnews#fdbcea81/topic            0.0000
agnews#fdbcea81/topic:ece        0.2591
agnews#fe8c9911/topic            1.0000
agnews#fe8c9911/topic:ece        0.7281
amazon#f0181fef/stars            0.2875
amazon#f0181fef/stars:ece        0.0364
banking77#0030899d/intent        0.0000
banking77#0030899d/intent:ece    0.0148
banking77#008db419/intent        0.0000
banking77#008db419/intent:ece    0.0146
banking77#0408f611/intent        0.0000
banking77#0408f611/intent:ece    0.0148
banking77#05ae7866/intent        0.0000
banking77#05ae7866/intent:ece    0.0146
banking77#0dfa94b9/intent        0.0000
banking77#0dfa94b9/intent:ece    0.0150
banking77#0f1b8392/intent        0.0000
banking77#0f1b8392/intent:ece    0.0144
banking77#0f4e7713/intent        0.0000
banking77#0f4e7713/intent:ece    0.0160
banking77#0f827c24/intent        0.0000
banking77#0f827c24/intent:ece    0.0151
banking77#1202032f/intent        0.0000
banking77#1202032f/intent:ece    0.0161
banking77#139509a6/intent        0.0000
banking77#139509a6/intent:ece    0.0161
banking77#17b3de11/intent        0.0000
banking77#17b3de11/intent:ece    0.0142
banking77#1b6f4b2d/intent        0.0000
banking77#1b6f4b2d/intent:ece    0.0155
banking77#1deead88/intent        0.0000
banking77#1deead88/intent:ece    0.0149
banking77#1f47e8f8/intent        0.0000
banking77#1f47e8f8/intent:ece    0.0176
banking77#1f9127d9/intent        0.0000
banking77#1f9127d9/intent:ece    0.0155
banking77#204a6797/intent        0.0000
banking77#204a6797/intent:ece    0.0146
banking77#2066c7e1/intent        0.0000
banking77#2066c7e1/intent:ece    0.0146
banking77#237d59bc/intent        0.0000
banking77#237d59bc/intent:ece    0.0158
banking77#24bc284f/intent        0.0000
banking77#24bc284f/intent:ece    0.0145
banking77#2cdd3973/intent        0.0000
banking77#2cdd3973/intent:ece    0.0148
banking77#30c48d76/intent        0.0000
banking77#30c48d76/intent:ece    0.0148
banking77#319c6698/intent        0.0000
banking77#319c6698/intent:ece    0.0150
banking77#3606ded6/intent        0.0000
banking77#3606ded6/intent:ece    0.0153
banking77#36896c50/intent        0.0000
banking77#36896c50/intent:ece    0.0150
banking77#36e0311f/intent        0.0000
banking77#36e0311f/intent:ece    0.0155
banking77#3bb5e7ba/intent        0.0000
banking77#3bb5e7ba/intent:ece    0.0155
banking77#3f6d60bf/intent        0.0000
banking77#3f6d60bf/intent:ece    0.0155
banking77#419af110/intent        0.0000
banking77#419af110/intent:ece    0.0154
banking77#4263e274/intent        0.0000
banking77#4263e274/intent:ece    0.0152
banking77#436a15d3/intent        0.0000
banking77#436a15d3/intent:ece    0.0150
banking77#4653dca7/intent        0.0000
banking77#4653dca7/intent:ece    0.0151
banking77#4882b82b/intent        0.0000
banking77#4882b82b/intent:ece    0.0153
banking77#4c60bbc0/intent        0.0000
banking77#4c60bbc0/intent:ece    0.0147
banking77#4e1732ff/intent        0.0000
banking77#4e1732ff/intent:ece    0.0145
banking77#516ad34b/intent        0.0000
banking77#516ad34b/intent:ece    0.0145
banking77#51f5303d/intent        0.0000
banking77#51f5303d/intent:ece    0.0156
banking77#52677129/intent        0.0000
banking77#52677129/intent:ece    0.0153
banking77#53874ada/intent        0.0000
banking77#53874ada/intent:ece    0.0142
banking77#55e67b19/intent        1.0000
banking77#55e67b19/intent:ece    0.9848
banking77#57173cf8/intent        0.0000
banking77#57173cf8/intent:ece    0.0149
banking77#5724651e/intent        0.0000
banking77#5724651e/intent:ece    0.0160
banking77#5c88a54f/intent        0.0000
banking77#5c88a54f/intent:ece    0.0156
banking77#63ae4845/intent        0.0000
banking77#63ae4845/intent:ece    0.0146
banking77#683f6354/intent        0.0000
banking77#683f6354/intent:ece    0.0156
banking77#6c105e86/intent        0.0000
banking77#6c105e86/intent:ece    0.0167
banking77#6d310557/intent        0.0000
banking77#6d310557/intent:ece    0.0157
banking77#6f21057f/intent        0.0000
banking77#6f21057f/intent:ece    0.0149
banking77#70292a4e/intent        0.0000
banking77#70292a4e/intent:ece    0.0152
banking77#71a620c3/intent        0.0000
banking77#71a620c3/intent:ece    0.0164
banking77#721d459f/intent        0.0000
banking77#721d459f/intent:ece    0.0153
banking77#73f371cd/intent        0.0000
banking77#73f371cd/intent:ece    0.0157
banking77#76191aea/intent        0.0000
banking77#76191aea/intent:ece    0.0152
banking77#7643f09d/intent        0.0000
banking77#7643f09d/intent:ece    0.0161
banking77#766ff999/intent        0.0000
banking77#766ff999/intent:ece    0.0148
banking77#7a3715e7/intent        0.0000
banking77#7a3715e7/intent:ece    0.0141
banking77#7c073457/intent        0.0000
banking77#7c073457/intent:ece    0.0153
banking77#7e6f30f3/intent        0.0000
banking77#7e6f30f3/intent:ece    0.0151
banking77#81348c80/intent        0.0000
banking77#81348c80/intent:ece    0.0153
banking77#83eaa89b/intent        0.0000
banking77#83eaa89b/intent:ece    0.0160
banking77#8439b351/intent        0.0000
banking77#8439b351/intent:ece    0.0175
banking77#866a0b0f/intent        0.0000
banking77#866a0b0f/intent:ece    0.0165
banking77#87736e39/intent        0.0000
banking77#87736e39/intent:ece    0.0156
banking77#8ac41824/intent        0.0000
banking77#8ac41824/intent:ece    0.0159
banking77#8ac50d1f/intent        0.0000
banking77#8ac50d1f/intent:ece    0.0151
banking77#8b62f4cb/intent        1.0000
banking77#8b62f4cb/intent:ece    0.9834
banking77#8cf60dcc/intent        0.0000
banking77#8cf60dcc/intent:ece    0.0158
banking77#8f2de7e7/intent        0.0000
banking77#8f2de7e7/intent:ece    0.0150
banking77#9013836e/intent        0.0000
banking77#9013836e/intent:ece    0.0146
banking77#91d8abf8/intent        0.0000
banking77#91d8abf8/intent:ece    0.0153
banking77#982b8536/intent        0.0000
banking77#982b8536/intent:ece    0.0154
banking77#9949857a/intent        0.0000
banking77#9949857a/intent:ece    0.0167
banking77#99b33866/intent        0.0000
banking77#99b33866/intent:ece    0.0146
banking77#99bfb9c8/intent        0.0000
banking77#99bfb9c8/intent:ece    0.0153
banking77#9a15def9/intent        0.0000
banking77#9a15def9/intent:ece    0.0145
banking77#9bdef398/intent        0.0000
banking77#9bdef398/intent:ece    0.0146
banking77#9c8fe442/intent        0.0000
banking77#9c8fe442/intent:ece    0.0147
banking77#9d3fad97/intent        0.0000
banking77#9d3fad97/intent:ece    0.0151
banking77#9f20a73a/intent        0.0000
banking77#9f20a73a/intent:ece    0.0158
banking77#9ff5a41a/intent        0.0000
banking77#9ff5a41a/intent:ece    0.0153
banking77#a2711965/intent        0.0000
banking77#a2711965/intent:ece    0.0150
banking77#a623522c/intent        0.0000
banking77#a623522c/intent:ece    0.0147
banking77#abc7932c/intent        0.0000
banking77#abc7932c/intent:ece    0.0151
banking77#ad2e4a42/intent        0.0000
banking77#ad2e4a42/intent:ece    0.0154
banking77#af5b1652/intent        0.0000
banking77#af5b1652/intent:ece    0.0163
banking77#b2aa8697/intent        0.0000
banking77#b2aa8697/intent:ece    0.0151
banking77#b4e654d1/intent        0.0000
banking77#b4e654d1/intent:ece    0.0145
banking77#b6e4d687/intent        0.0000
banking77#b6e4d687/intent:ece    0.0158
banking77#ba7bd332/intent        0.0000
banking77#ba7bd332/intent:ece    0.0148
banking77#bc83b188/intent        0.0000
banking77#bc83b188/intent:ece    0.0149
banking77#be0f3ad3/intent        0.0000
banking77#be0f3ad3/intent:ece    0.0167
banking77#be83650b/intent        0.0000
banking77#be83650b/intent:ece    0.0151
banking77#bf9f4c54/intent        0.0000
banking77#bf9f4c54/intent:ece    0.0154
banking77#c054c858/intent        0.0000
banking77#c054c858/intent:ece    0.0161
banking77#c4464c8d/intent        0.0000
banking77#c4464c8d/intent:ece    0.0156
banking77#cb0e454b/intent        0.0000
banking77#cb0e454b/intent:ece    0.0159
banking77#d513113e/intent        0.0000
banking77#d513113e/intent:ece    0.0153
banking77#d662127c/intent        0.0000
banking77#d662127c/intent:ece    0.0152
banking77#d79e56ae/intent        0.0000
banking77#d79e56ae/intent:ece    0.0154
banking77#da1a0c57/intent        0.0000
banking77#da1a0c57/intent:ece    0.0146
banking77#da6ea4f2/intent        0.0000
banking77#da6ea4f2/intent:ece    0.0143
banking77#dad4e9ce/intent        0.0000
banking77#dad4e9ce/intent:ece    0.0152
banking77#dbb070fa/intent        0.0000
banking77#dbb070fa/intent:ece    0.0154
banking77#dc4f17c1/intent        0.0000
banking77#dc4f17c1/intent:ece    0.0146
banking77#df8ea226/intent        0.0000
banking77#df8ea226/intent:ece    0.0153
banking77#dfb2ceb7/intent        0.0000
banking77#dfb2ceb7/intent:ece    0.0155
banking77#dfb61426/intent        0.0000
banking77#dfb61426/intent:ece    0.0147
banking77#e8b7ad9f/intent        0.0000
banking77#e8b7ad9f/intent:ece    0.0151
banking77#ea0decda/intent        0.0000
banking77#ea0decda/intent:ece    0.0159
banking77#ebe84220/intent        0.0000
banking77#ebe84220/intent:ece    0.0159
banking77#ef3b4c29/intent        0.0000
banking77#ef3b4c29/intent:ece    0.0154
banking77#efc91803/intent        0.0000
banking77#efc91803/intent:ece    0.0147
banking77#f34bad9e/intent        0.0000
banking77#f34bad9e/intent:ece    0.0166
banking77#f9e31b28/intent        0.0000
banking77#f9e31b28/intent:ece    0.0154
banking77#f9f812c9/intent        0.0000
banking77#f9f812c9/intent:ece    0.0148
banking77#fa9c7b08/intent        0.0000
banking77#fa9c7b08/intent:ece    0.0151
banking77#fbfa0c95/intent        0.0000
banking77#fbfa0c95/intent:ece    0.0152
boolq#00d55ea1/answer            1.0000
boolq#00d55ea1/answer:brier      0.2432
boolq#00d55ea1/answer:ece        0.4931
boolq#018e66e5/answer            0.0000
boolq#018e66e5/answer:brier      0.2835
boolq#018e66e5/answer:ece        0.5324
boolq#03877994/answer            1.0000
boolq#03877994/answer:brier      0.1826
boolq#03877994/answer:ece        0.4273
boolq#05faff23/answer            0.0000
boolq#05faff23/answer:brier      0.2635
boolq#05faff23/answer:ece        0.5133
boolq#0934a49b/answer            1.0000
boolq#0934a49b/answer:brier      0.2451
boolq#0934a49b/answer:ece        0.4951
boolq#0a0bbc1b/answer            1.0000
boolq#0a0bbc1b/answer:brier      0.2003
boolq#0a0bbc1b/answer:ece        0.4476
boolq#0ebd58ba/answer            0.0000
boolq#0ebd58ba/answer:brier      0.2514
boolq#0ebd58ba/answer:ece        0.5014
boolq#0f4bdd51/answer            1.0000
boolq#0f4bdd51/answer:brier      0.2253
boolq#0f4bdd51/answer:ece        0.4746
boolq#115b85b0/answer            1.0000
boolq#115b85b0/answer:brier      0.2401
boolq#115b85b0/answer:ece        0.4900
boolq#1343dc74/answer            1.0000
boolq#1343dc74/answer:brier      0.2366
boolq#1343dc74/answer:ece        0.4864
boolq#18ce2044/answer            1.0000
boolq#18ce2044/answer:brier      0.2068
boolq#18ce2044/answer:ece        0.4548
boolq#1e836be0/answer            0.0000
boolq#1e836be0/answer:brier      0.4612
boolq#1e836be0/answer:ece        0.6791
boolq#21a995fa/answer            1.0000
boolq#21a995fa/answer:brier      0.2218
boolq#21a995fa/answer:ece        0.4710
boolq#22a77611/answer            0.0000
boolq#22a77611/answer:brier      0.2709
boolq#22a77611/answer:ece        0.5204
boolq#22c6724b/answer            0.0000
boolq#22c6724b/answer:brier      0.3401
boolq#22c6724b/answer:ece        0.5831
boolq#2a294a00/answer            0.0000
boolq#2a294a00/answer:brier      0.2984
boolq#2a294a00/answer:ece        0.5462
boolq#30f4b87a/answer            0.0000
boolq#30f4b87a/answer:brier      0.3298
boolq#30f4b87a/answer:ece        0.5743
boolq#3b81ba63/answer            0.0000
boolq#3b81ba63/answer:brier      0.2798
boolq#3b81ba63/answer:ece        0.5290
boolq#3d8d18d0/answer            1.0000
boolq#3d8d18d0/answer:brier      0.1818
boolq#3d8d18d0/answer:ece        0.4264
boolq#3eeb7a8b/answer            1.0000
boolq#3eeb7a8b/answer:brier      0.2107
boolq#3eeb7a8b/answer:ece        0.4590
boolq#47e432ec/answer            0.0000
boolq#47e432ec/answer:brier      0.2809
boolq#47e432ec/answer:ece        0.5300
boolq#4937f9ff/answer            1.0000
boolq#4937f9ff/answer:brier      0.2213
boolq#4937f9ff/answer:ece        0.4704
boolq#49a8dd92/answer            0.0000
boolq#49a8dd92/answer:brier      0.2611
boolq#49a8dd92/answer:ece        0.5109
boolq#4a2bf04d/answer            0.0000
boolq#4a2bf04d/answer:brier      0.3238
boolq#4a2bf04d/answer:ece        0.5690
boolq#535bad5f/answer            0.0000
boolq#535bad5f/answer:brier      0.2540
boolq#535bad5f/answer:ece        0.5039
boolq#55432011/answer            1.0000
boolq#55432011/answer:brier      0.2170
boolq#55432011/answer:ece        0.4658
boolq#56895bb2/answer            0.0000
boolq#56895bb2/answer:brier      0.2970
boolq#56895bb2/answer:ece        0.5450
boolq#58465e53/answer            1.0000
boolq#58465e53/answer:brier      0.1934
boolq#58465e53/answer:ece        0.4398
boolq#5a26ef8e/answer            0.0000
boolq#5a26ef8e/answer:brier      0.2757
boolq#5a26ef8e/answer:ece        0.5250
boolq#5a50b162/answer            0.0000
boolq#5a50b162/answer:brier      0.2948
boolq#5a50b162/answer:ece        0.5430
boolq#5b305eb3/answer            0.0000
boolq#5b305eb3/answer:brier      0.2738
boolq#5b305eb3/answer:ece        0.5233
boolq#5baa1255/answer            0.0000
boolq#5baa1255/answer:brier      0.3046
boolq#5baa1255/answer:ece        0.5519
boolq#5d50034b/answer            1.0000
boolq#5d50034b/answer:brier      0.2098
boolq#5d50034b/answer:ece        0.4580
boolq#5e64dc71/answer            0.0000
boolq#5e64dc71/answer:brier      0.4025
boolq#5e64dc71/answer:ece        0.6344
boolq#65309635/answer            0.0000
boolq#65309635/answer:brier      0.2975
boolq#65309635/answer:ece        0.5454
boolq#7203a905/answer            1.0000
boolq#7203a905/answer:brier      0.1964
boolq#7203a905/answer:ece        0.4432
boolq#74424c3c/answer            0.0000
boolq#74424c3c/answer:brier      0.3017
boolq#74424c3c/answer:ece        0.5493
boolq#74a50a48/answer            1.0000
boolq#74a50a48/answer:brier      0.1364
boolq#74a50a48/answer:ece        0.3693
boolq#78d2a6b9/answer            0.0000
boolq#78d2a6b9/answer:brier      0.3095
boolq#78d2a6b9/answer:ece        0.5564
boolq#809d0976/answer            0.0000
boolq#809d0976/answer:brier      0.3452
boolq#809d0976/answer:ece        0.5875
boolq#83c2a69a/answer            0.0000
boolq#83c2a69a/answer:brier      0.4453
boolq#83c2a69a/answer:ece        0.6673
boolq#85dddf85/answer            1.0000
boolq#85dddf85/answer:brier      0.1022
boolq#85dddf85/answer:ece        0.3197
boolq#8a54fb08/answer            0.0000
boolq#8a54fb08/answer:brier      0.2587
boolq#8a54fb08/answer:ece        0.5086
boolq#8c41ce7f/answer            0.0000
boolq#8c41ce7f/answer:brier      0.2672
boolq#8c41ce7f/answer:ece        0.5169
boolq#8ce6b560/answer            0.0000
boolq#8ce6b560/answer:brier      0.2572
boolq#8ce6b560/answer:ece        0.5071
boolq#92e0dcae/answer            1.0000
boolq#92e0dcae/answer:brier      0.2205
boolq#92e0dcae/answer:ece        0.4696
boolq#98f37974/answer            1.0000
boolq#98f37974/answer:brier      0.1752
boolq#98f37974/answer:ece        0.4186
boolq#a50db81c/answer            1.0000
boolq#a50db81c/answer:brier      0.1928
boolq#a50db81c/answer:ece        0.4391
boolq#a76df849/answer            1.0000
boolq#a76df849/answer:brier      0.2275
boolq#a76df849/answer:ece        0.4770
boolq#a773bc12/answer            0.0000
boolq#a773bc12/answer:brier      0.3206
boolq#a773bc12/answer:ece        0.5662
boolq#abc5c0ba/answer            1.0000
boolq#abc5c0ba/answer:brier      0.1684
boolq#abc5c0ba/answer:ece        0.4104
boolq#ae3327d9/answer            0.0000
boolq#ae3327d9/answer:brier      0.2861
boolq#ae3327d9/answer:ece        0.5348
boolq#b2d85591/answer            0.0000
boolq#b2d85591/answer:brier      0.2948
boolq#b2d85591/answer:ece        0.5429
boolq#b39525d9/answer            1.0000
boolq#b39525d9/answer:brier      0.2117
boolq#b39525d9/answer:ece        0.4601
boolq#bc3ba948/answer            1.0000
boolq#bc3ba948/answer:brier      0.1177
boolq#bc3ba948/answer:ece        0.3431
boolq#bca198f8/answer            0.0000
boolq#bca198f8/answer:brier      0.3401
boolq#bca198f8/answer:ece        0.5832
boolq#bd0f68d5/answer            0.0000
boolq#bd0f68d5/answer:brier      0.2880
boolq#bd0f68d5/answer:ece        0.5367
boolq#be03ca9b/answer            1.0000
boolq#be03ca9b/answer:brier      0.1946
boolq#be03ca9b/answer:ece        0.4411
boolq#bfcd9fe1/answer            1.0000
boolq#bfcd9fe1/answer:brier      0.2474
boolq#bfcd9fe1/answer:ece        0.4974
boolq#c2972f82/answer            0.0000
boolq#c2972f82/answer:brier      0.2731
boolq#c2972f82/answer:ece        0.5226
boolq#c5f1d021/answer            1.0000
boolq#c5f1d021/answer:brier      0.1503
boolq#c5f1d021/answer:ece        0.3876
boolq#c737699b/answer            1.0000
boolq#c737699b/answer:brier      0.2474
boolq#c737699b/answer:ece        0.4974
boolq#cda54817/answer            0.0000
boolq#cda54817/answer:brier      0.3605
boolq#cda54817/answer:ece        0.6004
boolq#ced779be/answer            1.0000
boolq#ced779be/answer:brier      0.2012
boolq#ced779be/answer:ece        0.4485
boolq#d5ef22e5/answer            0.0000
boolq#d5ef22e5/answer:brier      0.2694
boolq#d5ef22e5/answer:ece        0.5190
boolq#e41320a8/answer            1.0000
boolq#e41320a8/answer:brier      0.1595
boolq#e41320a8/answer:ece        0.3994
boolq#e5ef74e7/answer            0.0000
boolq#e5ef74e7/answer:brier      0.2875
boolq#e5ef74e7/answer:ece        0.5362
boolq#e6d656e9/answer            1.0000
boolq#e6d656e9/answer:brier      0.2314
boolq#e6d656e9/answer:ece        0.4810
boolq#ea017113/answer            0.0000
boolq#ea017113/answer:brier      0.2581
boolq#ea017113/answer:ece        0.5080
boolq#eb03bb35/answer            1.0000
boolq#eb03bb35/answer:brier      0.2304
boolq#eb03bb35/answer:ece        0.4800
boolq#ef432715/answer            1.0000
boolq#ef432715/answer:brier      0.2337
boolq#ef432715/answer:ece        0.4834
boolq#f1cf33bc/answer            0.0000
boolq#f1cf33bc/answer:brier      0.4434
boolq#f1cf33bc/answer:ece        0.6659
boolq#f58004d7/answer            0.0000
boolq#f58004d7/answer:brier      0.4103
boolq#f58004d7/answer:ece        0.6405
boolq#f7937c4b/answer            1.0000
boolq#f7937c4b/answer:brier      0.2066
boolq#f7937c4b/answer:ece        0.4546
boolq#f867a6ea/answer            1.0000
boolq#f867a6ea/answer:brier      0.2361
boolq#f867a6ea/answer:ece        0.4859
boolq#f8e9ead8/answer            1.0000
boolq#f8e9ead8/answer:brier      0.2148
boolq#f8e9ead8/answer:ece        0.4634
boolq#f9781ea7/answer            0.0000
boolq#f9781ea7/answer:brier      0.3251
boolq#f9781ea7/answer:ece        0.5701
boolq#fb4adadd/answer            0.0000
boolq#fb4adadd/answer:brier      0.2807
boolq#fb4adadd/answer:ece        0.5298
boolq#fc86ea21/answer            1.0000
boolq#fc86ea21/answer:brier      0.1571
boolq#fc86ea21/answer:ece        0.3963
boolq#ffbcffee/answer            0.0000
boolq#ffbcffee/answer:brier      0.2948
boolq#ffbcffee/answer:ece        0.5430
contrastive#0acf14a6/decision    0.0000
contrastive#0acf14a6/decision:ece 0.2932
contrastive#13f5d2df/decision    0.0000
contrastive#13f5d2df/decision:ece 0.4439
contrastive#17016bfa/decision    0.0000
contrastive#17016bfa/decision:ece 0.2961
contrastive#427f4f76/decision    0.0000
contrastive#427f4f76/decision:ece 0.3948
contrastive#43be2646/decision    0.0000
contrastive#43be2646/decision:ece 0.3092
contrastive#47b9d154/decision    0.0000
contrastive#47b9d154/decision:ece 0.3695
contrastive#4bf36406/decision    0.0000
contrastive#4bf36406/decision:ece 0.4021
contrastive#4fc008be/decision    0.0000
contrastive#4fc008be/decision:ece 0.4162
contrastive#5027ab28/decision    0.0000
contrastive#5027ab28/decision:ece 0.3930
contrastive#58eb02cd/decision    1.0000
contrastive#58eb02cd/decision:ece 0.6727
contrastive#5cbe51fa/decision    0.0000
contrastive#5cbe51fa/decision:ece 0.3051
contrastive#5d7b23a6/decision    0.0000
contrastive#5d7b23a6/decision:ece 0.3467
contrastive#7515fc21/decision    0.3333
contrastive#7515fc21/decision:ece 0.1208
contrastive#91477361/decision    0.5000
contrastive#91477361/decision:ece 0.1958
contrastive#a40890cc/decision    0.5854
contrastive#a40890cc/decision:ece 0.0023
contrastive#ae558619/decision    0.0000
contrastive#ae558619/decision:ece 0.6353
contrastive#b6fe76ef/decision    1.0000
contrastive#b6fe76ef/decision:ece 0.6125
contrastive#b81fb4d6/decision    0.0000
contrastive#b81fb4d6/decision:ece 0.4535
contrastive#bf106c75/decision    0.5000
contrastive#bf106c75/decision:ece 0.1267
contrastive#d8b21ca9/decision    0.4750
contrastive#d8b21ca9/decision:brier 0.2607
contrastive#d8b21ca9/decision:ece 0.1077
contrastive#dd2530a8/decision    0.7500
contrastive#dd2530a8/decision:ece 0.3437
contrastive#dfe18e65/decision    1.0000
contrastive#dfe18e65/decision:ece 0.6996
contrastive#ee347cff/decision    0.5000
contrastive#ee347cff/decision:ece 0.0878
contrastive#f64d6e70/decision    0.0000
contrastive#f64d6e70/decision:ece 0.2828
contrastive#f959b3a9/decision    0.0000
contrastive#f959b3a9/decision:ece 0.3643
contrastive#fbeb1993/decision    0.5500
contrastive#fbeb1993/decision:brier 0.2485
contrastive#fbeb1993/decision:ece 0.0242
contrastive#ff24ddab/decision    1.0000
contrastive#ff24ddab/decision:ece 0.7058
dbpedia14#036f9f16/category      0.0000
dbpedia14#036f9f16/category:ece  0.1142
dbpedia14#17002816/category      1.0000
dbpedia14#17002816/category:ece  0.9023
dbpedia14#19a86d1f/category      0.0000
dbpedia14#19a86d1f/category:ece  0.1040
dbpedia14#19e1ead0/category      0.0000
dbpedia14#19e1ead0/category:ece  0.1121
dbpedia14#28835e4a/category      0.0000
dbpedia14#28835e4a/category:ece  0.1090
dbpedia14#289a7ea8/category      0.0000
dbpedia14#289a7ea8/category:ece  0.0822
dbpedia14#28b39607/category      0.0000
dbpedia14#28b39607/category:ece  0.1204
dbpedia14#480f6ba3/category      0.0000
dbpedia14#480f6ba3/category:ece  0.0955
dbpedia14#4883df51/category      0.0000
dbpedia14#4883df51/category:ece  0.0999
dbpedia14#5490b2af/category      0.0000
dbpedia14#5490b2af/category:ece  0.1144
dbpedia14#5ced3615/category      0.0000
dbpedia14#5ced3615/category:ece  0.1010
dbpedia14#608d1949/category      0.0000
dbpedia14#608d1949/category:ece  0.0817
dbpedia14#60d1fc93/category      0.0000
dbpedia14#60d1fc93/category:ece  0.1250
dbpedia14#6f0ae8a1/category      0.0000
dbpedia14#6f0ae8a1/category:ece  0.0950
dbpedia14#70c7971c/category      0.0000
dbpedia14#70c7971c/category:ece  0.1047
dbpedia14#71c192d7/category      0.0000
dbpedia14#71c192d7/category:ece  0.0944
dbpedia14#7d75e6db/category      0.0000
dbpedia14#7d75e6db/category:ece  0.0969
dbpedia14#8e657e8a/category      0.0000
dbpedia14#8e657e8a/category:ece  0.1148
dbpedia14#91cbb9ee/category      0.0000
dbpedia14#91cbb9ee/category:ece  0.0850
dbpedia14#932982fb/category      0.0000
dbpedia14#932982fb/category:ece  0.0935
dbpedia14#93f82e2b/category      0.0500
dbpedia14#93f82e2b/category:ece  0.0586
dbpedia14#9c6d2fae/category      1.0000
dbpedia14#9c6d2fae/category:ece  0.8951
dbpedia14#ab6bda37/category      0.0000
dbpedia14#ab6bda37/category:ece  0.0952
dbpedia14#b5f27802/category      0.0000
dbpedia14#b5f27802/category:ece  0.0941
dbpedia14#bb258d72/category      1.0000
dbpedia14#bb258d72/category:ece  0.8855
dbpedia14#bf10489d/category      0.0000
dbpedia14#bf10489d/category:ece  0.0963
dbpedia14#bf2b2066/category      0.0000
dbpedia14#bf2b2066/category:ece  0.0985
dbpedia14#c0d70538/category      0.0000
dbpedia14#c0d70538/category:ece  0.1036
dbpedia14#c468cc37/category      0.0000
dbpedia14#c468cc37/category:ece  0.0970
dbpedia14#c78ec0a5/category      0.0000
dbpedia14#c78ec0a5/category:ece  0.0901
dbpedia14#cbf52dc1/category      0.0000
dbpedia14#cbf52dc1/category:ece  0.0968
dbpedia14#cf32ed1d/category      0.0000
dbpedia14#cf32ed1d/category:ece  0.0957
dbpedia14#d3b52e04/category      0.0000
dbpedia14#d3b52e04/category:ece  0.0860
dbpedia14#dd128584/category      0.0000
dbpedia14#dd128584/category:ece  0.1076
dbpedia14#ebc0c54b/category      0.0000
dbpedia14#ebc0c54b/category:ece  0.0918
dbpedia14#f450b829/category      0.0000
dbpedia14#f450b829/category:ece  0.1202
dbpedia14#f6d7c4e9/category      0.0000
dbpedia14#f6d7c4e9/category:ece  0.1403
imdb#457dae02/positive           0.5625
imdb#457dae02/positive:brier     0.2394
imdb#457dae02/positive:ece       0.0049
mnli#00d35919/relation           1.0000
mnli#00d35919/relation:ece       0.6559
mnli#00d5afb3/relation           0.0000
mnli#00d5afb3/relation:ece       0.3582
mnli#01a1b96b/relation           0.0000
mnli#01a1b96b/relation:ece       0.3391
mnli#02bd2dcd/relation           0.0000
mnli#02bd2dcd/relation:ece       0.2836
mnli#0459957d/relation           1.0000
mnli#0459957d/relation:ece       0.6453
mnli#06816551/relation           0.0000
mnli#06816551/relation:ece       0.3476
mnli#084deed8/relation           1.0000
mnli#084deed8/relation:ece       0.5595
mnli#0b770d98/relation           0.0000
mnli#0b770d98/relation:ece       0.3555
mnli#0c337c2c/relation           1.0000
mnli#0c337c2c/relation:ece       0.6547
mnli#1565f4d5/relation           0.0000
mnli#1565f4d5/relation:ece       0.3805
mnli#18a15071/relation           1.0000
mnli#18a15071/relation:ece       0.6537
mnli#1999a0ea/relation           1.0000
mnli#1999a0ea/relation:ece       0.6446
mnli#1a90348b/relation           0.0000
mnli#1a90348b/relation:ece       0.3451
mnli#20ec31a7/relation           0.0000
mnli#20ec31a7/relation:ece       0.3384
mnli#21cc0c43/relation           1.0000
mnli#21cc0c43/relation:ece       0.6252
mnli#24c2016e/relation           1.0000
mnli#24c2016e/relation:ece       0.6437
mnli#26150d9b/relation           0.0000
mnli#26150d9b/relation:ece       0.3393
mnli#26b58898/relation           0.0000
mnli#26b58898/relation:ece       0.3415
mnli#26db7e1f/relation           1.0000
mnli#26db7e1f/relation:ece       0.6564
mnli#30046b1f/relation           0.0000
mnli#30046b1f/relation:ece       0.4353
mnli#3455f10b/relation           0.0000
mnli#3455f10b/relation:ece       0.2570
mnli#371f68d8/relation           0.0000
mnli#371f68d8/relation:ece       0.3532
mnli#37e7f9e0/relation           0.0000
mnli#37e7f9e0/relation:ece       0.3711
mnli#3f2a72b0/relation           0.0000
mnli#3f2a72b0/relation:ece       0.3594
mnli#3f7b3dbf/relation           1.0000
mnli#3f7b3dbf/relation:ece       0.6417
mnli#40f8ef32/relation           0.0000
mnli#40f8ef32/relation:ece       0.3978
mnli#421e3dc4/relation           0.0000
mnli#421e3dc4/relation:ece       0.3620
mnli#429e1af1/relation           1.0000
mnli#429e1af1/relation:ece       0.6591
mnli#43644bad/relation           0.0000
mnli#43644bad/relation:ece       0.3435
mnli#44d905f5/relation           1.0000
mnli#44d905f5/relation:ece       0.6321
mnli#455873bb/relation           1.0000
mnli#455873bb/relation:ece       0.6157
mnli#4b7c3e9a/relation           1.0000
mnli#4b7c3e9a/relation:ece       0.6180
mnli#4e36c181/relation           1.0000
mnli#4e36c181/relation:ece       0.6367
mnli#4fb06c82/relation           1.0000
mnli#4fb06c82/relation:ece       0.6190
mnli#52e0a780/relation           0.0000
mnli#52e0a780/relation:ece       0.3475
mnli#5732221d/relation           1.0000
mnli#5732221d/relation:ece       0.6109
mnli#58182aa0/relation           0.0000
mnli#58182aa0/relation:ece       0.3512
mnli#5a98ce9d/relation           0.0000
mnli#5a98ce9d/relation:ece       0.3800
mnli#5b0a5c58/relation           0.0000
mnli#5b0a5c58/relation:ece       0.3558
mnli#5b0b5850/relation           0.0000
mnli#5b0b5850/relation:ece       0.3374
mnli#5bf94280/relation           0.0000
mnli#5bf94280/relation:ece       0.3546
mnli#5dcf0f51/relation           1.0000
mnli#5dcf0f51/relation:ece       0.6580
mnli#634b68c6/relation           1.0000
mnli#634b68c6/relation:ece       0.6424
mnli#63d74237/relation           1.0000
mnli#63d74237/relation:ece       0.6261
mnli#67992009/relation           0.0000
mnli#67992009/relation:ece       0.2783
mnli#6872f6a8/relation           0.0000
mnli#6872f6a8/relation:ece       0.3469
mnli#6b1b2e65/relation           0.0000
mnli#6b1b2e65/relation:ece       0.3924
mnli#6db4a98d/relation           1.0000
mnli#6db4a98d/relation:ece       0.6360
mnli#6fb0e330/relation           0.0000
mnli#6fb0e330/relation:ece       0.3397
mnli#7170a565/relation           0.0000
mnli#7170a565/relation:ece       0.3900
mnli#71f5906b/relation           1.0000
mnli#71f5906b/relation:ece       0.6524
mnli#771af2be/relation           0.0000
mnli#771af2be/relation:ece       0.2556
mnli#7ac03cb2/relation           0.0000
mnli#7ac03cb2/relation:ece       0.3907
mnli#7c9214a0/relation           0.0000
mnli#7c9214a0/relation:ece       0.3524
mnli#7fcdc59a/relation           1.0000
mnli#7fcdc59a/relation:ece       0.6259
mnli#82a8c0d4/relation           0.0000
mnli#82a8c0d4/relation:ece       0.4080
mnli#84245787/relation           0.0000
mnli#84245787/relation:ece       0.3556
mnli#897280cd/relation           0.0000
mnli#897280cd/relation:ece       0.3556
mnli#89ad17bc/relation           1.0000
mnli#89ad17bc/relation:ece       0.6562
mnli#8c0c660d/relation           1.0000
mnli#8c0c660d/relation:ece       0.6598
mnli#8dd33dfc/relation           0.0000
mnli#8dd33dfc/relation:ece       0.3677
mnli#918d1f86/relation           1.0000
mnli#918d1f86/relation:ece       0.6226
mnli#958b8788/relation           0.0000
mnli#958b8788/relation:ece       0.2695
mnli#9ab2ef23/relation           0.0000
mnli#9ab2ef23/relation:ece       0.3526
mnli#9e986785/relation           1.0000
mnli#9e986785/relation:ece       0.7404
mnli#a102d265/relation           0.0000
mnli#a102d265/relation:ece       0.3479
mnli#a145ccb6/relation           1.0000
mnli#a145ccb6/relation:ece       0.6554
mnli#a15c49af/relation           1.0000
mnli#a15c49af/relation:ece       0.6928
mnli#a20078c2/relation           0.0000
mnli#a20078c2/relation:ece       0.4719
mnli#a2896476/relation           1.0000
mnli#a2896476/relation:ece       0.6508
mnli#a577cb43/relation           0.0000
mnli#a577cb43/relation:ece       0.3569
mnli#a60e5471/relation           0.0000
mnli#a60e5471/relation:ece       0.3548
mnli#a7f25af9/relation           1.0000
mnli#a7f25af9/relation:ece       0.6524
mnli#aba2abc3/relation           0.0000
mnli#aba2abc3/relation:ece       0.3774
mnli#abd8e3d5/relation           0.0000
mnli#abd8e3d5/relation:ece       0.3453
mnli#adfbd36d/relation           1.0000
mnli#adfbd36d/relation:ece       0.6582
mnli#aeed051f/relation           0.0000
mnli#aeed051f/relation:ece       0.3539
mnli#af4bae46/relation           1.0000
mnli#af4bae46/relation:ece       0.6171
mnli#b3e71a79/relation           1.0000
mnli#b3e71a79/relation:ece       0.6603
mnli#b5c76954/relation           0.0000
mnli#b5c76954/relation:ece       0.3559
mnli#b627ba10/relation           1.0000
mnli#b627ba10/relation:ece       0.6199
mnli#b76a15ac/relation           0.0000
mnli#b76a15ac/relation:ece       0.3649
mnli#bab2e6bf/relation           0.0000
mnli#bab2e6bf/relation:ece       0.4270
mnli#bdfa5f5f/relation           1.0000
mnli#bdfa5f5f/relation:ece       0.6437
mnli#be72238b/relation           0.0000
mnli#be72238b/relation:ece       0.3840
mnli#bf5e3a53/relation           0.0000
mnli#bf5e3a53/relation:ece       0.2669
mnli#c1c7b9d6/relation           0.0000
mnli#c1c7b9d6/relation:ece       0.3612
mnli#c3f6a3f8/relation           1.0000
mnli#c3f6a3f8/relation:ece       0.6487
mnli#c54a4b51/relation           1.0000
mnli#c54a4b51/relation:ece       0.6167
mnli#c9bdc1e2/relation           1.0000
mnli#c9bdc1e2/relation:ece       0.6292
mnli#cd46df76/relation           1.0000
mnli#cd46df76/relation:ece       0.6441
mnli#d0088215/relation           0.0000
mnli#d0088215/relation:ece       0.3603
mnli#d21838a8/relation           0.0000
mnli#d21838a8/relation:ece       0.3534
mnli#d390c67b/relation           1.0000
mnli#d390c67b/relation:ece       0.6295
mnli#d4ceb2af/relation           0.0000
mnli#d4ceb2af/relation:ece       0.2807
mnli#d6b852ae/relation           1.0000
mnli#d6b852ae/relation:ece       0.6631
mnli#dc274b98/relation           1.0000
mnli#dc274b98/relation:ece       0.6490
mnli#e0aeff68/relation           1.0000
mnli#e0aeff68/relation:ece       0.6494
mnli#ea765930/relation           1.0000
mnli#ea765930/relation:ece       0.6243
mnli#eadbd99c/relation           0.0000
mnli#eadbd99c/relation:ece       0.3399
mnli#eb6fe23f/relation           0.0000
mnli#eb6fe23f/relation:ece       0.4175
mnli#ed1460d1/relation           0.0000
mnli#ed1460d1/relation:ece       0.3560
mnli#ef14582f/relation           1.0000
mnli#ef14582f/relation:ece       0.5697
mnli#f0ef79eb/relation           0.0000
mnli#f0ef79eb/relation:ece       0.2846
mnli#f1975a8c/relation           0.0000
mnli#f1975a8c/relation:ece       0.3548
mnli#f27d3029/relation           1.0000
mnli#f27d3029/relation:ece       0.6948
mnli#f3e416cf/relation           0.0000
mnli#f3e416cf/relation:ece       0.3342
mnli#f6d42771/relation           0.0000
mnli#f6d42771/relation:ece       0.3386
mnli#fbc4d87c/relation           1.0000
mnli#fbc4d87c/relation:ece       0.7198
mnli#fed85166/relation           0.0000
mnli#fed85166/relation:ece       0.3614
mnli#ff4840f3/relation           1.0000
mnli#ff4840f3/relation:ece       0.6287
mnli#ff843727/relation           1.0000
mnli#ff843727/relation:ece       0.6587
sst5#16640a13/sentiment          0.0000
sst5#16640a13/sentiment:ece      0.3005
sst5#ad14f5a1/sentiment          0.2000
sst5#ad14f5a1/sentiment:ece      0.1460
sst5#aeaad687/sentiment          0.2857
sst5#aeaad687/sentiment:ece      0.0501
sst5#dd4ece86/sentiment          0.5000
sst5#dd4ece86/sentiment:ece      0.1487
trec#0e640ac4/answer_type        0.0000
trec#0e640ac4/answer_type:ece    0.1992
trec#10c79e92/answer_type        0.0000
trec#10c79e92/answer_type:ece    0.2002
trec#121700c4/answer_type        0.0000
trec#121700c4/answer_type:ece    0.2010
trec#140e215b/answer_type        0.0000
trec#140e215b/answer_type:ece    0.1883
trec#16124def/answer_type        0.0000
trec#16124def/answer_type:ece    0.1909
trec#352125e7/answer_type        0.0000
trec#352125e7/answer_type:ece    0.2039
trec#3e00ed5b/answer_type        0.0000
trec#3e00ed5b/answer_type:ece    0.1725
trec#410336bf/answer_type        0.0000
trec#410336bf/answer_type:ece    0.1686
trec#48cd7df9/answer_type        1.0000
trec#48cd7df9/answer_type:ece    0.8062
trec#5dc8f7b4/answer_type        1.0000
trec#5dc8f7b4/answer_type:ece    0.8331
trec#5f16173a/answer_type        1.0000
trec#5f16173a/answer_type:ece    0.8032
trec#68f7ad90/answer_type        0.2375
trec#68f7ad90/answer_type:ece    0.0280
trec#69458d00/answer_type        1.0000
trec#69458d00/answer_type:ece    0.8235
trec#831dbd1c/answer_type        0.0000
trec#831dbd1c/answer_type:ece    0.2023
trec#861abd9d/answer_type        0.0000
trec#861abd9d/answer_type:ece    0.1696
trec#8673b811/answer_type        0.0000
trec#8673b811/answer_type:ece    0.1925
trec#9a1d6c10/answer_type        0.0000
trec#9a1d6c10/answer_type:ece    0.1608
trec#9a5e2fa7/answer_type        0.0000
trec#9a5e2fa7/answer_type:ece    0.2068
trec#9ecbd630/answer_type        0.0000
trec#9ecbd630/answer_type:ece    0.1587
trec#ad3cee14/answer_type        0.0000
trec#ad3cee14/answer_type:ece    0.1651
trec#adc098dc/answer_type        1.0000
trec#adc098dc/answer_type:ece    0.8003
trec#ae1086cc/answer_type        0.0000
trec#ae1086cc/answer_type:ece    0.1865
trec#b28c171f/answer_type        0.0000
trec#b28c171f/answer_type:ece    0.2071
trec#b2f72d20/answer_type        0.0000
trec#b2f72d20/answer_type:ece    0.1972
trec#b43f8ece/answer_type        0.0000
trec#b43f8ece/answer_type:ece    0.1979
trec#bd7e8ff9/answer_type        0.0000
trec#bd7e8ff9/answer_type:ece    0.1958
trec#c6cd5034/answer_type        0.0000
trec#c6cd5034/answer_type:ece    0.1680
trec#cb4d51f0/answer_type        1.0000
trec#cb4d51f0/answer_type:ece    0.7940
trec#cfab4ba7/answer_type        0.0000
trec#cfab4ba7/answer_type:ece    0.1944
trec#de2ffce9/answer_type        0.0000
trec#de2ffce9/answer_type:ece    0.2092
trec#e1c8b431/answer_type        0.0000
trec#e1c8b431/answer_type:ece    0.1904
trec#e99f5f25/answer_type        0.0000
trec#e99f5f25/answer_type:ece    0.1955
trec#f239f3f2/answer_type        0.0000
trec#f239f3f2/answer_type:ece    0.1597
trec#f3224657/answer_type        0.0000
trec#f3224657/answer_type:ece    0.1727
trec#f6d35d03/answer_type        0.0000
trec#f6d35d03/answer_type:ece    0.1867
trec#f8991c0b/answer_type        0.0000
trec#f8991c0b/answer_type:ece    0.1963
trec#f9c2795f/answer_type        1.0000
trec#f9c2795f/answer_type:ece    0.8273
yelp#072f2812/rating             0.2254
yelp#072f2812/rating:ece         0.0267
yelp#072f2812/recommend          0.6197
yelp#072f2812/recommend:brier    0.2294
yelp#072f2812/recommend:ece      0.0403
yelp#86092e6d/rating             0.3333
yelp#86092e6d/rating:ece         0.0972
yelp#86092e6d/recommend          0.6667
yelp#86092e6d/recommend:brier    0.2236
yelp#86092e6d/recommend:ece      0.1193
yelp#bdb69480/rating             0.7500
yelp#bdb69480/rating:ece         0.4918
yelp#bdb69480/recommend          0.5000
yelp#bdb69480/recommend:brier    0.2563
yelp#bdb69480/recommend:ece      0.0341
yelp#f36e769b/rating             0.0000
yelp#f36e769b/rating:ece         0.2432
yelp#f36e769b/recommend          1.0000
yelp#f36e769b/recommend:brier    0.0942
yelp#f36e769b/recommend:ece      0.3056
=== test ===
agnews#01fa9dc5/is_scitech       0.0000
agnews#01fa9dc5/is_scitech:brier 0.2862
agnews#01fa9dc5/is_scitech:ece   0.5350
agnews#01fa9dc5/is_world         0.0000
agnews#01fa9dc5/is_world:brier   0.2644
agnews#01fa9dc5/is_world:ece     0.5142
agnews#01fa9dc5/topic            0.0000
agnews#01fa9dc5/topic:ece        0.3783
agnews#0609f71e/is_business      0.0000
agnews#0609f71e/is_business:brier 0.4063
agnews#0609f71e/is_business:ece  0.6365
agnews#0609f71e/is_scitech       1.0000
agnews#0609f71e/is_scitech:brier 0.2283
agnews#0609f71e/is_scitech:ece   0.4773
agnews#0609f71e/topic            0.5000
agnews#0609f71e/topic:ece        0.2242
agnews#075efaa5/is_scitech       0.0000
agnews#075efaa5/is_scitech:brier 0.3193
agnews#075efaa5/is_scitech:ece   0.5650
agnews#075efaa5/is_sports        0.0000
agnews#075efaa5/is_sports:brier  0.2959
agnews#075efaa5/is_sports:ece    0.5440
agnews#075efaa5/topic            0.0000
agnews#075efaa5/topic:ece        0.2658
agnews#08b8eab8/topic            0.0000
agnews#08b8eab8/topic:ece        0.2076
agnews#09f87e78/is_scitech       0.0000
agnews#09f87e78/is_scitech:brier 0.2859
agnews#09f87e78/is_scitech:ece   0.5347
agnews#09f87e78/is_sports        1.0000
agnews#09f87e78/is_sports:brier  0.1755
agnews#09f87e78/is_sports:ece    0.4190
agnews#09f87e78/topic            0.0000
agnews#09f87e78/topic:ece        0.2882
agnews#0dac348d/is_business      0.0000
agnews#0dac348d/is_business:brier 0.2729
agnews#0dac348d/is_business:ece  0.5224
agnews#0dac348d/is_sports        0.0000
agnews#0dac348d/is_sports:brier  0.2563
agnews#0dac348d/is_sports:ece    0.5063
agnews#0dac348d/topic            0.0000
agnews#0dac348d/topic:ece        0.2584
agnews#0f5c2a4c/is_business      1.0000
agnews#0f5c2a4c/is_business:brier 0.2012
agnews#0f5c2a4c/is_business:ece  0.4486
agnews#0f5c2a4c/is_scitech       0.0000
agnews#0f5c2a4c/is_scitech:brier 0.2557
agnews#0f5c2a4c/is_scitech:ece   0.5057
agnews#0f5c2a4c/topic            1.0000
agnews#0f5c2a4c/topic:ece        0.6788
agnews#13c6d562/is_sports        1.0000
agnews#13c6d562/is_sports:brier  0.2481
agnews#13c6d562/is_sports:ece    0.4981
agnews#13c6d562/is_world         1.0000
agnews#13c6d562/is_world:brier   0.2341
agnews#13c6d562/is_world:ece     0.4838
agnews#13c6d562/topic            1.0000
agnews#13c6d562/topic:ece        0.7084
agnews#16ffeb9d/is_business      0.0000
agnews#16ffeb9d/is_business:brier 0.2877
agnews#16ffeb9d/is_business:ece  0.5364
agnews#16ffeb9d/is_scitech       1.0000
agnews#16ffeb9d/is_scitech:brier 0.2099
agnews#16ffeb9d/is_scitech:ece   0.4581
agnews#16ffeb9d/topic            0.0000
agnews#16ffeb9d/topic:ece        0.2944
agnews#1774461d/is_sports        0.0000
agnews#1774461d/is_sports:brier  0.2766
agnews#1774461d/is_sports:ece    0.5259
agnews#1774461d/is_world         1.0000
agnews#1774461d/is_world:brier   0.1872
agnews#1774461d/is_world:ece     0.4327
agnews#1774461d/topic            0.0000
agnews#1774461d/topic:ece        0.2856
agnews#1a188752/is_business      1.0000
agnews#1a188752/is_business:brier 0.2293
agnews#1a188752/is_business:ece  0.4788
agnews#1a188752/is_world         1.0000
agnews#1a188752/is_world:brier   0.1724
agnews#1a188752/is_world:ece     0.4152
agnews#1a188752/topic            0.0000
agnews#1a188752/topic:ece        0.2996
agnews#1f095fad/is_scitech       0.0000
agnews#1f095fad/is_scitech:brier 0.2632
agnews#1f095fad/is_scitech:ece   0.5131
agnews#1f095fad/is_sports        0.0000
agnews#1f095fad/is_sports:brier  0.2737
agnews#1f095fad/is_sports:ece    0.5231
agnews#1f095fad/topic            0.0000
agnews#1f095fad/topic:ece        0.3749
agnews#1f894074/topic            0.0000
agnews#1f894074/topic:ece        0.2768
agnews#21779857/is_scitech       0.0000
agnews#21779857/is_scitech:brier 0.3650
agnews#21779857/is_scitech:ece   0.6041
agnews#21779857/is_sports        1.0000
agnews#21779857/is_sports:brier  0.2054
agnews#21779857/is_sports:ece    0.4532
agnews#21779857/topic            0.0000
agnews#21779857/topic:ece        0.4008
agnews#21ea3728/is_business      0.5000
agnews#21ea3728/is_business:brier 0.2470
agnews#21ea3728/is_business:ece  0.0318
agnews#21ea3728/is_world         1.0000
agnews#21ea3728/is_world:brier   0.1998
agnews#21ea3728/is_world:ece     0.4468
agnews#21ea3728/topic            0.0000
agnews#21ea3728/topic:ece        0.2649
agnews#277f401d/is_business      0.0000
agnews#277f401d/is_business:brier 0.3162
agnews#277f401d/is_business:ece  0.5623
agnews#277f401d/is_world         1.0000
agnews#277f401d/is_world:brier   0.2021
agnews#277f401d/is_world:ece     0.4495
agnews#277f401d/topic            1.0000
agnews#277f401d/topic:ece        0.7470
agnews#2aae2eb9/is_business      1.0000
agnews#2aae2eb9/is_business:brier 0.2484
agnews#2aae2eb9/is_business:ece  0.4984
agnews#2aae2eb9/is_sports        0.0000
agnews#2aae2eb9/is_sports:brier  0.2632
agnews#2aae2eb9/is_sports:ece    0.5130
agnews#2aae2eb9/topic            0.0000
agnews#2aae2eb9/topic:ece        0.2992
agnews#2bd69912/is_scitech       0.0000
agnews#2bd69912/is_scitech:brier 0.2534
agnews#2bd69912/is_scitech:ece   0.5034
agnews#2bd69912/is_world         0.0000
agnews#2bd69912/is_world:brier   0.3165
agnews#2bd69912/is_world:ece     0.5626
agnews#2bd69912/topic            0.0000
agnews#2bd69912/topic:ece        0.3126
agnews#2c484a66/is_business      0.0000
agnews#2c484a66/is_business:brier 0.2613
agnews#2c484a66/is_business:ece  0.5112
agnews#2c484a66/is_scitech       0.0000
agnews#2c484a66/is_scitech:brier 0.3064
agnews#2c484a66/is_scitech:ece   0.5535
agnews#2c484a66/topic            0.0000
agnews#2c484a66/topic:ece        0.2822
agnews#2c7340ad/topic            0.0000
agnews#2c7340ad/topic:ece        0.2749
agnews#2ed19a07/is_business      1.0000
agnews#2ed19a07/is_business:brier 0.1638
agnews#2ed19a07/is_business:ece  0.4047
agnews#2ed19a07/is_sports        0.0000
agnews#2ed19a07/is_sports:brier  0.3519
agnews#2ed19a07/is_sports:ece    0.5932
agnews#2ed19a07/topic            1.0000
agnews#2ed19a07/topic:ece        0.7190
agnews#317000f4/topic            0.0000
agnews#317000f4/topic:ece        0.2154
agnews#373f775f/is_business      0.0000
agnews#373f775f/is_business:brier 0.2644
agnews#373f775f/is_business:ece  0.5142
agnews#373f775f/is_world         1.0000
agnews#373f775f/is_world:brier   0.2145
agnews#373f775f/is_world:ece     0.4631
agnews#373f775f/topic            0.0000
agnews#373f775f/topic:ece        0.2674
agnews#3a8e783a/is_business      0.0000
agnews#3a8e783a/is_business:brier 0.3016
agnews#3a8e783a/is_business:ece  0.5492
agnews#3a8e783a/is_scitech       1.0000
agnews#3a8e783a/is_scitech:brier 0.2214
agnews#3a8e783a/is_scitech:ece   0.4705
agnews#3a8e783a/topic            0.0000
agnews#3a8e783a/topic:ece        0.2816
agnews#41109d51/is_business      0.0000
agnews#41109d51/is_business:brier 0.2877
agnews#41109d51/is_business:ece  0.5364
agnews#41109d51/is_scitech       1.0000
agnews#41109d51/is_scitech:brier 0.2099
agnews#41109d51/is_scitech:ece   0.4581
agnews#41109d51/topic            0.0000
agnews#41109d51/topic:ece        0.2742
agnews#44693467/is_scitech       0.0000
agnews#44693467/is_scitech:brier 0.3113
agnews#44693467/is_scitech:ece   0.5580
agnews#44693467/is_sports        0.0000
agnews#44693467/is_sports:brier  0.2702
agnews#44693467/is_sports:ece    0.5199
agnews#44693467/topic            0.0000
agnews#44693467/topic:ece        0.3615
agnews#4bc55827/is_scitech       0.0000
agnews#4bc55827/is_scitech:brier 0.3482
agnews#4bc55827/is_scitech:ece   0.5901
agnews#4bc55827/is_sports        0.0000
agnews#4bc55827/is_sports:brier  0.3431
agnews#4bc55827/is_sports:ece    0.5858
agnews#4bc55827/topic            0.0000
agnews#4bc55827/topic:ece        0.3181
agnews#51019895/is_sports        0.0000
agnews#51019895/is_sports:brier  0.2579
agnews#51019895/is_sports:ece    0.5078
agnews#51019895/is_world         0.0000
agnews#51019895/is_world:brier   0.2720
agnews#51019895/is_world:ece     0.5215
agnews#51019895/topic            0.0000
agnews#51019895/topic:ece        0.2924
agnews#52038b95/is_business      0.0000
agnews#52038b95/is_business:brier 0.3123
agnews#52038b95/is_business:ece  0.5589
agnews#52038b95/is_sports        1.0000
agnews#52038b95/is_sports:brier  0.2255
agnews#52038b95/is_sports:ece    0.4749
agnews#52038b95/topic            1.0000
agnews#52038b95/topic:ece        0.7158
agnews#536693dd/is_scitech       1.0000
agnews#536693dd/is_scitech:brier 0.2194
agnews#536693dd/is_scitech:ece   0.4684
agnews#536693dd/is_sports        0.0000
agnews#536693dd/is_sports:brier  0.3846
agnews#536693dd/is_sports:ece    0.6202
agnews#536693dd/topic            0.0000
agnews#536693dd/topic:ece        0.2689
agnews#5601a8d0/topic            0.0000
agnews#5601a8d0/topic:ece        0.2170
agnews#570767dc/is_business      1.0000
agnews#570767dc/is_business:brier 0.2375
agnews#570767dc/is_business:ece  0.4874
agnews#570767dc/is_scitech       1.0000
agnews#570767dc/is_scitech:brier 0.1381
agnews#570767dc/is_scitech:ece   0.3716
agnews#570767dc/topic            0.0000
agnews#570767dc/topic:ece        0.2618
agnews#5929cd09/topic            0.0000
agnews#5929cd09/topic:ece        0.2691
agnews#59378dfe/is_sports        1.0000
agnews#59378dfe/is_sports:brier  0.2257
agnews#59378dfe/is_sports:ece    0.4751
agnews#59378dfe/is_world         0.0000
agnews#59378dfe/is_world:brier   0.3107
agnews#59378dfe/is_world:ece     0.5574
agnews#59378dfe/topic            0.0000
agnews#59378dfe/topic:ece        0.3198
agnews#5c52d0a1/is_scitech       0.0000
agnews#5c52d0a1/is_scitech:brier 0.2812
agnews#5c52d0a1/is_scitech:ece   0.5303
agnews#5c52d0a1/is_sports        1.0000
agnews#5c52d0a1/is_sports:brier  0.2496
agnews#5c52d0a1/is_sports:ece    0.4996
agnews#5c52d0a1/topic            0.0000
agnews#5c52d0a1/topic:ece        0.2968
agnews#5c67bb99/is_business      0.0000
agnews#5c67bb99/is_business:brier 0.3335
agnews#5c67bb99/is_business:ece  0.5775
agnews#5c67bb99/is_scitech       0.0000
agnews#5c67bb99/is_scitech:brier 0.3690
agnews#5c67bb99/is_scitech:ece   0.6074
agnews#5c67bb99/topic            1.0000
agnews#5c67bb99/topic:ece        0.7243
agnews#5de63a15/is_scitech       1.0000
agnews#5de63a15/is_scitech:brier 0.1690
agnews#5de63a15/is_scitech:ece   0.4111
agnews#5de63a15/is_sports        1.0000
agnews#5de63a15/is_sports:brier  0.2484
agnews#5de63a15/is_sports:ece    0.4984
agnews#5de63a15/topic            0.0000
agnews#5de63a15/topic:ece        0.2750
agnews#5e764759/is_scitech       1.0000
agnews#5e764759/is_scitech:brier 0.1668
agnews#5e764759/is_scitech:ece   0.4084
agnews#5e764759/is_world         0.0000
agnews#5e764759/is_world:brier   0.3568
agnews#5e764759/is_world:ece     0.5973
agnews#5e764759/topic            1.0000
agnews#5e764759/topic:ece        0.7341
agnews#6074b702/topic            1.0000
agnews#6074b702/topic:ece        0.7354
agnews#62073e99/is_scitech       1.0000
agnews#62073e99/is_scitech:brier 0.2298
agnews#62073e99/is_scitech:ece   0.4794
agnews#62073e99/is_sports        1.0000
agnews#62073e99/is_sports:brier  0.2336
agnews#62073e99/is_sports:ece    0.4833
agnews#62073e99/topic            0.0000
agnews#62073e99/topic:ece        0.3621
agnews#6871fe4b/is_business      1.0000
agnews#6871fe4b/is_business:brier 0.1919
agnews#6871fe4b/is_business:ece  0.4381
agnews#6871fe4b/is_world         0.0000
agnews#6871fe4b/is_world:brier   0.2928
agnews#6871fe4b/is_world:ece     0.5411
agnews#6871fe4b/topic            1.0000
agnews#6871fe4b/topic:ece        0.7187
agnews#69c94816/is_scitech       0.0000
agnews#69c94816/is_scitech:brier 0.3468
agnews#69c94816/is_scitech:ece   0.5889
agnews#69c94816/is_world         0.0000
agnews#69c94816/is_world:brier   0.2952
agnews#69c94816/is_world:ece     0.5433
agnews#69c94816/topic            0.0000
agnews#69c94816/topic:ece        0.2687
agnews#6ef964f3/is_scitech       0.0000
agnews#6ef964f3/is_scitech:brier 0.4845
agnews#6ef964f3/is_scitech:ece   0.6961
agnews#6ef964f3/is_world         1.0000
agnews#6ef964f3/is_world:brier   0.2331
agnews#6ef964f3/is_world:ece     0.4828
agnews#6ef964f3/topic            1.0000
agnews#6ef964f3/topic:ece        0.7435
agnews#6fb541fd/is_sports        1.0000
agnews#6fb541fd/is_sports:brier  0.2376
agnews#6fb541fd/is_sports:ece    0.4875
agnews#6fb541fd/is_world         1.0000
agnews#6fb541fd/is_world:brier   0.2314
agnews#6fb541fd/is_world:ece     0.4810
agnews#6fb541fd/topic            0.0000
agnews#6fb541fd/topic:ece        0.2901
agnews#7265edf1/is_business      1.0000
agnews#7265edf1/is_business:brier 0.2112
agnews#7265edf1/is_business:ece  0.4596
agnews#7265edf1/is_sports        1.0000
agnews#7265edf1/is_sports:brier  0.2180
agnews#7265edf1/is_sports:ece    0.4669
agnews#7265edf1/topic            0.0000
agnews#7265edf1/topic:ece        0.2942
agnews#73a5777a/is_business      1.0000
agnews#73a5777a/is_business:brier 0.2368
agnews#73a5777a/is_business:ece  0.4866
agnews#73a5777a/is_world         1.0000
agnews#73a5777a/is_world:brier   0.2080
agnews#73a5777a/is_world:ece     0.4561
agnews#73a5777a/topic            0.0000
agnews#73a5777a/topic:ece        0.3386
agnews#763c225e/is_sports        0.0000
agnews#763c225e/is_sports:brier  0.3735
agnews#763c225e/is_sports:ece    0.6112
agnews#763c225e/is_world         0.0000
agnews#763c225e/is_world:brier   0.3391
agnews#763c225e/is_world:ece     0.5823
agnews#763c225e/topic            0.0000
agnews#763c225e/topic:ece        0.3116
agnews#77784705/is_business      1.0000
agnews#77784705/is_business:brier 0.1488
agnews#77784705/is_business:ece  0.3858
agnews#77784705/is_sports        1.0000
agnews#77784705/is_sports:brier  0.1619
agnews#77784705/is_sports:ece    0.4024
agnews#77784705/topic            0.0000
agnews#77784705/topic:ece        0.2923
agnews#7d99fbd3/is_business      1.0000
agnews#7d99fbd3/is_business:brier 0.1167
agnews#7d99fbd3/is_business:ece  0.3416
agnews#7d99fbd3/is_scitech       0.0000
agnews#7d99fbd3/is_scitech:brier 0.3129
agnews#7d99fbd3/is_scitech:ece   0.5594
agnews#7d99fbd3/topic            0.0000
agnews#7d99fbd3/topic:ece        0.2586
agnews#82e42bd1/is_scitech       1.0000
agnews#82e42bd1/is_scitech:brier 0.2382
agnews#82e42bd1/is_scitech:ece   0.4881
agnews#82e42bd1/is_world         0.0000
agnews#82e42bd1/is_world:brier   0.3015
agnews#82e42bd1/is_world:ece     0.5491
agnews#82e42bd1/topic            0.0000
agnews#82e42bd1/topic:ece        0.3149
agnews#8418dcbc/is_scitech       0.0000
agnews#8418dcbc/is_scitech:brier 0.3236
agnews#8418dcbc/is_scitech:ece   0.5688
agnews#8418dcbc/is_sports        0.0000
agnews#8418dcbc/is_sports:brier  0.2747
agnews#8418dcbc/is_sports:ece    0.5241
agnews#8418dcbc/topic            0.0000
agnews#8418dcbc/topic:ece        0.2678
agnews#8950dfa8/is_scitech       1.0000
agnews#8950dfa8/is_scitech:brier 0.1359
agnews#8950dfa8/is_scitech:ece   0.3686
agnews#8950dfa8/is_world         0.0000
agnews#8950dfa8/is_world:brier   0.3269
agnews#8950dfa8/is_world:ece     0.5718
agnews#8950dfa8/topic            0.0000
agnews#8950dfa8/topic:ece        0.2638
agnews#8d729d23/topic            0.0000
agnews#8d729d23/topic:ece        0.2426
agnews#8d899a94/is_business      0.0000
agnews#8d899a94/is_business:brier 0.3123
agnews#8d899a94/is_business:ece  0.5589
agnews#8d899a94/is_sports        1.0000
agnews#8d899a94/is_sports:brier  0.2255
agnews#8d899a94/is_sports:ece    0.4749
agnews#8d899a94/topic            0.0000
agnews#8d899a94/topic:ece        0.2845
agnews#8d923ea6/is_business      1.0000
agnews#8d923ea6/is_business:brier 0.2379
agnews#8d923ea6/is_business:ece  0.4878
agnews#8d923ea6/is_scitech       1.0000
agnews#8d923ea6/is_scitech:brier 0.1920
agnews#8d923ea6/is_scitech:ece   0.4382
agnews#8d923ea6/topic            0.0000
agnews#8d923ea6/topic:ece        0.2774
agnews#8eab5c58/is_business      1.0000
agnews#8eab5c58/is_business:brier 0.2253
agnews#8eab5c58/is_business:ece  0.4747
agnews#8eab5c58/is_scitech       0.0000
agnews#8eab5c58/is_scitech:brier 0.3255
agnews#8eab5c58/is_scitech:ece   0.5705
agnews#8eab5c58/topic            0.0000
agnews#8eab5c58/topic:ece        0.2639
agnews#91298eb9/is_business      0.0000
agnews#91298eb9/is_business:brier 0.2592
agnews#91298eb9/is_business:ece  0.5091
agnews#91298eb9/is_world         0.0000
agnews#91298eb9/is_world:brier   0.2853
agnews#91298eb9/is_world:ece     0.5341
agnews#91298eb9/topic            0.0000
agnews#91298eb9/topic:ece        0.2599
agnews#93d10b4c/is_scitech       1.0000
agnews#93d10b4c/is_scitech:brier 0.1492
agnews#93d10b4c/is_scitech:ece   0.3863
agnews#93d10b4c/is_world         1.0000
agnews#93d10b4c/is_world:brier   0.1464
agnews#93d10b4c/is_world:ece     0.3826
agnews#93d10b4c/topic            1.0000
agnews#93d10b4c/topic:ece        0.6870
agnews#93ef07e2/is_sports        0.0000
agnews#93ef07e2/is_sports:brier  0.3216
agnews#93ef07e2/is_sports:ece    0.5671
agnews#93ef07e2/is_world         1.0000
agnews#93ef07e2/is_world:brier   0.2069
agnews#93ef07e2/is_world:ece     0.4549
agnews#93ef07e2/topic            0.0000
agnews#93ef07e2/topic:ece        0.2711
agnews#946925c6/is_sports        1.0000
agnews#946925c6/is_sports:brier  0.1755
agnews#946925c6/is_sports:ece    0.4189
agnews#946925c6/is_world         0.0000
agnews#946925c6/is_world:brier   0.2899
agnews#946925c6/is_world:ece     0.5384
agnews#946925c6/topic            0.0000
agnews#946925c6/topic:ece        0.2579
agnews#963aaf05/is_scitech       0.0000
agnews#963aaf05/is_scitech:brier 0.2534
agnews#963aaf05/is_scitech:ece   0.5034
agnews#963aaf05/is_world         0.0000
agnews#963aaf05/is_world:brier   0.3165
agnews#963aaf05/is_world:ece     0.5626
agnews#963aaf05/topic            0.0000
agnews#963aaf05/topic:ece        0.3084
agnews#966f132b/is_business      1.0000
agnews#966f132b/is_business:brier 0.1537
agnews#966f132b/is_business:ece  0.3921
agnews#966f132b/is_sports        0.0000
agnews#966f132b/is_sports:brier  0.3943
agnews#966f132b/is_sports:ece    0.6279
agnews#966f132b/topic            0.0000
agnews#966f132b/topic:ece        0.2874
agnews#9799c90f/topic            0.0000
agnews#9799c90f/topic:ece        0.2084
agnews#980b6065/is_scitech       0.0000
agnews#980b6065/is_scitech:brier 0.2859
agnews#980b6065/is_scitech:ece   0.5347
agnews#980b6065/is_sports        1.0000
agnews#980b6065/is_sports:brier  0.1755
agnews#980b6065/is_sports:ece    0.4190
agnews#980b6065/topic            1.0000
agnews#980b6065/topic:ece        0.7436
agnews#9b435c17/is_scitech       0.0000
agnews#9b435c17/is_scitech:brier 0.2645
agnews#9b435c17/is_scitech:ece   0.5143
agnews#9b435c17/is_sports        0.0000
agnews#9b435c17/is_sports:brier  0.3075
agnews#9b435c17/is_sports:ece    0.5545
agnews#9b435c17/topic            0.0000
agnews#9b435c17/topic:ece        0.2556
agnews#9cb1b91b/is_business      0.0000
agnews#9cb1b91b/is_business:brier 0.2727
agnews#9cb1b91b/is_business:ece  0.5222
agnews#9cb1b91b/is_sports        1.0000
agnews#9cb1b91b/is_sports:brier  0.2336
agnews#9cb1b91b/is_sports:ece    0.4834
agnews#9cb1b91b/topic            0.0000
agnews#9cb1b91b/topic:ece        0.2770
agnews#9da70130/topic            0.0000
agnews#9da70130/topic:ece        0.2739
agnews#a05acb8d/topic            0.0000
agnews#a05acb8d/topic:ece        0.2322
agnews#a2869c30/topic            0.0000
agnews#a2869c30/topic:ece        0.3059
agnews#a458bdb7/is_scitech       0.0000
agnews#a458bdb7/is_scitech:brier 0.2651
agnews#a458bdb7/is_scitech:ece   0.5148
agnews#a458bdb7/is_world         1.0000
agnews#a458bdb7/is_world:brier   0.2058
agnews#a458bdb7/is_world:ece     0.4537
agnews#a458bdb7/topic            1.0000
agnews#a458bdb7/topic:ece        0.7418
agnews#a7a4d44f/is_scitech       1.0000
agnews#a7a4d44f/is_scitech:brier 0.2382
agnews#a7a4d44f/is_scitech:ece   0.4881
agnews#a7a4d44f/is_world         0.0000
agnews#a7a4d44f/is_world:brier   0.3015
agnews#a7a4d44f/is_world:ece     0.5491
agnews#a7a4d44f/topic            0.0000
agnews#a7a4d44f/topic:ece        0.2846
agnews#a7f8fe8f/is_business      0.0000
agnews#a7f8fe8f/is_business:brier 0.2965
agnews#a7f8fe8f/is_business:ece  0.5445
agnews#a7f8fe8f/is_world         1.0000
agnews#a7f8fe8f/is_world:brier   0.1989
agnews#a7f8fe8f/is_world:ece     0.4460
agnews#a7f8fe8f/topic            1.0000
agnews#a7f8fe8f/topic:ece        0.6080
agnews#a84cbcda/is_business      1.0000
agnews#a84cbcda/is_business:brier 0.2108
agnews#a84cbcda/is_business:ece  0.4591
agnews#a84cbcda/is_scitech       1.0000
agnews#a84cbcda/is_scitech:brier 0.2301
agnews#a84cbcda/is_scitech:ece   0.4797
agnews#a84cbcda/topic            0.0000
agnews#a84cbcda/topic:ece        0.3052
agnews#a85d65d5/topic            0.0000
agnews#a85d65d5/topic:ece        0.2297
agnews#a9e818e9/is_scitech       0.0000
agnews#a9e818e9/is_scitech:brier 0.3032
agnews#a9e818e9/is_scitech:ece   0.5506
agnews#a9e818e9/is_world         1.0000
agnews#a9e818e9/is_world:brier   0.1710
agnews#a9e818e9/is_world:ece     0.4136
agnews#a9e818e9/topic            0.0000
agnews#a9e818e9/topic:ece        0.2655
agnews#ac6fde13/is_scitech       1.0000
agnews#ac6fde13/is_scitech:brier 0.1994
agnews#ac6fde13/is_scitech:ece   0.4466
agnews#ac6fde13/is_world         0.0000
agnews#ac6fde13/is_world:brier   0.3307
agnews#ac6fde13/is_world:ece     0.5750
agnews#ac6fde13/topic            1.0000
agnews#ac6fde13/topic:ece        0.6493
agnews#ad237cd9/is_scitech       1.0000
agnews#ad237cd9/is_scitech:brier 0.2273
agnews#ad237cd9/is_scitech:ece   0.4767
agnews#ad237cd9/is_world         0.0000
agnews#ad237cd9/is_world:brier   0.2942
agnews#ad237cd9/is_world:ece     0.5424
agnews#ad237cd9/topic            1.0000
agnews#ad237cd9/topic:ece        0.7231
agnews#adb852ac/topic            0.0000
agnews#adb852ac/topic:ece        0.2217
agnews#aee7b51a/is_sports        1.0000
agnews#aee7b51a/is_sports:brier  0.1870
agnews#aee7b51a/is_sports:ece    0.4325
agnews#aee7b51a/is_world         1.0000
agnews#aee7b51a/is_world:brier   0.2306
agnews#aee7b51a/is_world:ece     0.4802
agnews#aee7b51a/topic            0.0000
agnews#aee7b51a/topic:ece        0.2946
agnews#b19664e8/is_scitech       0.0000
agnews#b19664e8/is_scitech:brier 0.2645
agnews#b19664e8/is_scitech:ece   0.5143
agnews#b19664e8/is_sports        0.0000
agnews#b19664e8/is_sports:brier  0.3075
agnews#b19664e8/is_sports:ece    0.5545
agnews#b19664e8/topic            0.0000
agnews#b19664e8/topic:ece        0.2613
agnews#b4fc4e9d/topic            0.0000
agnews#b4fc4e9d/topic:ece        0.2391
agnews#b737ab5b/is_business      0.0000
agnews#b737ab5b/is_business:brier 0.2698
agnews#b737ab5b/is_business:ece  0.5194
agnews#b737ab5b/is_scitech       1.0000
agnews#b737ab5b/is_scitech:brier 0.1912
agnews#b737ab5b/is_scitech:ece   0.4372
agnews#b737ab5b/topic            0.0000
agnews#b737ab5b/topic:ece        0.3081
agnews#b7b21505/topic            0.0000
agnews#b7b21505/topic:ece        0.2754
agnews#b8d8fcae/is_business      0.0000
agnews#b8d8fcae/is_business:brier 0.4305
agnews#b8d8fcae/is_business:ece  0.6561
agnews#b8d8fcae/is_sports        0.0000
agnews#b8d8fcae/is_sports:brier  0.4118
agnews#b8d8fcae/is_sports:ece    0.6417
agnews#b8d8fcae/topic            0.0000
agnews#b8d8fcae/topic:ece        0.3093
agnews#c12a6988/topic            0.0000
agnews#c12a6988/topic:ece        0.2609
agnews#c3044452/is_sports        0.0000
agnews#c3044452/is_sports:brier  0.2881
agnews#c3044452/is_sports:ece    0.5368
agnews#c3044452/is_world         1.0000
agnews#c3044452/is_world:brier   0.2254
agnews#c3044452/is_world:ece     0.4748
agnews#c3044452/topic            0.0000
agnews#c3044452/topic:ece        0.2601
agnews#c658e354/topic            0.0000
agnews#c658e354/topic:ece        0.2660
agnews#c9ca9c51/is_sports        1.0000
agnews#c9ca9c51/is_sports:brier  0.2277
agnews#c9ca9c51/is_sports:ece    0.4772
agnews#c9ca9c51/is_world         1.0000
agnews#c9ca9c51/is_world:brier   0.2469
agnews#c9ca9c51/is_world:ece     0.4969
agnews#c9ca9c51/topic            1.0000
agnews#c9ca9c51/topic:ece        0.5996
agnews#d0a55545/topic            0.0000
agnews#d0a55545/topic:ece        0.2342
agnews#d12cc7e5/is_business      0.0000
agnews#d12cc7e5/is_business:brier 0.2927
agnews#d12cc7e5/is_business:ece  0.5410
agnews#d12cc7e5/is_world         0.0000
agnews#d12cc7e5/is_world:brier   0.2688
agnews#d12cc7e5/is_world:ece     0.5185
agnews#d12cc7e5/topic            0.0000
agnews#d12cc7e5/topic:ece        0.3349
agnews#d2aa5bf3/is_business      0.0000
agnews#d2aa5bf3/is_business:brier 0.2592
agnews#d2aa5bf3/is_business:ece  0.5091
agnews#d2aa5bf3/is_world         0.0000
agnews#d2aa5bf3/is_world:brier   0.2853
agnews#d2aa5bf3/is_world:ece     0.5341
agnews#d2aa5bf3/topic            0.0000
agnews#d2aa5bf3/topic:ece        0.2639
agnews#d575dba9/is_scitech       1.0000
agnews#d575dba9/is_scitech:brier 0.1359
agnews#d575dba9/is_scitech:ece   0.3686
agnews#d575dba9/is_world         0.0000
agnews#d575dba9/is_world:brier   0.3269
agnews#d575dba9/is_world:ece     0.5718
agnews#d575dba9/topic            0.0000
agnews#d575dba9/topic:ece        0.2636
agnews#d75420e4/is_business      0.0000
agnews#d75420e4/is_business:brier 0.2788
agnews#d75420e4/is_business:ece  0.5280
agnews#d75420e4/is_scitech       0.0000
agnews#d75420e4/is_scitech:brier 0.2562
agnews#d75420e4/is_scitech:ece   0.5062
agnews#d75420e4/topic            0.0000
agnews#d75420e4/topic:ece        0.3952
agnews#d7cbec63/is_business      1.0000
agnews#d7cbec63/is_business:brier 0.2402
agnews#d7cbec63/is_business:ece  0.4901
agnews#d7cbec63/is_sports        0.0000
agnews#d7cbec63/is_sports:brier  0.2544
agnews#d7cbec63/is_sports:ece    0.5043
agnews#d7cbec63/topic            0.0000
agnews#d7cbec63/topic:ece        0.2803
agnews#d836d6d1/is_sports        1.0000
agnews#d836d6d1/is_sports:brier  0.2048
agnews#d836d6d1/is_sports:ece    0.4525
agnews#d836d6d1/is_world         1.0000
agnews#d836d6d1/is_world:brier   0.2224
agnews#d836d6d1/is_world:ece     0.4716
agnews#d836d6d1/topic            1.0000
agnews#d836d6d1/topic:ece        0.7348
agnews#d844a364/topic            0.0000
agnews#d844a364/topic:ece        0.3038
agnews#da647556/topic            0.0000
agnews#da647556/topic:ece        0.2220
agnews#db8eeff0/is_business      1.0000
agnews#db8eeff0/is_business:brier 0.2174
agnews#db8eeff0/is_business:ece  0.4663
agnews#db8eeff0/is_sports        0.0000
agnews#db8eeff0/is_sports:brier  0.3273
agnews#db8eeff0/is_sports:ece    0.5721
agnews#db8eeff0/topic            0.0000
agnews#db8eeff0/topic:ece        0.2632
agnews#dbd66a87/is_scitech       1.0000
agnews#dbd66a87/is_scitech:brier 0.1668
agnews#dbd66a87/is_scitech:ece   0.4084
agnews#dbd66a87/is_world         0.0000
agnews#dbd66a87/is_world:brier   0.3568
agnews#dbd66a87/is_world:ece     0.5973
agnews#dbd66a87/topic            0.0000
agnews#dbd66a87/topic:ece        0.2623
agnews#dd67738d/topic            0.0000
agnews#dd67738d/topic:ece        0.2216
agnews#e1b7d9b9/is_business      0.0000
agnews#e1b7d9b9/is_business:brier 0.4305
agnews#e1b7d9b9/is_business:ece  0.6561
agnews#e1b7d9b9/is_sports        0.0000
agnews#e1b7d9b9/is_sports:brier  0.4118
agnews#e1b7d9b9/is_sports:ece    0.6417
agnews#e1b7d9b9/topic            0.0000
agnews#e1b7d9b9/topic:ece        0.3049
agnews#e20d95bb/is_business      1.0000
agnews#e20d95bb/is_business:brier 0.2320
agnews#e20d95bb/is_business:ece  0.4817
agnews#e20d95bb/is_sports        1.0000
agnews#e20d95bb/is_sports:brier  0.2351
agnews#e20d95bb/is_sports:ece    0.4849
agnews#e20d95bb/topic            0.0000
agnews#e20d95bb/topic:ece        0.2671
agnews#e4ee9b7b/is_business      0.0000
agnews#e4ee9b7b/is_business:brier 0.2956
agnews#e4ee9b7b/is_business:ece  0.5437
agnews#e4ee9b7b/is_sports        1.0000
agnews#e4ee9b7b/is_sports:brier  0.1962
agnews#e4ee9b7b/is_sports:ece    0.4429
agnews#e4ee9b7b/topic            0.0000
agnews#e4ee9b7b/topic:ece        0.2671
agnews#e553446f/is_business      1.0000
agnews#e553446f/is_business:brier 0.2424
agnews#e553446f/is_business:ece  0.4923
agnews#e553446f/is_world         1.0000
agnews#e553446f/is_world:brier   0.2410
agnews#e553446f/is_world:ece     0.4909
agnews#e553446f/topic            0.0000
agnews#e553446f/topic:ece        0.3372
agnews#e75398df/is_business      0.0000
agnews#e75398df/is_business:brier 0.2655
agnews#e75398df/is_business:ece  0.5152
agnews#e75398df/is_scitech       0.0000
agnews#e75398df/is_scitech:brier 0.3002
agnews#e75398df/is_scitech:ece   0.5479
agnews#e75398df/topic            0.0000
agnews#e75398df/topic:ece        0.2751
agnews#e8ab6f07/is_sports        0.5000
agnews#e8ab6f07/is_sports:brier  0.2340
agnews#e8ab6f07/is_sports:ece    0.1217
agnews#e8ab6f07/is_world         0.5000
agnews#e8ab6f07/is_world:brier   0.2638
agnews#e8ab6f07/is_world:ece     0.0621
agnews#e8ab6f07/topic            0.0000
agnews#e8ab6f07/topic:ece        0.2669
agnews#ebc16bec/is_scitech       0.0000
agnews#ebc16bec/is_scitech:brier 0.4101
agnews#ebc16bec/is_scitech:ece   0.6404
agnews#ebc16bec/is_world         0.0000
agnews#ebc16bec/is_world:brier   0.3785
agnews#ebc16bec/is_world:ece     0.6152
agnews#ebc16bec/topic            1.0000
agnews#ebc16bec/topic:ece        0.7369
agnews#f71e4d32/topic            0.0000
agnews#f71e4d32/topic:ece        0.2628
agnews#f9780697/is_sports        0.0000
agnews#f9780697/is_sports:brier  0.3242
agnews#f9780697/is_sports:ece    0.5694
agnews#f9780697/is_world         0.0000
agnews#f9780697/is_world:brier   0.3147
agnews#f9780697/is_world:ece     0.5610
agnews#f9780697/topic            0.0000
agnews#f9780697/topic:ece        0.2775
agnews#faf2b6d7/is_scitech       0.0000
agnews#faf2b6d7/is_scitech:brier 0.2812
agnews#faf2b6d7/is_scitech:ece   0.5303
agnews#faf2b6d7/is_sports        1.0000
agnews#faf2b6d7/is_sports:brier  0.2496
agnews#faf2b6d7/is_sports:ece    0.4996
agnews#faf2b6d7/topic            0.0000
agnews#faf2b6d7/topic:ece        0.2981
agnews#fdbcea81/is_sports        1.0000
agnews#fdbcea81/is_sports:brier  0.1805
agnews#fdbcea81/is_sports:ece    0.4249
agnews#fdbcea81/is_world         1.0000
agnews#fdbcea81/is_world:brier   0.1478
agnews#fdbcea81/is_world:ece     0.3845
agnews#fdbcea81/topic            0.0000
agnews#fdbcea81/topic:ece        0.2555
agnews#ff260585/is_scitech       0.0000
agnews#ff260585/is_scitech:brier 0.3113
agnews#ff260585/is_scitech:ece   0.5580
agnews#ff260585/is_sports        0.0000
agnews#ff260585/is_sports:brier  0.2702
agnews#ff260585/is_sports:ece    0.5199
agnews#ff260585/topic            0.0000
agnews#ff260585/topic:ece        0.2828
agnews#ff76fdfd/topic            0.0000
agnews#ff76fdfd/topic:ece        0.2661
amazon#f0181fef/stars            0.1625
amazon#f0181fef/stars:ece        0.0894
banking77#000d3ca1/intent        0.0000
banking77#000d3ca1/intent:ece    0.0149
banking77#02eb72bd/intent        0.0000
banking77#02eb72bd/intent:ece    0.0147
banking77#05cc1bb0/intent        0.0000
banking77#05cc1bb0/intent:ece    0.0151
banking77#0a5d691d/intent        0.0000
banking77#0a5d691d/intent:ece    0.0152
banking77#0a97ce2e/intent        0.0000
banking77#0a97ce2e/intent:ece    0.0158
banking77#0ac7fc57/intent        0.0000
banking77#0ac7fc57/intent:ece    0.0159
banking77#0bd7e5b8/intent        0.0000
banking77#0bd7e5b8/intent:ece    0.0147
banking77#0c5dc206/intent        0.0000
banking77#0c5dc206/intent:ece    0.0147
banking77#0c8e3569/intent        0.0000
banking77#0c8e3569/intent:ece    0.0152
banking77#0fffc40b/intent        0.0000
banking77#0fffc40b/intent:ece    0.0153
banking77#1176c9ce/intent        0.0000
banking77#1176c9ce/intent:ece    0.0159
banking77#146468b6/intent        0.0000
banking77#146468b6/intent:ece    0.0150
banking77#1486c01f/intent        0.0000
banking77#1486c01f/intent:ece    0.0151
banking77#1a1be3c7/intent        0.0000
banking77#1a1be3c7/intent:ece    0.0187
banking77#1a3a9ca6/intent        0.0000
banking77#1a3a9ca6/intent:ece    0.0145
banking77#1ab68a63/intent        0.0000
banking77#1ab68a63/intent:ece    0.0153
banking77#201a4602/intent        0.0000
banking77#201a4602/intent:ece    0.0158
banking77#2164cfa4/intent        0.0000
banking77#2164cfa4/intent:ece    0.0158
banking77#22a26bc2/intent        0.0000
banking77#22a26bc2/intent:ece    0.0154
banking77#249bf3de/intent        0.0000
banking77#249bf3de/intent:ece    0.0156
banking77#267202d0/intent        0.0000
banking77#267202d0/intent:ece    0.0158
banking77#269d229c/intent        0.0000
banking77#269d229c/intent:ece    0.0160
banking77#2a9bca88/intent        0.0000
banking77#2a9bca88/intent:ece    0.0158
banking77#33b0bf14/intent        0.0000
banking77#33b0bf14/intent:ece    0.0152
banking77#34ab7262/intent        0.0000
banking77#34ab7262/intent:ece    0.0154
banking77#37261a48/intent        0.0000
banking77#37261a48/intent:ece    0.0148
banking77#389b6db3/intent        0.0000
banking77#389b6db3/intent:ece    0.0158
banking77#3b9e3663/intent        0.0000
banking77#3b9e3663/intent:ece    0.0153
banking77#3ebccfa0/intent        0.0000
banking77#3ebccfa0/intent:ece    0.0149
banking77#40061735/intent        0.0000
banking77#40061735/intent:ece    0.0147
banking77#4327eddb/intent        0.0000
banking77#4327eddb/intent:ece    0.0153
banking77#472c5bfb/intent        0.0000
banking77#472c5bfb/intent:ece    0.0147
banking77#48f3978d/intent        0.0000
banking77#48f3978d/intent:ece    0.0176
banking77#493c9fcd/intent        0.0000
banking77#493c9fcd/intent:ece    0.0143
banking77#4a8a65b3/intent        0.0000
banking77#4a8a65b3/intent:ece    0.0142
banking77#4bab40a4/intent        0.0000
banking77#4bab40a4/intent:ece    0.0148
banking77#4db08787/intent        0.0000
banking77#4db08787/intent:ece    0.0162
banking77#4f61e44e/intent        0.0000
banking77#4f61e44e/intent:ece    0.0153
banking77#51c22057/intent        0.0000
banking77#51c22057/intent:ece    0.0154
banking77#53eb38d7/intent        0.0000
banking77#53eb38d7/intent:ece    0.0150
banking77#548f5025/intent        0.0000
banking77#548f5025/intent:ece    0.0163
banking77#54b53bfe/intent        0.0000
banking77#54b53bfe/intent:ece    0.0158
banking77#5aed3909/intent        0.0000
banking77#5aed3909/intent:ece    0.0149
banking77#5c8ae03b/intent        0.0000
banking77#5c8ae03b/intent:ece    0.0149
banking77#5fdae191/intent        0.0000
banking77#5fdae191/intent:ece    0.0149
banking77#61afacac/intent        0.0000
banking77#61afacac/intent:ece    0.0152
banking77#61d6e03f/intent        1.0000
banking77#61d6e03f/intent:ece    0.9839
banking77#64286d64/intent        0.0000
banking77#64286d64/intent:ece    0.0151
banking77#6494d6c3/intent        0.0000
banking77#6494d6c3/intent:ece    0.0156
banking77#6c7d1bef/intent        0.0000
banking77#6c7d1bef/intent:ece    0.0150
banking77#6d6da32e/intent        0.0000
banking77#6d6da32e/intent:ece    0.0146
banking77#6d7ce6e5/intent        0.0000
banking77#6d7ce6e5/intent:ece    0.0145
banking77#6d87b9d9/intent        0.0000
banking77#6d87b9d9/intent:ece    0.0152
banking77#6df78297/intent        0.0000
banking77#6df78297/intent:ece    0.0159
banking77#6f283a68/intent        0.0000
banking77#6f283a68/intent:ece    0.0149
banking77#702466f7/intent        0.0000
banking77#702466f7/intent:ece    0.0154
banking77#7060440a/intent        0.0000
banking77#7060440a/intent:ece    0.0156
banking77#73949543/intent        0.0000
banking77#73949543/intent:ece    0.0156
banking77#73de59c9/intent        0.0000
banking77#73de59c9/intent:ece    0.0150
banking77#741bc21c/intent        0.0000
banking77#741bc21c/intent:ece    0.0170
banking77#74750a95/intent        0.0000
banking77#74750a95/intent:ece    0.0175
banking77#75081fda/intent        0.0000
banking77#75081fda/intent:ece    0.0156
banking77#7524ecbd/intent        0.0000
banking77#7524ecbd/intent:ece    0.0151
banking77#762c152c/intent        0.0000
banking77#762c152c/intent:ece    0.0158
banking77#76591519/intent        0.0000
banking77#76591519/intent:ece    0.0156
banking77#7bc07145/intent        0.0000
banking77#7bc07145/intent:ece    0.0148
banking77#7ddc446f/intent        0.0000
banking77#7ddc446f/intent:ece    0.0150
banking77#7e25e5cf/intent        0.0000
banking77#7e25e5cf/intent:ece    0.0154
banking77#7ea6877a/intent        0.0000
banking77#7ea6877a/intent:ece    0.0151
banking77#80da6e2e/intent        0.0000
banking77#80da6e2e/intent:ece    0.0148
banking77#850b4f0e/intent        0.0000
banking77#850b4f0e/intent:ece    0.0147
banking77#85970b3a/intent        0.0000
banking77#85970b3a/intent:ece    0.0146
banking77#85f83235/intent        0.0000
banking77#85f83235/intent:ece    0.0151
banking77#8959c7da/intent        0.0000
banking77#8959c7da/intent:ece    0.0159
banking77#8e0bfb97/intent        0.0000
banking77#8e0bfb97/intent:ece    0.0145
banking77#8e4f39fa/intent        0.0000
banking77#8e4f39fa/intent:ece    0.0144
banking77#8fe494df/intent        0.0000
banking77#8fe494df/intent:ece    0.0143
banking77#95149d29/intent        0.0000
banking77#95149d29/intent:ece    0.0172
banking77#95b0c263/intent        0.0000
banking77#95b0c263/intent:ece    0.0145
banking77#9a779daf/intent        0.0000
banking77#9a779daf/intent:ece    0.0146
banking77#9cb712f1/intent        0.0000
banking77#9cb712f1/intent:ece    0.0154
banking77#9ce3cd58/intent        0.0000
banking77#9ce3cd58/intent:ece    0.0146
banking77#9f5d2478/intent        0.0000
banking77#9f5d2478/intent:ece    0.0149
banking77#a37db7e3/intent        1.0000
banking77#a37db7e3/intent:ece    0.9839
banking77#a626ccb5/intent        0.0000
banking77#a626ccb5/intent:ece    0.0155
banking77#a7f24082/intent        0.0000
banking77#a7f24082/intent:ece    0.0149
banking77#ab693c61/intent        0.0000
banking77#ab693c61/intent:ece    0.0161
banking77#ae5eadd5/intent        1.0000
banking77#ae5eadd5/intent:ece    0.9854
banking77#b3136a2c/intent        0.0000
banking77#b3136a2c/intent:ece    0.0156
banking77#b37075ca/intent        0.0000
banking77#b37075ca/intent:ece    0.0153
banking77#b4eecb36/intent        0.0000
banking77#b4eecb36/intent:ece    0.0163
banking77#b66dc030/intent        0.0000
banking77#b66dc030/intent:ece    0.0153
banking77#bd40f568/intent        0.0000
banking77#bd40f568/intent:ece    0.0150
banking77#cc9e441e/intent        0.0000
banking77#cc9e441e/intent:ece    0.0147
banking77#ceb85ed6/intent        0.0000
banking77#ceb85ed6/intent:ece    0.0145
banking77#d37e5bb6/intent        0.0000
banking77#d37e5bb6/intent:ece    0.0159
banking77#d9a1a285/intent        0.0000
banking77#d9a1a285/intent:ece    0.0154
banking77#decd0cde/intent        0.0000
banking77#decd0cde/intent:ece    0.0153
banking77#dfaf4f95/intent        0.0000
banking77#dfaf4f95/intent:ece    0.0149
banking77#e209bf26/intent        0.0000
banking77#e209bf26/intent:ece    0.0150
banking77#e24a692e/intent        0.0000
banking77#e24a692e/intent:ece    0.0153
banking77#e2b278b0/intent        0.0000
banking77#e2b278b0/intent:ece    0.0150
banking77#e337ae8d/intent        0.0000
banking77#e337ae8d/intent:ece    0.0153
banking77#e5067cdf/intent        0.0000
banking77#e5067cdf/intent:ece    0.0152
banking77#e8d841a7/intent        0.0000
banking77#e8d841a7/intent:ece    0.0148
banking77#e95388eb/intent        0.0000
banking77#e95388eb/intent:ece    0.0144
banking77#ed1f1e3c/intent        0.0000
banking77#ed1f1e3c/intent:ece    0.0159
banking77#edfb26ab/intent        0.0000
banking77#edfb26ab/intent:ece    0.0146
banking77#ee2374aa/intent        0.0000
banking77#ee2374aa/intent:ece    0.0146
banking77#eec4bba8/intent        0.0000
banking77#eec4bba8/intent:ece    0.0169
banking77#f93dbdb7/intent        0.0000
banking77#f93dbdb7/intent:ece    0.0156
banking77#f95a584c/intent        0.0000
banking77#f95a584c/intent:ece    0.0154
banking77#fb1bd25f/intent        0.0000
banking77#fb1bd25f/intent:ece    0.0157
banking77#fb3af03c/intent        0.0000
banking77#fb3af03c/intent:ece    0.0163
banking77#fdaa84b7/intent        0.0000
banking77#fdaa84b7/intent:ece    0.0156
banking77#ff7e0105/intent        0.0000
banking77#ff7e0105/intent:ece    0.0158
boolq#03ae89ea/answer            1.0000
boolq#03ae89ea/answer:brier      0.2442
boolq#03ae89ea/answer:ece        0.4942
boolq#058f5883/answer            1.0000
boolq#058f5883/answer:brier      0.2467
boolq#058f5883/answer:ece        0.4967
boolq#086d0ed2/answer            0.0000
boolq#086d0ed2/answer:brier      0.4475
boolq#086d0ed2/answer:ece        0.6689
boolq#09bfacef/answer            1.0000
boolq#09bfacef/answer:brier      0.2108
boolq#09bfacef/answer:ece        0.4591
boolq#0d5dc5e1/answer            0.0000
boolq#0d5dc5e1/answer:brier      0.3026
boolq#0d5dc5e1/answer:ece        0.5501
boolq#0ec0dc36/answer            1.0000
boolq#0ec0dc36/answer:brier      0.1634
boolq#0ec0dc36/answer:ece        0.4043
boolq#11146131/answer            1.0000
boolq#11146131/answer:brier      0.2103
boolq#11146131/answer:ece        0.4585
boolq#11dd6dbf/answer            1.0000
boolq#11dd6dbf/answer:brier      0.1553
boolq#11dd6dbf/answer:ece        0.3940
boolq#14915a38/answer            0.0000
boolq#14915a38/answer:brier      0.3385
boolq#14915a38/answer:ece        0.5818
boolq#1621fdff/answer            0.0000
boolq#1621fdff/answer:brier      0.2723
boolq#1621fdff/answer:ece        0.5218
boolq#1c20d2c0/answer            1.0000
boolq#1c20d2c0/answer:brier      0.2315
boolq#1c20d2c0/answer:ece        0.4811
boolq#1c7f6b31/answer            1.0000
boolq#1c7f6b31/answer:brier      0.2394
boolq#1c7f6b31/answer:ece        0.4893
boolq#231ec600/answer            1.0000
boolq#231ec600/answer:brier      0.2151
boolq#231ec600/answer:ece        0.4638
boolq#23a4c983/answer            0.0000
boolq#23a4c983/answer:brier      0.2959
boolq#23a4c983/answer:ece        0.5440
boolq#25008945/answer            0.0000
boolq#25008945/answer:brier      0.2821
boolq#25008945/answer:ece        0.5311
boolq#2586c1af/answer            0.0000
boolq#2586c1af/answer:brier      0.2848
boolq#2586c1af/answer:ece        0.5337
boolq#28a17942/answer            1.0000
boolq#28a17942/answer:brier      0.2251
boolq#28a17942/answer:ece        0.4744
boolq#2b3db8b8/answer            1.0000
boolq#2b3db8b8/answer:brier      0.2133
boolq#2b3db8b8/answer:ece        0.4619
boolq#2fa46482/answer            0.0000
boolq#2fa46482/answer:brier      0.2588
boolq#2fa46482/answer:ece        0.5087
boolq#35914593/answer            0.0000
boolq#35914593/answer:brier      0.3383
boolq#35914593/answer:ece        0.5816
boolq#3870e34f/answer            1.0000
boolq#3870e34f/answer:brier      0.2403
boolq#3870e34f/answer:ece        0.4902
boolq#38bce7a9/answer            0.0000
boolq#38bce7a9/answer:brier      0.3440
boolq#38bce7a9/answer:ece        0.5865
boolq#3dae8cb6/answer            0.0000
boolq#3dae8cb6/answer:brier      0.2553
boolq#3dae8cb6/answer:ece        0.5052
boolq#4398e704/answer            0.0000
boolq#4398e704/answer:brier      0.2989
boolq#4398e704/answer:ece        0.5467
boolq#447fab02/answer            1.0000
boolq#447fab02/answer:brier      0.2055
boolq#447fab02/answer:ece        0.4534
boolq#4643d43a/answer            0.0000
boolq#4643d43a/answer:brier      0.2765
boolq#4643d43a/answer:ece        0.5258
boolq#4a6e292e/answer            0.0000
boolq#4a6e292e/answer:brier      0.3525
boolq#4a6e292e/answer:ece        0.5937
boolq#4ad46f9b/answer            1.0000
boolq#4ad46f9b/answer:brier      0.1570
boolq#4ad46f9b/answer:ece        0.3963
boolq#4af37d9c/answer            1.0000
boolq#4af37d9c/answer:brier      0.2042
boolq#4af37d9c/answer:ece        0.4519
boolq#4d716bad/answer            0.0000
boolq#4d716bad/answer:brier      0.4253
boolq#4d716bad/answer:ece        0.6522
boolq#4f40f2eb/answer            1.0000
boolq#4f40f2eb/answer:brier      0.1100
boolq#4f40f2eb/answer:ece        0.3316
boolq#50a04530/answer            0.0000
boolq#50a04530/answer:brier      0.3941
boolq#50a04530/answer:ece        0.6278
boolq#54e918fc/answer            0.0000
boolq#54e918fc/answer:brier      0.2956
boolq#54e918fc/answer:ece        0.5437
boolq#56ae8a61/answer            0.0000
boolq#56ae8a61/answer:brier      0.3092
boolq#56ae8a61/answer:ece        0.5561
boolq#5db1ec6b/answer            1.0000
boolq#5db1ec6b/answer:brier      0.1984
boolq#5db1ec6b/answer:ece        0.4454
boolq#61a52f01/answer            0.0000
boolq#61a52f01/answer:brier      0.2696
boolq#61a52f01/answer:ece        0.5192
boolq#66367bee/answer            0.0000
boolq#66367bee/answer:brier      0.3058
boolq#66367bee/answer:ece        0.5530
boolq#67d5a4fa/answer            1.0000
boolq#67d5a4fa/answer:brier      0.2449
boolq#67d5a4fa/answer:ece        0.4948
boolq#6be96e9e/answer            0.0000
boolq#6be96e9e/answer:brier      0.3862
boolq#6be96e9e/answer:ece        0.6215
boolq#6f4324e3/answer            1.0000
boolq#6f4324e3/answer:brier      0.1877
boolq#6f4324e3/answer:ece        0.4333
boolq#71822071/answer            1.0000
boolq#71822071/answer:brier      0.2418
boolq#71822071/answer:ece        0.4917
boolq#72562fbc/answer            1.0000
boolq#72562fbc/answer:brier      0.2500
boolq#72562fbc/answer:ece        0.5000
boolq#735a648e/answer            1.0000
boolq#735a648e/answer:brier      0.1874
boolq#735a648e/answer:ece        0.4329
boolq#74e65314/answer            0.0000
boolq#74e65314/answer:brier      0.2649
boolq#74e65314/answer:ece        0.5147
boolq#79998ffc/answer            1.0000
boolq#79998ffc/answer:brier      0.1056
boolq#79998ffc/answer:ece        0.3250
boolq#79e01ff3/answer            1.0000
boolq#79e01ff3/answer:brier      0.2481
boolq#79e01ff3/answer:ece        0.4981
boolq#7ad7617b/answer            1.0000
boolq#7ad7617b/answer:brier      0.2481
boolq#7ad7617b/answer:ece        0.4981
boolq#7d36121d/answer            0.0000
boolq#7d36121d/answer:brier      0.3680
boolq#7d36121d/answer:ece        0.6066
boolq#7f6094e1/answer            0.0000
boolq#7f6094e1/answer:brier      0.3054
boolq#7f6094e1/answer:ece        0.5526
boolq#82805f90/answer            1.0000
boolq#82805f90/answer:brier      0.1065
boolq#82805f90/answer:ece        0.3263
boolq#88016bb2/answer            0.0000
boolq#88016bb2/answer:brier      0.4581
boolq#88016bb2/answer:ece        0.6769
boolq#8ac4258f/answer            1.0000
boolq#8ac4258f/answer:brier      0.2286
boolq#8ac4258f/answer:ece        0.4781
boolq#8d3ce9b9/answer            0.0000
boolq#8d3ce9b9/answer:brier      0.3424
boolq#8d3ce9b9/answer:ece        0.5852
boolq#902973dd/answer            0.0000
boolq#902973dd/answer:brier      0.3064
boolq#902973dd/answer:ece        0.5535
boolq#942dd81f/answer            0.0000
boolq#942dd81f/answer:brier      0.3007
boolq#942dd81f/answer:ece        0.5484
boolq#9956418c/answer            0.0000
boolq#9956418c/answer:brier      0.3430
boolq#9956418c/answer:ece        0.5856
boolq#ac310632/answer            0.0000
boolq#ac310632/answer:brier      0.3287
boolq#ac310632/answer:ece        0.5733
boolq#b2773322/answer            1.0000
boolq#b2773322/answer:brier      0.2359
boolq#b2773322/answer:ece        0.4857
boolq#b4d93368/answer            1.0000
boolq#b4d93368/answer:brier      0.1456
boolq#b4d93368/answer:ece        0.3816
boolq#ba81b858/answer            1.0000
boolq#ba81b858/answer:brier      0.1937
boolq#ba81b858/answer:ece        0.4401
boolq#c37d5cea/answer            0.0000
boolq#c37d5cea/answer:brier      0.3331
boolq#c37d5cea/answer:ece        0.5771
boolq#c72d24d9/answer            0.0000
boolq#c72d24d9/answer:brier      0.3488
boolq#c72d24d9/answer:ece        0.5906
boolq#c9f534f5/answer            1.0000
boolq#c9f534f5/answer:brier      0.2060
boolq#c9f534f5/answer:ece        0.4539
boolq#cbd070fe/answer            0.0000
boolq#cbd070fe/answer:brier      0.2542
boolq#cbd070fe/answer:ece        0.5042
boolq#cd23eb44/answer            1.0000
boolq#cd23eb44/answer:brier      0.2321
boolq#cd23eb44/answer:ece        0.4817
boolq#ce523ea8/answer            0.0000
boolq#ce523ea8/answer:brier      0.2785
boolq#ce523ea8/answer:ece        0.5277
boolq#d23f047b/answer            1.0000
boolq#d23f047b/answer:brier      0.2195
boolq#d23f047b/answer:ece        0.4685
boolq#d8301e43/answer            0.0000
boolq#d8301e43/answer:brier      0.3762
boolq#d8301e43/answer:ece        0.6134
boolq#d96fa04c/answer            0.0000
boolq#d96fa04c/answer:brier      0.2737
boolq#d96fa04c/answer:ece        0.5232
boolq#dca348ca/answer            0.0000
boolq#dca348ca/answer:brier      0.3574
boolq#dca348ca/answer:ece        0.5978
boolq#dde37a23/answer            1.0000
boolq#dde37a23/answer:brier      0.1930
boolq#dde37a23/answer:ece        0.4393
boolq#e36d1722/answer            0.0000
boolq#e36d1722/answer:brier      0.2934
boolq#e36d1722/answer:ece        0.5417
boolq#e59d9823/answer            0.0000
boolq#e59d9823/answer:brier      0.2679
boolq#e59d9823/answer:ece        0.5176
boolq#eba51f7c/answer            1.0000
boolq#eba51f7c/answer:brier      0.2246
boolq#eba51f7c/answer:ece        0.4739
boolq#ee99ad9b/answer            0.0000
boolq#ee99ad9b/answer:brier      0.3394
boolq#ee99ad9b/answer:ece        0.5826
boolq#f402e70c/answer            1.0000
boolq#f402e70c/answer:brier      0.1447
boolq#f402e70c/answer:ece        0.3803
boolq#f70548a1/answer            0.0000
boolq#f70548a1/answer:brier      0.3634
boolq#f70548a1/answer:ece        0.6028
boolq#f863a7b4/answer            0.0000
boolq#f863a7b4/answer:brier      0.3179
boolq#f863a7b4/answer:ece        0.5639
boolq#fa63c6e2/answer            1.0000
boolq#fa63c6e2/answer:brier      0.1013
boolq#fa63c6e2/answer:ece        0.3183
boolq#fc1887ea/answer            0.0000
boolq#fc1887ea/answer:brier      0.3032
boolq#fc1887ea/answer:ece        0.5506
contrastive#13f5d2df/decision    0.0000
contrastive#13f5d2df/decision:ece 0.4552
contrastive#17016bfa/decision    0.0000
contrastive#17016bfa/decision:ece 0.3015
contrastive#1f997954/decision    0.0000
contrastive#1f997954/decision:ece 0.4301
contrastive#291e0d44/decision    1.0000
contrastive#291e0d44/decision:ece 0.7089
contrastive#427f4f76/decision    1.0000
contrastive#427f4f76/decision:ece 0.6465
contrastive#4b117aa2/decision    0.0000
contrastive#4b117aa2/decision:ece 0.2980
contrastive#4bf36406/decision    1.0000
contrastive#4bf36406/decision:ece 0.5943
contrastive#4fc008be/decision    0.0000
contrastive#4fc008be/decision:ece 0.4515
contrastive#5027ab28/decision    1.0000
contrastive#5027ab28/decision:ece 0.6293
contrastive#564ef4ba/decision    0.0000
contrastive#564ef4ba/decision:ece 0.4240
contrastive#58eb02cd/decision    0.0000
contrastive#58eb02cd/decision:ece 0.2847
contrastive#5cbe51fa/decision    1.0000
contrastive#5cbe51fa/decision:ece 0.6759
contrastive#6a545ac2/decision    1.0000
contrastive#6a545ac2/decision:ece 0.6685
contrastive#7515fc21/decision    0.5000
contrastive#7515fc21/decision:ece 0.0369
contrastive#7e893001/decision    0.0000
contrastive#7e893001/decision:ece 0.3575
contrastive#91477361/decision    1.0000
contrastive#91477361/decision:ece 0.6831
contrastive#a0317c09/decision    0.0000
contrastive#a0317c09/decision:ece 0.4307
contrastive#a40890cc/decision    0.5238
contrastive#a40890cc/decision:ece 0.0409
contrastive#ae558619/decision    0.5000
contrastive#ae558619/decision:ece 0.0071
contrastive#b6fe76ef/decision    0.0000
contrastive#b6fe76ef/decision:ece 0.3959
contrastive#b81fb4d6/decision    0.0000
contrastive#b81fb4d6/decision:ece 0.4009
contrastive#bf106c75/decision    0.5000
contrastive#bf106c75/decision:ece 0.1275
contrastive#d8b21ca9/decision    0.5250
contrastive#d8b21ca9/decision:brier 0.2518
contrastive#d8b21ca9/decision:ece 0.0628
contrastive#dd2530a8/decision    0.5000
contrastive#dd2530a8/decision:ece 0.0580
contrastive#e33b708d/decision    0.0000
contrastive#e33b708d/decision:ece 0.3282
contrastive#ee347cff/decision    1.0000
contrastive#ee347cff/decision:ece 0.5531
contrastive#f959b3a9/decision    0.0000
contrastive#f959b3a9/decision:ece 0.3820
contrastive#fbeb1993/decision    0.5250
contrastive#fbeb1993/decision:brier 0.2487
contrastive#fbeb1993/decision:ece 0.0027
contrastive#ff24ddab/decision    1.0000
contrastive#ff24ddab/decision:ece 0.6745
dbpedia14#04b936b5/category      0.0000
dbpedia14#04b936b5/category:ece  0.0959
dbpedia14#04ebca96/category      0.0000
dbpedia14#04ebca96/category:ece  0.0974
dbpedia14#0c19cabc/category      0.0000
dbpedia14#0c19cabc/category:ece  0.0958
dbpedia14#0f2290be/category      0.0000
dbpedia14#0f2290be/category:ece  0.1171
dbpedia14#203b00a3/category      0.0000
dbpedia14#203b00a3/category:ece  0.0870
dbpedia14#20b66660/category      0.0000
dbpedia14#20b66660/category:ece  0.1145
dbpedia14#21375755/category      0.0000
dbpedia14#21375755/category:ece  0.1216
dbpedia14#2ac40d6e/category      0.0000
dbpedia14#2ac40d6e/category:ece  0.1096
dbpedia14#30a154b0/category      0.0000
dbpedia14#30a154b0/category:ece  0.1181
dbpedia14#36e6564d/category      0.0000
dbpedia14#36e6564d/category:ece  0.0872
dbpedia14#37d63b34/category      0.0000
dbpedia14#37d63b34/category:ece  0.1035
dbpedia14#3b82eaf3/category      0.0000
dbpedia14#3b82eaf3/category:ece  0.1408
dbpedia14#466c05d5/category      0.0000
dbpedia14#466c05d5/category:ece  0.1068
dbpedia14#4cd7c95b/category      0.0000
dbpedia14#4cd7c95b/category:ece  0.1012
dbpedia14#5bb37fc1/category      0.0000
dbpedia14#5bb37fc1/category:ece  0.0953
dbpedia14#5be1c983/category      0.0000
dbpedia14#5be1c983/category:ece  0.1051
dbpedia14#5df9c5ca/category      0.0000
dbpedia14#5df9c5ca/category:ece  0.1199
dbpedia14#6153f0ba/category      0.0000
dbpedia14#6153f0ba/category:ece  0.1317
dbpedia14#680a3ad9/category      0.0000
dbpedia14#680a3ad9/category:ece  0.1121
dbpedia14#6b1e5110/category      0.0000
dbpedia14#6b1e5110/category:ece  0.0807
dbpedia14#6c2c72cc/category      0.0000
dbpedia14#6c2c72cc/category:ece  0.1092
dbpedia14#71c4dfe0/category      0.0000
dbpedia14#71c4dfe0/category:ece  0.0984
dbpedia14#851556e3/category      0.0000
dbpedia14#851556e3/category:ece  0.1020
dbpedia14#93f82e2b/category      0.1125
dbpedia14#93f82e2b/category:ece  0.0021
dbpedia14#a3ca5a48/category      0.0000
dbpedia14#a3ca5a48/category:ece  0.0983
dbpedia14#a7e3dae7/category      0.0000
dbpedia14#a7e3dae7/category:ece  0.0885
dbpedia14#aa73e8ab/category      0.0000
dbpedia14#aa73e8ab/category:ece  0.0970
dbpedia14#ac7ddeb7/category      0.0000
dbpedia14#ac7ddeb7/category:ece  0.0943
dbpedia14#b2ef25c2/category      0.0000
dbpedia14#b2ef25c2/category:ece  0.1081
dbpedia14#b3ab484b/category      0.0000
dbpedia14#b3ab484b/category:ece  0.1189
dbpedia14#b82a292e/category      0.0000
dbpedia14#b82a292e/category:ece  0.1014
dbpedia14#c7d9d4af/category      0.0000
dbpedia14#c7d9d4af/category:ece  0.1004
dbpedia14#c9c9582f/category      0.0000
dbpedia14#c9c9582f/category:ece  0.1134
dbpedia14#cf0baa9f/category      0.0000
dbpedia14#cf0baa9f/category:ece  0.0784
dbpedia14#d830101e/category      0.0000
dbpedia14#d830101e/category:ece  0.0953
dbpedia14#d900c380/category      1.0000
dbpedia14#d900c380/category:ece  0.8994
dbpedia14#de35301e/category      0.0000
dbpedia14#de35301e/category:ece  0.1203
imdb#457dae02/positive           0.5125
imdb#457dae02/positive:brier     0.2605
imdb#457dae02/positive:ece       0.0624
mnli#02df466e/relation           0.0000
mnli#02df466e/relation:ece       0.4457
mnli#04ca4751/relation           1.0000
mnli#04ca4751/relation:ece       0.6449
mnli#07459b1b/relation           0.0000
mnli#07459b1b/relation:ece       0.3446
mnli#08b5330d/relation           0.0000
mnli#08b5330d/relation:ece       0.3811
mnli#0cd81988/relation           0.0000
mnli#0cd81988/relation:ece       0.3418
mnli#0f006098/relation           1.0000
mnli#0f006098/relation:ece       0.6369
mnli#10e24d17/relation           1.0000
mnli#10e24d17/relation:ece       0.6257
mnli#1549badc/relation           0.0000
mnli#1549badc/relation:ece       0.3535
mnli#1562813a/relation           1.0000
mnli#1562813a/relation:ece       0.6358
mnli#15cee0bc/relation           0.0000
mnli#15cee0bc/relation:ece       0.3621
mnli#18d4a8ab/relation           0.0000
mnli#18d4a8ab/relation:ece       0.3846
mnli#1ee2396f/relation           1.0000
mnli#1ee2396f/relation:ece       0.5883
mnli#2390e008/relation           0.0000
mnli#2390e008/relation:ece       0.3632
mnli#26554f0d/relation           1.0000
mnli#26554f0d/relation:ece       0.6044
mnli#275b8072/relation           0.0000
mnli#275b8072/relation:ece       0.3367
mnli#2b9d70ce/relation           0.0000
mnli#2b9d70ce/relation:ece       0.3695
mnli#2be9ee0a/relation           0.0000
mnli#2be9ee0a/relation:ece       0.3558
mnli#2c68a808/relation           1.0000
mnli#2c68a808/relation:ece       0.6000
mnli#2db4b0a9/relation           0.0000
mnli#2db4b0a9/relation:ece       0.3436
mnli#2fa1e42d/relation           0.0000
mnli#2fa1e42d/relation:ece       0.4123
mnli#38b9e20c/relation           0.0000
mnli#38b9e20c/relation:ece       0.4671
mnli#397db60f/relation           1.0000
mnli#397db60f/relation:ece       0.6379
mnli#397fd107/relation           0.0000
mnli#397fd107/relation:ece       0.3660
mnli#39d3de51/relation           0.0000
mnli#39d3de51/relation:ece       0.3578
mnli#3bc83553/relation           0.0000
mnli#3bc83553/relation:ece       0.3853
mnli#3da242fd/relation           0.0000
mnli#3da242fd/relation:ece       0.3451
mnli#3f5274c9/relation           0.0000
mnli#3f5274c9/relation:ece       0.4198
mnli#462d7734/relation           1.0000
mnli#462d7734/relation:ece       0.6426
mnli#48dfe166/relation           0.0000
mnli#48dfe166/relation:ece       0.3439
mnli#48ea7352/relation           0.0000
mnli#48ea7352/relation:ece       0.3709
mnli#48efc596/relation           0.0000
mnli#48efc596/relation:ece       0.2710
mnli#4adcdcb1/relation           0.0000
mnli#4adcdcb1/relation:ece       0.3674
mnli#4bb7ee07/relation           1.0000
mnli#4bb7ee07/relation:ece       0.6350
mnli#4e63e750/relation           0.0000
mnli#4e63e750/relation:ece       0.3545
mnli#5423116d/relation           0.0000
mnli#5423116d/relation:ece       0.3646
mnli#57507a47/relation           0.0000
mnli#57507a47/relation:ece       0.2567
mnli#5996340c/relation           0.0000
mnli#5996340c/relation:ece       0.3557
mnli#5a0d17a6/relation           0.0000
mnli#5a0d17a6/relation:ece       0.3513
mnli#5a77fab7/relation           0.0000
mnli#5a77fab7/relation:ece       0.3668
mnli#5ed73418/relation           0.0000
mnli#5ed73418/relation:ece       0.3445
mnli#63026eac/relation           0.0000
mnli#63026eac/relation:ece       0.3547
mnli#674cf3c2/relation           1.0000
mnli#674cf3c2/relation:ece       0.6482
mnli#6835d387/relation           1.0000
mnli#6835d387/relation:ece       0.6609
mnli#6c3c180c/relation           0.0000
mnli#6c3c180c/relation:ece       0.3771
mnli#6c3f788d/relation           0.0000
mnli#6c3f788d/relation:ece       0.3679
mnli#6da355e1/relation           1.0000
mnli#6da355e1/relation:ece       0.6566
mnli#7143ed1c/relation           0.0000
mnli#7143ed1c/relation:ece       0.3897
mnli#788f4d64/relation           0.0000
mnli#788f4d64/relation:ece       0.3540
mnli#7ce2d8b0/relation           1.0000
mnli#7ce2d8b0/relation:ece       0.6516
mnli#80d8a744/relation           1.0000
mnli#80d8a744/relation:ece       0.6498
mnli#81d11158/relation           1.0000
mnli#81d11158/relation:ece       0.6382
mnli#82c28bf3/relation           0.0000
mnli#82c28bf3/relation:ece       0.3071
mnli#87a91538/relation           0.0000
mnli#87a91538/relation:ece       0.3404
mnli#890c2e14/relation           1.0000
mnli#890c2e14/relation:ece       0.7310
mnli#8a09c0b7/relation           1.0000
mnli#8a09c0b7/relation:ece       0.6205
mnli#8d985513/relation           0.0000
mnli#8d985513/relation:ece       0.3406
mnli#908d8306/relation           0.0000
mnli#908d8306/relation:ece       0.3616
mnli#91a36640/relation           1.0000
mnli#91a36640/relation:ece       0.6301
mnli#92b6b543/relation           0.0000
mnli#92b6b543/relation:ece       0.3468
mnli#930c6b59/relation           0.0000
mnli#930c6b59/relation:ece       0.3533
mnli#981ee476/relation           0.0000
mnli#981ee476/relation:ece       0.3478
mnli#992d6df6/relation           1.0000
mnli#992d6df6/relation:ece       0.7343
mnli#99d64997/relation           0.0000
mnli#99d64997/relation:ece       0.3475
mnli#9de025b1/relation           1.0000
mnli#9de025b1/relation:ece       0.6431
mnli#9e56c189/relation           0.0000
mnli#9e56c189/relation:ece       0.3459
mnli#9e636e04/relation           0.0000
mnli#9e636e04/relation:ece       0.3655
mnli#a1cf196e/relation           0.0000
mnli#a1cf196e/relation:ece       0.3594
mnli#a26694a1/relation           1.0000
mnli#a26694a1/relation:ece       0.6162
mnli#a6f64b44/relation           1.0000
mnli#a6f64b44/relation:ece       0.7331
mnli#a7b667c8/relation           0.0000
mnli#a7b667c8/relation:ece       0.3991
mnli#a95a7d4b/relation           0.0000
mnli#a95a7d4b/relation:ece       0.3764
mnli#aa0d6712/relation           0.0000
mnli#aa0d6712/relation:ece       0.2643
mnli#aab358c3/relation           0.0000
mnli#aab358c3/relation:ece       0.3468
mnli#aae83439/relation           1.0000
mnli#aae83439/relation:ece       0.6511
mnli#ad674bc8/relation           0.0000
mnli#ad674bc8/relation:ece       0.3806
mnli#ad9cf1c1/relation           1.0000
mnli#ad9cf1c1/relation:ece       0.7316
mnli#af17a07f/relation           1.0000
mnli#af17a07f/relation:ece       0.6643
mnli#af9c01de/relation           0.0000
mnli#af9c01de/relation:ece       0.3007
mnli#b1884357/relation           0.0000
mnli#b1884357/relation:ece       0.3460
mnli#b57f0c03/relation           1.0000
mnli#b57f0c03/relation:ece       0.6506
mnli#b6d5def7/relation           0.0000
mnli#b6d5def7/relation:ece       0.3360
mnli#b6d697e9/relation           0.0000
mnli#b6d697e9/relation:ece       0.3862
mnli#b9ca60ed/relation           1.0000
mnli#b9ca60ed/relation:ece       0.6308
mnli#bc989a69/relation           0.0000
mnli#bc989a69/relation:ece       0.2852
mnli#bd83bcea/relation           1.0000
mnli#bd83bcea/relation:ece       0.6603
mnli#be25d973/relation           0.0000
mnli#be25d973/relation:ece       0.3528
mnli#be46dcbb/relation           0.0000
mnli#be46dcbb/relation:ece       0.3974
mnli#c3973632/relation           0.0000
mnli#c3973632/relation:ece       0.3459
mnli#c426a7e0/relation           1.0000
mnli#c426a7e0/relation:ece       0.6200
mnli#c50c28b3/relation           0.0000
mnli#c50c28b3/relation:ece       0.3465
mnli#c6469fc6/relation           0.0000
mnli#c6469fc6/relation:ece       0.2590
mnli#cd33bb32/relation           1.0000
mnli#cd33bb32/relation:ece       0.6566
mnli#ce95f1bf/relation           1.0000
mnli#ce95f1bf/relation:ece       0.6381
mnli#d412115a/relation           0.0000
mnli#d412115a/relation:ece       0.3572
mnli#d5292ab0/relation           1.0000
mnli#d5292ab0/relation:ece       0.6360
mnli#d652c770/relation           0.0000
mnli#d652c770/relation:ece       0.3653
mnli#d8795982/relation           1.0000
mnli#d8795982/relation:ece       0.5983
mnli#dc09db76/relation           1.0000
mnli#dc09db76/relation:ece       0.6486
mnli#ddd3fcff/relation           0.0000
mnli#ddd3fcff/relation:ece       0.3586
mnli#e0e5d04b/relation           0.0000
mnli#e0e5d04b/relation:ece       0.3546
mnli#e1bb86f2/relation           1.0000
mnli#e1bb86f2/relation:ece       0.6452
mnli#e1e7f1e0/relation           1.0000
mnli#e1e7f1e0/relation:ece       0.5653
mnli#e5ad07ae/relation           1.0000
mnli#e5ad07ae/relation:ece       0.6439
mnli#e6845f6c/relation           0.0000
mnli#e6845f6c/relation:ece       0.3370
mnli#eb795583/relation           0.0000
mnli#eb795583/relation:ece       0.3438
mnli#f18e372a/relation           1.0000
mnli#f18e372a/relation:ece       0.7176
mnli#f6e70644/relation           0.0000
mnli#f6e70644/relation:ece       0.3561
mnli#f9aa57fa/relation           0.0000
mnli#f9aa57fa/relation:ece       0.3656
mnli#fa103c54/relation           0.0000
mnli#fa103c54/relation:ece       0.3412
mnli#fed98e94/relation           0.0000
mnli#fed98e94/relation:ece       0.3436
mnli#ff27af72/relation           0.0000
mnli#ff27af72/relation:ece       0.3679
mnli#fffed463/relation           0.0000
mnli#fffed463/relation:ece       0.3667
sst5#16640a13/sentiment          0.2500
sst5#16640a13/sentiment:ece      0.0770
sst5#ad14f5a1/sentiment          0.6000
sst5#ad14f5a1/sentiment:ece      0.2837
sst5#aeaad687/sentiment          0.2121
sst5#aeaad687/sentiment:ece      0.1062
sst5#dd4ece86/sentiment          0.4000
sst5#dd4ece86/sentiment:ece      0.0011
trec#06073789/answer_type        0.0000
trec#06073789/answer_type:ece    0.2232
trec#0f87aa38/answer_type        1.0000
trec#0f87aa38/answer_type:ece    0.8225
trec#1418c608/answer_type        0.0000
trec#1418c608/answer_type:ece    0.1898
trec#2868dd3d/answer_type        0.0000
trec#2868dd3d/answer_type:ece    0.1946
trec#30b5febd/answer_type        0.0000
trec#30b5febd/answer_type:ece    0.1699
trec#363df439/answer_type        0.0000
trec#363df439/answer_type:ece    0.2004
trec#36d75909/answer_type        0.0000
trec#36d75909/answer_type:ece    0.1640
trec#3b157ba9/answer_type        0.0000
trec#3b157ba9/answer_type:ece    0.1772
trec#3c1e4667/answer_type        0.0000
trec#3c1e4667/answer_type:ece    0.2103
trec#43610be5/answer_type        1.0000
trec#43610be5/answer_type:ece    0.8258
trec#49414a22/answer_type        0.0000
trec#49414a22/answer_type:ece    0.2119
trec#4f24c79f/answer_type        0.0000
trec#4f24c79f/answer_type:ece    0.1877
trec#558b12c2/answer_type        0.0000
trec#558b12c2/answer_type:ece    0.2112
trec#5f1a32c2/answer_type        0.0000
trec#5f1a32c2/answer_type:ece    0.2002
trec#61c8c36a/answer_type        0.0000
trec#61c8c36a/answer_type:ece    0.1961
trec#663fc093/answer_type        0.0000
trec#663fc093/answer_type:ece    0.1713
trec#68f7ad90/answer_type        0.2875
trec#68f7ad90/answer_type:ece    0.0788
trec#73232272/answer_type        0.0000
trec#73232272/answer_type:ece    0.1810
trec#7e1c22cd/answer_type        0.0000
trec#7e1c22cd/answer_type:ece    0.1690
trec#7f32e0f1/answer_type        0.0000
trec#7f32e0f1/answer_type:ece    0.1957
trec#82f614bc/answer_type        0.0000
trec#82f614bc/answer_type:ece    0.2006
trec#86cb2104/answer_type        0.0000
trec#86cb2104/answer_type:ece    0.2201
trec#91d6717a/answer_type        0.0000
trec#91d6717a/answer_type:ece    0.1837
trec#940c5b0d/answer_type        0.0000
trec#940c5b0d/answer_type:ece    0.1995
trec#a23216b9/answer_type        1.0000
trec#a23216b9/answer_type:ece    0.8325
trec#b144ec69/answer_type        0.0000
trec#b144ec69/answer_type:ece    0.1805
trec#b2c04e89/answer_type        0.0000
trec#b2c04e89/answer_type:ece    0.1719
trec#b5fea293/answer_type        0.0000
trec#b5fea293/answer_type:ece    0.1747
trec#b6303bdb/answer_type        0.0000
trec#b6303bdb/answer_type:ece    0.2054
trec#bdbb4f06/answer_type        0.0000
trec#bdbb4f06/answer_type:ece    0.2001
trec#be96ac41/answer_type        0.0000
trec#be96ac41/answer_type:ece    0.2100
trec#cd580003/answer_type        0.0000
trec#cd580003/answer_type:ece    0.1931
trec#d1042c6a/answer_type        0.0000
trec#d1042c6a/answer_type:ece    0.1957
trec#d6ee0c4b/answer_type        0.0000
trec#d6ee0c4b/answer_type:ece    0.1684
trec#ec85cb61/answer_type        0.0000
trec#ec85cb61/answer_type:ece    0.2054
trec#f21cda47/answer_type        0.0000
trec#f21cda47/answer_type:ece    0.2048
trec#fd81a6bf/answer_type        0.0000
trec#fd81a6bf/answer_type:ece    0.1789
yelp#072f2812/rating             0.2985
yelp#072f2812/rating:ece         0.0523
yelp#072f2812/recommend          0.5522
yelp#072f2812/recommend:brier    0.2415
yelp#072f2812/recommend:ece      0.0069
yelp#86092e6d/rating             0.7500
yelp#86092e6d/rating:ece         0.5037
yelp#86092e6d/recommend          0.0000
yelp#86092e6d/recommend:brier    0.2768
yelp#86092e6d/recommend:ece      0.5255
yelp#bdb69480/rating             0.2000
yelp#bdb69480/rating:ece         0.0533
yelp#bdb69480/recommend          0.8000
yelp#bdb69480/recommend:brier    0.1770
yelp#bdb69480/recommend:ece      0.1988
yelp#f36e769b/rating             0.0000
yelp#f36e769b/rating:ece         0.2683
yelp#f36e769b/recommend          0.2500
yelp#f36e769b/recommend:brier    0.3095
yelp#f36e769b/recommend:ece      0.3308
saved checkpoint to runs/myna-v1-rich
