/kaggle/input tree (116 entries, followlinks=True):
/kaggle/input/datasets
/kaggle/input/datasets/aashishkumarmahato01
/kaggle/input/datasets/aashishkumarmahato01/decision-v2-pilot
/kaggle/input/datasets/aashishkumarmahato01/myna-code
/kaggle/input/datasets/aashishkumarmahato01/decision-v2-pilot/SOURCE_SHA256.json
/kaggle/input/datasets/aashishkumarmahato01/decision-v2-pilot/calibration.jsonl
/kaggle/input/datasets/aashishkumarmahato01/decision-v2-pilot/development.jsonl
/kaggle/input/datasets/aashishkumarmahato01/decision-v2-pilot/test.jsonl
/kaggle/input/datasets/aashishkumarmahato01/decision-v2-pilot/tokenizer-8192.json
/kaggle/input/datasets/aashishkumarmahato01/decision-v2-pilot/train.jsonl
/kaggle/input/datasets/aashishkumarmahato01/decision-v2-pilot/upstream_manifest.json
/kaggle/input/datasets/aashishkumarmahato01/myna-code/.github
/kaggle/input/datasets/aashishkumarmahato01/myna-code/bench
/kaggle/input/datasets/aashishkumarmahato01/myna-code/data
/kaggle/input/datasets/aashishkumarmahato01/myna-code/kaggle
/kaggle/input/datasets/aashishkumarmahato01/myna-code/runs
/kaggle/input/datasets/aashishkumarmahato01/myna-code/src
/kaggle/input/datasets/aashishkumarmahato01/myna-code/tests
/kaggle/input/datasets/aashishkumarmahato01/myna-code/.git
/kaggle/input/datasets/aashishkumarmahato01/myna-code/.gitignore
/kaggle/input/datasets/aashishkumarmahato01/myna-code/.python-version
/kaggle/input/datasets/aashishkumarmahato01/myna-code/LICENSE
/kaggle/input/datasets/aashishkumarmahato01/myna-code/PLAN.md
/kaggle/input/datasets/aashishkumarmahato01/myna-code/README.md
/kaggle/input/datasets/aashishkumarmahato01/myna-code/SPEC.md
/kaggle/input/datasets/aashishkumarmahato01/myna-code/TODO.md
/kaggle/input/datasets/aashishkumarmahato01/myna-code/V2_SPEC.md
/kaggle/input/datasets/aashishkumarmahato01/myna-code/pyproject.toml
/kaggle/input/datasets/aashishkumarmahato01/myna-code/uv.lock
/kaggle/input/datasets/aashishkumarmahato01/myna-code/kaggle/package_dataset.py
/kaggle/input/datasets/aashishkumarmahato01/myna-code/kaggle/requirements.txt
/kaggle/input/datasets/aashishkumarmahato01/myna-code/kaggle/run.py
/kaggle/input/datasets/aashishkumarmahato01/myna-code/runs/bench_probe_extended.log
/kaggle/input/datasets/aashishkumarmahato01/myna-code/runs/bench_stream.md
/kaggle/input/datasets/aashishkumarmahato01/myna-code/runs/bench_stream_v0.log
/kaggle/input/datasets/aashishkumarmahato01/myna-code/runs/diag1200.log
/kaggle/input/datasets/aashishkumarmahato01/myna-code/runs/diag1200_gatefix.log
/kaggle/input/datasets/aashishkumarmahato01/myna-code/runs/diag_fit256.log
/kaggle/input/datasets/aashishkumarmahato01/myna-code/runs/diag_fit64.log
/kaggle/input/datasets/aashishkumarmahato01/myna-code/runs/latency_matched.json
/kaggle/input/datasets/aashishkumarmahato01/myna-code/runs/latency_matched.log
/kaggle/input/datasets/aashishkumarmahato01/myna-code/runs/latency_matched.md
/kaggle/input/datasets/aashishkumarmahato01/myna-code/runs/latency_matched_run1_superseded.json
/kaggle/input/datasets/aashishkumarmahato01/myna-code/runs/latency_matched_run1_superseded.md
/kaggle/input/datasets/aashishkumarmahato01/myna-code/runs/laya_decision_v2.json
/kaggle/input/datasets/aashishkumarmahato01/myna-code/runs/laya_decision_v2_test.json
/kaggle/input/datasets/aashishkumarmahato01/myna-code/runs/laya_smoke.json
/kaggle/input/datasets/aashishkumarmahato01/myna-code/runs/laya_smoke.log
/kaggle/input/datasets/aashishkumarmahato01/myna-code/runs/laya_witness.log
/kaggle/input/datasets/aashishkumarmahato01/myna-code/runs/laya_witness_test.log
/kaggle/input/datasets/aashishkumarmahato01/myna-code/runs/mutation_latency_matched.log
/kaggle/input/datasets/aashishkumarmahato01/myna-code/runs/myna_v1_accum.log
/kaggle/input/datasets/aashishkumarmahato01/myna-code/runs/myna_v1_batch16_interference.log
/kaggle/input/datasets/aashishkumarmahato01/myna-code/runs/myna_v1_pool_accum.log
/kaggle/input/datasets/aashishkumarmahato01/myna-code/runs/myna_v1_train.log
/kaggle/input/datasets/aashishkumarmahato01/myna-code/runs/myna_v1_uniform_belowchance_250.log
/kaggle/input/datasets/aashishkumarmahato01/myna-code/runs/rich_fit.log
/kaggle/input/datasets/aashishkumarmahato01/myna-code/runs/rlcd_v0.log
/kaggle/input/datasets/aashishkumarmahato01/myna-code/runs/train-v0-blind1000.log
/kaggle/input/datasets/aashishkumarmahato01/myna-code/runs/train-v0.log
/kaggle/input/datasets/aashishkumarmahato01/myna-code/tests/test_cli_help.py
/kaggle/input/datasets/aashishkumarmahato01/myna-code/tests/test_data_invariants.py
/kaggle/input/datasets/aashishkumarmahato01/myna-code/tests/test_device_and_calibration.py
/kaggle/input/datasets/aashishkumarmahato01/myna-code/tests/test_engine_parity.py
/kaggle/input/datasets/aashishkumarmahato01/myna-code/tests/test_kaggle_bundle.py
/kaggle/input/datasets/aashishkumarmahato01/myna-code/tests/test_latency_matched.py
/kaggle/input/datasets/aashishkumarmahato01/myna-code/tests/test_longctx.py
/kaggle/input/datasets/aashishkumarmahato01/myna-code/tests/test_memory_plan.py
/kaggle/input/datasets/aashishkumarmahato01/myna-code/tests/test_mlx_parity.py
/kaggle/input/datasets/aashishkumarmahato01/myna-code/tests/test_model_longctx.py
/kaggle/input/datasets/aashishkumarmahato01/myna-code/tests/test_paraphrase.py
/kaggle/input/datasets/aashishkumarmahato01/myna-code/tests/test_paraphrase_wiring.py
/kaggle/input/datasets/aashishkumarmahato01/myna-code/tests/test_perrow_batch.py
/kaggle/input/datasets/aashishkumarmahato01/myna-code/tests/test_real_data.py
/kaggle/input/datasets/aashishkumarmahato01/myna-code/tests/test_report.py
/kaggle/input/datasets/aashishkumarmahato01/myna-code/tests/test_rlcd.py
/kaggle/input/datasets/aashishkumarmahato01/myna-code/tests/test_serve.py
/kaggle/input/datasets/aashishkumarmahato01/myna-code/tests/test_trunk_numerics.py
/kaggle/input/datasets/aashishkumarmahato01/myna-code/tests/test_upstream.py
/kaggle/input/datasets/aashishkumarmahato01/myna-code/.github/workflows
/kaggle/input/datasets/aashishkumarmahato01/myna-code/.github/workflows/ci.yml
/kaggle/input/datasets/aashishkumarmahato01/myna-code/src/myna
/kaggle/input/datasets/aashishkumarmahato01/myna-code/src/myna/__init__.py
/kaggle/input/datasets/aashishkumarmahato01/myna-code/src/myna/data.py
/kaggle/input/datasets/aashishkumarmahato01/myna-code/src/myna/engine.py
/kaggle/input/datasets/aashishkumarmahato01/myna-code/src/myna/longctx.py
/kaggle/input/datasets/aashishkumarmahato01/myna-code/src/myna/mlx_model.py
/kaggle/input/datasets/aashishkumarmahato01/myna-code/src/myna/model.py
/kaggle/input/datasets/aashishkumarmahato01/myna-code/src/myna/paraphrase.py
/kaggle/input/datasets/aashishkumarmahato01/myna-code/src/myna/py.typed
/kaggle/input/datasets/aashishkumarmahato01/myna-code/src/myna/real_data.py
/kaggle/input/datasets/aashishkumarmahato01/myna-code/src/myna/report.py
/kaggle/input/datasets/aashishkumarmahato01/myna-code/src/myna/rlcd.py
/kaggle/input/datasets/aashishkumarmahato01/myna-code/src/myna/serve.py
/kaggle/input/datasets/aashishkumarmahato01/myna-code/src/myna/tokenizer.py
/kaggle/input/datasets/aashishkumarmahato01/myna-code/src/myna/train.py
/kaggle/input/datasets/aashishkumarmahato01/myna-code/src/myna/trunk.py
/kaggle/input/datasets/aashishkumarmahato01/myna-code/data/decision-v2-pilot
/kaggle/input/datasets/aashishkumarmahato01/myna-code/data/decision-v2-pilot/upstream_manifest.json
/kaggle/input/datasets/aashishkumarmahato01/myna-code/bench/bench_latency_matched.py
/kaggle/input/datasets/aashishkumarmahato01/myna-code/bench/bench_mlx.py
/kaggle/input/datasets/aashishkumarmahato01/myna-code/bench/bench_stream.py
/kaggle/input/datasets/aashishkumarmahato01/myna-code/bench/check_python311.py
/kaggle/input/datasets/aashishkumarmahato01/myna-code/bench/diag_learn.py
/kaggle/input/datasets/aashishkumarmahato01/myna-code/bench/diag_overfit.py
/kaggle/input/datasets/aashishkumarmahato01/myna-code/bench/eval_laya_real.py
/kaggle/input/datasets/aashishkumarmahato01/myna-code/bench/eval_needle.py
/kaggle/input/datasets/aashishkumarmahato01/myna-code/bench/mem_profile.py
/kaggle/input/datasets/aashishkumarmahato01/myna-code/bench/mutation_kaggle_bundle.py
/kaggle/input/datasets/aashishkumarmahato01/myna-code/bench/mutation_latency_matched.py
/kaggle/input/datasets/aashishkumarmahato01/myna-code/bench/mutation_memory_plan.py
/kaggle/input/datasets/aashishkumarmahato01/myna-code/bench/mutation_paraphrase.py
/kaggle/input/datasets/aashishkumarmahato01/myna-code/bench/mutation_report.py
/kaggle/input/datasets/aashishkumarmahato01/myna-code/bench/pilot_topology.py
/kaggle/input/datasets/aashishkumarmahato01/myna-code/bench/pull_upstream.py
/kaggle/input/datasets/aashishkumarmahato01/myna-code/bench/summarize_v1.py
staged from: /kaggle/input/datasets/aashishkumarmahato01/myna-code/kaggle/run.py
witness: empty_cache fix present in the staged train.py
device: Tesla T4
free 14806 MiB of 14911 MiB
/usr/bin/python3 -m myna.train --suite /kaggle/input/datasets/aashishkumarmahato01/decision-v2-pilot --out /kaggle/working/runs/v1b-kaggle-3600b --device auto --steps 3600 --batch 32 --accum-groups 8 --max-q-cells 2048 --group-sample pool --eval-every 250 --save-every 250 --mem-safety 0.6 --stop-factor 3.0 --seed 0 --vocab 8192 --paraphrase on --row-batch --free-gib 9






tokenizer trained: 8192
params: 16926848
train question-sets: 17112  median pool 1  sets with pool<batch(32) 17079 (100% of sets run a short batch)
tokenizer trained: 8192
params: 16926848
train question-sets: 17112  median pool 1  sets with pool<batch(32) 17079 (100% of sets run a short batch)
row-batch: 57904 rows in one pool, 17112 question sets, widest row 3 questions x 40 tokens; budget 2048 cells/forward (~3.2 GB branch)
row-batch: 57904 rows in one pool, 17112 question sets, widest row 3 questions x 40 tokens; budget 2048 cells/forward (~3.2 GB branch)
paraphrase: 17112 question sets re-worded, suite wording held out; 17112 sets budgeted at their longest phrasing
paraphrase: 17112 question sets re-worded, suite wording held out; 17112 sets budgeted at their longest phrasing
memory plan: 9.0 GiB free x 0.6, less 3.2 GiB of question branch -> batch 10 at p95 267 tokens x 0.8 MiB/position; --batch 32 exceeds it, using 10
memory plan: 9.0 GiB free x 0.6, less 3.2 GiB of question branch -> batch 10 at p95 267 tokens x 0.8 MiB/position; --batch 32 exceeds it, using 10
step     0  loss 1.499  ema 1.499  sets/update 8  6s
step     0  loss 1.499  ema 1.499  sets/update 8  6s
step    60  loss 1.320  ema 1.486  sets/update 8  324s
step    60  loss 1.320  ema 1.486  sets/update 8  324s
step   120  loss 1.556  ema 1.533  sets/update 8  651s
step   120  loss 1.556  ema 1.533  sets/update 8  651s
step   180  loss 1.437  ema 1.479  sets/update 8  964s
step   180  loss 1.437  ema 1.479  sets/update 8  964s
step   240  loss 1.420  ema 1.507  sets/update 8  1296s
step   240  loss 1.420  ema 1.507  sets/update 8  1296s
step   250  dev-mid acc 0.3401
step   250  dev-mid acc 0.3401
step   300  loss 1.549  ema 1.489  sets/update 8  1692s
step   300  loss 1.549  ema 1.489  sets/update 8  1692s
step   360  loss 1.421  ema 1.473  sets/update 8  2023s
step   360  loss 1.421  ema 1.473  sets/update 8  2023s
step   420  loss 1.138  ema 1.422  sets/update 8  2342s
step   420  loss 1.138  ema 1.422  sets/update 8  2342s
step   480  loss 1.506  ema 1.487  sets/update 8  2661s
step   480  loss 1.506  ema 1.487  sets/update 8  2661s
step   500  dev-mid acc 0.3785
step   500  dev-mid acc 0.3785
step   540  loss 1.501  ema 1.497  sets/update 8  3050s
step   540  loss 1.501  ema 1.497  sets/update 8  3050s
step   600  loss 1.561  ema 1.513  sets/update 8  3376s
step   600  loss 1.561  ema 1.513  sets/update 8  3376s
step   660  loss 1.505  ema 1.499  sets/update 8  3707s
step   660  loss 1.505  ema 1.499  sets/update 8  3707s
step   720  loss 1.588  ema 1.493  sets/update 8  4033s
step   720  loss 1.588  ema 1.493  sets/update 8  4033s
step   750  dev-mid acc 0.3530
step   750  dev-mid acc 0.3530
step   780  loss 1.438  ema 1.502  sets/update 8  4420s
step   780  loss 1.438  ema 1.502  sets/update 8  4420s
step   840  loss 1.389  ema 1.462  sets/update 8  4751s
step   840  loss 1.389  ema 1.462  sets/update 8  4751s
step   900  loss 1.621  ema 1.428  sets/update 8  5064s
step   900  loss 1.621  ema 1.428  sets/update 8  5064s
step   960  loss 1.269  ema 1.448  sets/update 8  5368s
step   960  loss 1.269  ema 1.448  sets/update 8  5368s
step  1000  dev-mid acc 0.3773
step  1000  dev-mid acc 0.3773
step  1020  loss 1.543  ema 1.429  sets/update 8  5744s
step  1020  loss 1.543  ema 1.429  sets/update 8  5744s
step  1080  loss 1.363  ema 1.442  sets/update 8  6053s
step  1080  loss 1.363  ema 1.442  sets/update 8  6053s
step  1140  loss 1.632  ema 1.509  sets/update 8  6372s
step  1140  loss 1.632  ema 1.509  sets/update 8  6372s
step  1200  loss 1.334  ema 1.453  sets/update 8  6691s
step  1200  loss 1.334  ema 1.453  sets/update 8  6691s
step  1250  dev-mid acc 0.3932
step  1250  dev-mid acc 0.3932
step  1260  loss 1.608  ema 1.485  sets/update 8  7077s
step  1260  loss 1.608  ema 1.485  sets/update 8  7077s
step  1320  loss 1.289  ema 1.455  sets/update 8  7396s
step  1320  loss 1.289  ema 1.455  sets/update 8  7396s
step  1380  loss 1.629  ema 1.478  sets/update 8  7711s
step  1380  loss 1.629  ema 1.478  sets/update 8  7711s
step  1440  loss 1.227  ema 1.451  sets/update 8  8033s
step  1440  loss 1.227  ema 1.451  sets/update 8  8033s
step  1500  loss 1.301  ema 1.385  sets/update 8  8342s
step  1500  loss 1.301  ema 1.385  sets/update 8  8342s
step  1500  dev-mid acc 0.3655
step  1500  dev-mid acc 0.3655
step  1560  loss 1.703  ema 1.454  sets/update 8  8728s
step  1560  loss 1.703  ema 1.454  sets/update 8  8728s
step  1620  loss 1.225  ema 1.371  sets/update 8  9043s
step  1620  loss 1.225  ema 1.371  sets/update 8  9043s
step  1680  loss 1.423  ema 1.390  sets/update 8  9363s
step  1680  loss 1.423  ema 1.390  sets/update 8  9363s
step  1740  loss 1.252  ema 1.395  sets/update 8  9680s
step  1740  loss 1.252  ema 1.395  sets/update 8  9680s
step  1750  dev-mid acc 0.3771
step  1750  dev-mid acc 0.3771
step  1800  loss 1.103  ema 1.385  sets/update 8  10062s
step  1800  loss 1.103  ema 1.385  sets/update 8  10062s
step  1860  loss 1.528  ema 1.405  sets/update 8  10384s
step  1860  loss 1.528  ema 1.405  sets/update 8  10384s
step  1920  loss 1.455  ema 1.368  sets/update 8  10704s
step  1920  loss 1.455  ema 1.368  sets/update 8  10704s
step  1980  loss 1.476  ema 1.385  sets/update 8  11026s
step  1980  loss 1.476  ema 1.385  sets/update 8  11026s
step  2000  dev-mid acc 0.3894
step  2000  dev-mid acc 0.3894
step  2040  loss 1.426  ema 1.307  sets/update 8  11410s
step  2040  loss 1.426  ema 1.307  sets/update 8  11410s
step  2100  loss 1.270  ema 1.318  sets/update 8  11720s
step  2100  loss 1.270  ema 1.318  sets/update 8  11720s
step  2160  loss 1.326  ema 1.331  sets/update 8  12045s
step  2160  loss 1.326  ema 1.331  sets/update 8  12045s
step  2220  loss 1.317  ema 1.348  sets/update 8  12378s
step  2220  loss 1.317  ema 1.348  sets/update 8  12378s
step  2250  dev-mid acc 0.4122
step  2250  dev-mid acc 0.4122
step  2280  loss 1.717  ema 1.292  sets/update 8  12777s
step  2280  loss 1.717  ema 1.292  sets/update 8  12777s
step  2340  loss 1.182  ema 1.244  sets/update 8  13105s
step  2340  loss 1.182  ema 1.244  sets/update 8  13105s
step  2400  loss 0.946  ema 1.218  sets/update 8  13426s
step  2400  loss 0.946  ema 1.218  sets/update 8  13426s
step  2460  loss 1.258  ema 1.279  sets/update 8  13757s
step  2460  loss 1.258  ema 1.279  sets/update 8  13757s
step  2500  dev-mid acc 0.4283
step  2500  dev-mid acc 0.4283
step  2520  loss 1.401  ema 1.314  sets/update 8  14159s
step  2520  loss 1.401  ema 1.314  sets/update 8  14159s
step  2580  loss 1.217  ema 1.254  sets/update 8  14487s
step  2580  loss 1.217  ema 1.254  sets/update 8  14487s
step  2640  loss 1.011  ema 1.223  sets/update 8  14812s
step  2640  loss 1.011  ema 1.223  sets/update 8  14812s
step  2700  loss 1.132  ema 1.211  sets/update 8  15135s
step  2700  loss 1.132  ema 1.211  sets/update 8  15135s
step  2750  dev-mid acc 0.4319
step  2750  dev-mid acc 0.4319
step  2760  loss 1.446  ema 1.300  sets/update 8  15540s
step  2760  loss 1.446  ema 1.300  sets/update 8  15540s
step  2820  loss 0.950  ema 1.136  sets/update 8  15853s
step  2820  loss 0.950  ema 1.136  sets/update 8  15853s
step  2880  loss 1.347  ema 1.194  sets/update 8  16174s
step  2880  loss 1.347  ema 1.194  sets/update 8  16174s
step  2940  loss 1.270  ema 1.289  sets/update 8  16506s
step  2940  loss 1.270  ema 1.289  sets/update 8  16506s
step  3000  loss 1.222  ema 1.197  sets/update 8  16827s
step  3000  loss 1.222  ema 1.197  sets/update 8  16827s
step  3000  dev-mid acc 0.4336
step  3000  dev-mid acc 0.4336
step  3060  loss 1.228  ema 1.212  sets/update 8  17222s
step  3060  loss 1.228  ema 1.212  sets/update 8  17222s
step  3120  loss 1.205  ema 1.228  sets/update 8  17548s
step  3120  loss 1.205  ema 1.228  sets/update 8  17548s
step  3180  loss 1.020  ema 1.147  sets/update 8  17863s
step  3180  loss 1.020  ema 1.147  sets/update 8  17863s
step  3240  loss 1.507  ema 1.201  sets/update 8  18182s
step  3240  loss 1.507  ema 1.201  sets/update 8  18182s
step  3250  dev-mid acc 0.4321
step  3250  dev-mid acc 0.4321
step  3300  loss 1.025  ema 1.218  sets/update 8  18586s
step  3300  loss 1.025  ema 1.218  sets/update 8  18586s
step  3360  loss 1.504  ema 1.219  sets/update 8  18901s
step  3360  loss 1.504  ema 1.219  sets/update 8  18901s
step  3420  loss 1.206  ema 1.223  sets/update 8  19217s
step  3420  loss 1.206  ema 1.223  sets/update 8  19217s
step  3480  loss 0.743  ema 1.181  sets/update 8  19527s
step  3480  loss 0.743  ema 1.181  sets/update 8  19527s
step  3500  dev-mid acc 0.4355
step  3500  dev-mid acc 0.4355
step  3540  loss 1.284  ema 1.199  sets/update 8  19904s
step  3540  loss 1.284  ema 1.199  sets/update 8  19904s
step  3599  loss 0.988  ema 1.262  sets/update 8  20225s
step  3599  loss 0.988  ema 1.262  sets/update 8  20225s
temperature: 1.2  (fit on calibration: 448 rows in 168 sets)
=== dev ===
agnews#007c175b/topic            1.0000
agnews#007c175b/topic:ece        0.6854
agnews#02a53f27/topic            0.0000
agnews#02a53f27/topic:ece        0.5100
agnews#03430be2/is_business      0.0000
agnews#03430be2/is_business:brier 0.3134
agnews#03430be2/is_business:ece  0.5598
agnews#03430be2/is_world         1.0000
agnews#03430be2/is_world:brier   0.2305
agnews#03430be2/is_world:ece     0.4801
agnews#03430be2/topic            0.0000
agnews#03430be2/topic:ece        0.3709
agnews#03e93753/is_scitech       1.0000
agnews#03e93753/is_scitech:brier 0.1009
agnews#03e93753/is_scitech:ece   0.3176
agnews#03e93753/is_sports        0.0000
agnews#03e93753/is_sports:brier  0.4576
agnews#03e93753/is_sports:ece    0.6764
agnews#03e93753/topic            1.0000
agnews#03e93753/topic:ece        0.4814
agnews#053228f0/is_scitech       0.0000
agnews#053228f0/is_scitech:brier 0.5466
agnews#053228f0/is_scitech:ece   0.7394
agnews#053228f0/is_sports        1.0000
agnews#053228f0/is_sports:brier  0.0711
agnews#053228f0/is_sports:ece    0.2666
agnews#053228f0/topic            0.0000
agnews#053228f0/topic:ece        0.4504
agnews#07682a07/is_scitech       1.0000
agnews#07682a07/is_scitech:brier 0.0876
agnews#07682a07/is_scitech:ece   0.2960
agnews#07682a07/is_sports        0.0000
agnews#07682a07/is_sports:brier  0.5153
agnews#07682a07/is_sports:ece    0.7179
agnews#07682a07/topic            1.0000
agnews#07682a07/topic:ece        0.6033
agnews#0d3b6299/is_scitech       1.0000
agnews#0d3b6299/is_scitech:brier 0.0073
agnews#0d3b6299/is_scitech:ece   0.0854
agnews#0d3b6299/is_sports        1.0000
agnews#0d3b6299/is_sports:brier  0.0083
agnews#0d3b6299/is_sports:ece    0.0911
agnews#0d3b6299/topic            1.0000
agnews#0d3b6299/topic:ece        0.4566
agnews#0d91e6d7/is_sports        1.0000
agnews#0d91e6d7/is_sports:brier  0.0671
agnews#0d91e6d7/is_sports:ece    0.2591
agnews#0d91e6d7/is_world         0.0000
agnews#0d91e6d7/is_world:brier   0.5547
agnews#0d91e6d7/is_world:ece     0.7448
agnews#0d91e6d7/topic            1.0000
agnews#0d91e6d7/topic:ece        0.4355
agnews#0dac348d/is_business      1.0000
agnews#0dac348d/is_business:brier 0.0446
agnews#0dac348d/is_business:ece  0.2112
agnews#0dac348d/is_sports        1.0000
agnews#0dac348d/is_sports:brier  0.0434
agnews#0dac348d/is_sports:ece    0.2083
agnews#0dac348d/topic            0.0000
agnews#0dac348d/topic:ece        0.3775
agnews#0f5c2a4c/is_business      0.0000
agnews#0f5c2a4c/is_business:brier 0.6247
agnews#0f5c2a4c/is_business:ece  0.7904
agnews#0f5c2a4c/is_scitech       1.0000
agnews#0f5c2a4c/is_scitech:brier 0.0468
agnews#0f5c2a4c/is_scitech:ece   0.2164
agnews#0f5c2a4c/topic            0.0000
agnews#0f5c2a4c/topic:ece        0.5708
agnews#0f646e97/is_scitech       1.0000
agnews#0f646e97/is_scitech:brier 0.0026
agnews#0f646e97/is_scitech:ece   0.0514
agnews#0f646e97/is_world         1.0000
agnews#0f646e97/is_world:brier   0.0018
agnews#0f646e97/is_world:ece     0.0424
agnews#0f646e97/topic            1.0000
agnews#0f646e97/topic:ece        0.2425
agnews#110e3acd/is_business      0.5000
agnews#110e3acd/is_business:brier 0.3653
agnews#110e3acd/is_business:ece  0.2319
agnews#110e3acd/is_scitech       1.0000
agnews#110e3acd/is_scitech:brier 0.0722
agnews#110e3acd/is_scitech:ece   0.2654
agnews#110e3acd/topic            0.0000
agnews#110e3acd/topic:ece        0.3817
agnews#1667c969/is_business      1.0000
agnews#1667c969/is_business:brier 0.0835
agnews#1667c969/is_business:ece  0.2890
agnews#1667c969/is_world         1.0000
agnews#1667c969/is_world:brier   0.0770
agnews#1667c969/is_world:ece     0.2775
agnews#1667c969/topic            1.0000
agnews#1667c969/topic:ece        0.6303
agnews#16f9789d/is_sports        1.0000
agnews#16f9789d/is_sports:brier  0.0679
agnews#16f9789d/is_sports:ece    0.2606
agnews#16f9789d/is_world         0.0000
agnews#16f9789d/is_world:brier   0.5601
agnews#16f9789d/is_world:ece     0.7484
agnews#16f9789d/topic            1.0000
agnews#16f9789d/topic:ece        0.5420
agnews#1ebdd316/is_scitech       0.5000
agnews#1ebdd316/is_scitech:brier 0.2905
agnews#1ebdd316/is_scitech:ece   0.2175
agnews#1ebdd316/is_sports        1.0000
agnews#1ebdd316/is_sports:brier  0.0768
agnews#1ebdd316/is_sports:ece    0.2769
agnews#1ebdd316/topic            0.0000
agnews#1ebdd316/topic:ece        0.4386
agnews#203ca3a4/topic            1.0000
agnews#203ca3a4/topic:ece        0.5239
agnews#21779857/is_scitech       0.5000
agnews#21779857/is_scitech:brier 0.2822
agnews#21779857/is_scitech:ece   0.1850
agnews#21779857/is_sports        0.5000
agnews#21779857/is_sports:brier  0.2910
agnews#21779857/is_sports:ece    0.1727
agnews#21779857/topic            0.5000
agnews#21779857/topic:ece        0.2194
agnews#21ca1dbf/is_business      1.0000
agnews#21ca1dbf/is_business:brier 0.0896
agnews#21ca1dbf/is_business:ece  0.2959
agnews#21ca1dbf/is_sports        0.5000
agnews#21ca1dbf/is_sports:brier  0.2436
agnews#21ca1dbf/is_sports:ece    0.2036
agnews#21ca1dbf/topic            1.0000
agnews#21ca1dbf/topic:ece        0.5203
agnews#21ea3728/is_business      1.0000
agnews#21ea3728/is_business:brier 0.0930
agnews#21ea3728/is_business:ece  0.3050
agnews#21ea3728/is_world         1.0000
agnews#21ea3728/is_world:brier   0.0893
agnews#21ea3728/is_world:ece     0.2989
agnews#21ea3728/topic            1.0000
agnews#21ea3728/topic:ece        0.4017
agnews#2363f4d6/is_business      1.0000
agnews#2363f4d6/is_business:brier 0.0543
agnews#2363f4d6/is_business:ece  0.2331
agnews#2363f4d6/is_scitech       1.0000
agnews#2363f4d6/is_scitech:brier 0.0598
agnews#2363f4d6/is_scitech:ece   0.2445
agnews#2363f4d6/topic            0.0000
agnews#2363f4d6/topic:ece        0.5621
agnews#24660657/is_business      1.0000
agnews#24660657/is_business:brier 0.0476
agnews#24660657/is_business:ece  0.2181
agnews#24660657/is_world         1.0000
agnews#24660657/is_world:brier   0.0463
agnews#24660657/is_world:ece     0.2153
agnews#24660657/topic            1.0000
agnews#24660657/topic:ece        0.5529
agnews#255d87bd/is_scitech       0.0000
agnews#255d87bd/is_scitech:brier 0.4744
agnews#255d87bd/is_scitech:ece   0.6888
agnews#255d87bd/is_sports        1.0000
agnews#255d87bd/is_sports:brier  0.1831
agnews#255d87bd/is_sports:ece    0.4279
agnews#255d87bd/topic            1.0000
agnews#255d87bd/topic:ece        0.6468
agnews#25c1e4b8/topic            1.0000
agnews#25c1e4b8/topic:ece        0.6358
agnews#27262a1f/is_scitech       1.0000
agnews#27262a1f/is_scitech:brier 0.1130
agnews#27262a1f/is_scitech:ece   0.3362
agnews#27262a1f/is_sports        0.0000
agnews#27262a1f/is_sports:brier  0.4385
agnews#27262a1f/is_sports:ece    0.6622
agnews#27262a1f/topic            0.0000
agnews#27262a1f/topic:ece        0.4447
agnews#2975d76b/topic            1.0000
agnews#2975d76b/topic:ece        0.6686
agnews#2a8b7c8c/is_sports        1.0000
agnews#2a8b7c8c/is_sports:brier  0.0512
agnews#2a8b7c8c/is_sports:ece    0.2264
agnews#2a8b7c8c/is_world         1.0000
agnews#2a8b7c8c/is_world:brier   0.0504
agnews#2a8b7c8c/is_world:ece     0.2246
agnews#2a8b7c8c/topic            0.0000
agnews#2a8b7c8c/topic:ece        0.3252
agnews#2b700a87/is_business      1.0000
agnews#2b700a87/is_business:brier 0.0751
agnews#2b700a87/is_business:ece  0.2726
agnews#2b700a87/is_world         1.0000
agnews#2b700a87/is_world:brier   0.0676
agnews#2b700a87/is_world:ece     0.2586
agnews#2b700a87/topic            1.0000
agnews#2b700a87/topic:ece        0.5337
agnews#2d7c940a/topic            1.0000
agnews#2d7c940a/topic:ece        0.5473
agnews#3003d99d/is_business      1.0000
agnews#3003d99d/is_business:brier 0.0484
agnews#3003d99d/is_business:ece  0.2199
agnews#3003d99d/is_sports        1.0000
agnews#3003d99d/is_sports:brier  0.0566
agnews#3003d99d/is_sports:ece    0.2379
agnews#3003d99d/topic            1.0000
agnews#3003d99d/topic:ece        0.5737
agnews#313bd558/topic            0.0000
agnews#313bd558/topic:ece        0.4573
agnews#38a1aaca/is_business      1.0000
agnews#38a1aaca/is_business:brier 0.0913
agnews#38a1aaca/is_business:ece  0.3022
agnews#38a1aaca/is_scitech       0.0000
agnews#38a1aaca/is_scitech:brier 0.4726
agnews#38a1aaca/is_scitech:ece   0.6874
agnews#38a1aaca/topic            1.0000
agnews#38a1aaca/topic:ece        0.4586
agnews#3a01082a/is_scitech       1.0000
agnews#3a01082a/is_scitech:brier 0.0989
agnews#3a01082a/is_scitech:ece   0.3146
agnews#3a01082a/is_world         1.0000
agnews#3a01082a/is_world:brier   0.1130
agnews#3a01082a/is_world:ece     0.3362
agnews#3a01082a/topic            1.0000
agnews#3a01082a/topic:ece        0.4615
agnews#3a8e783a/is_business      1.0000
agnews#3a8e783a/is_business:brier 0.0533
agnews#3a8e783a/is_business:ece  0.2310
agnews#3a8e783a/is_scitech       1.0000
agnews#3a8e783a/is_scitech:brier 0.0665
agnews#3a8e783a/is_scitech:ece   0.2578
agnews#3a8e783a/topic            1.0000
agnews#3a8e783a/topic:ece        0.3155
agnews#3e691121/is_business      1.0000
agnews#3e691121/is_business:brier 0.1113
agnews#3e691121/is_business:ece  0.3335
agnews#3e691121/is_sports        1.0000
agnews#3e691121/is_sports:brier  0.1079
agnews#3e691121/is_sports:ece    0.3285
agnews#3e691121/topic            1.0000
agnews#3e691121/topic:ece        0.4514
agnews#44693467/is_scitech       1.0000
agnews#44693467/is_scitech:brier 0.0757
agnews#44693467/is_scitech:ece   0.2740
agnews#44693467/is_sports        0.5000
agnews#44693467/is_sports:brier  0.2793
agnews#44693467/is_sports:ece    0.2181
agnews#44693467/topic            0.5000
agnews#44693467/topic:ece        0.0669
agnews#4596601c/topic            1.0000
agnews#4596601c/topic:ece        0.4741
agnews#45dec667/is_business      0.0000
agnews#45dec667/is_business:brier 0.4784
agnews#45dec667/is_business:ece  0.6916
agnews#45dec667/is_world         1.0000
agnews#45dec667/is_world:brier   0.0886
agnews#45dec667/is_world:ece     0.2977
agnews#45dec667/topic            0.0000
agnews#45dec667/topic:ece        0.5301
agnews#47c59c43/is_sports        1.0000
agnews#47c59c43/is_sports:brier  0.1647
agnews#47c59c43/is_sports:ece    0.4058
agnews#47c59c43/is_world         0.0000
agnews#47c59c43/is_world:brier   0.3709
agnews#47c59c43/is_world:ece     0.6090
agnews#47c59c43/topic            0.0000
agnews#47c59c43/topic:ece        0.3553
agnews#4c405cc7/topic            1.0000
agnews#4c405cc7/topic:ece        0.5350
agnews#4e415d1f/topic            0.0000
agnews#4e415d1f/topic:ece        0.2831
agnews#5012156f/is_business      0.0000
agnews#5012156f/is_business:brier 0.5159
agnews#5012156f/is_business:ece  0.7183
agnews#5012156f/is_world         1.0000
agnews#5012156f/is_world:brier   0.0682
agnews#5012156f/is_world:ece     0.2611
agnews#5012156f/topic            0.0000
agnews#5012156f/topic:ece        0.5730
agnews#536693dd/is_scitech       1.0000
agnews#536693dd/is_scitech:brier 0.0618
agnews#536693dd/is_scitech:ece   0.2485
agnews#536693dd/is_sports        1.0000
agnews#536693dd/is_sports:brier  0.0573
agnews#536693dd/is_sports:ece    0.2393
agnews#536693dd/topic            1.0000
agnews#536693dd/topic:ece        0.3479
agnews#5390b534/is_scitech       1.0000
agnews#5390b534/is_scitech:brier 0.0344
agnews#5390b534/is_scitech:ece   0.1855
agnews#5390b534/is_sports        1.0000
agnews#5390b534/is_sports:brier  0.0387
agnews#5390b534/is_sports:ece    0.1967
agnews#5390b534/topic            1.0000
agnews#5390b534/topic:ece        0.2435
agnews#5449951c/is_sports        1.0000
agnews#5449951c/is_sports:brier  0.0671
agnews#5449951c/is_sports:ece    0.2591
agnews#5449951c/is_world         0.0000
agnews#5449951c/is_world:brier   0.5547
agnews#5449951c/is_world:ece     0.7448
agnews#5449951c/topic            1.0000
agnews#5449951c/topic:ece        0.3774
agnews#5603f77c/is_business      1.0000
agnews#5603f77c/is_business:brier 0.0502
agnews#5603f77c/is_business:ece  0.2239
agnews#5603f77c/is_world         1.0000
agnews#5603f77c/is_world:brier   0.0427
agnews#5603f77c/is_world:ece     0.2066
agnews#5603f77c/topic            1.0000
agnews#5603f77c/topic:ece        0.4633
agnews#56fa5d0c/topic            0.0000
agnews#56fa5d0c/topic:ece        0.4673
agnews#5a0720c4/is_business      0.0000
agnews#5a0720c4/is_business:brier 0.5009
agnews#5a0720c4/is_business:ece  0.7077
agnews#5a0720c4/is_scitech       1.0000
agnews#5a0720c4/is_scitech:brier 0.0913
agnews#5a0720c4/is_scitech:ece   0.3021
agnews#5a0720c4/topic            1.0000
agnews#5a0720c4/topic:ece        0.3471
agnews#5f74ff28/is_scitech       1.0000
agnews#5f74ff28/is_scitech:brier 0.0472
agnews#5f74ff28/is_scitech:ece   0.2173
agnews#5f74ff28/is_world         1.0000
agnews#5f74ff28/is_world:brier   0.0359
agnews#5f74ff28/is_world:ece     0.1895
agnews#5f74ff28/topic            0.0000
agnews#5f74ff28/topic:ece        0.4444
agnews#624ff648/is_sports        0.5000
agnews#624ff648/is_sports:brier  0.2941
agnews#624ff648/is_sports:ece    0.2137
agnews#624ff648/is_world         1.0000
agnews#624ff648/is_world:brier   0.0697
agnews#624ff648/is_world:ece     0.2640
agnews#624ff648/topic            0.5000
agnews#624ff648/topic:ece        0.1186
agnews#67032b9f/is_scitech       1.0000
agnews#67032b9f/is_scitech:brier 0.0452
agnews#67032b9f/is_scitech:ece   0.2125
agnews#67032b9f/is_world         1.0000
agnews#67032b9f/is_world:brier   0.0420
agnews#67032b9f/is_world:ece     0.2049
agnews#67032b9f/topic            0.0000
agnews#67032b9f/topic:ece        0.4411
agnews#67eb80df/topic            1.0000
agnews#67eb80df/topic:ece        0.5881
agnews#6b269087/is_scitech       1.0000
agnews#6b269087/is_scitech:brier 0.0296
agnews#6b269087/is_scitech:ece   0.1719
agnews#6b269087/is_sports        1.0000
agnews#6b269087/is_sports:brier  0.0275
agnews#6b269087/is_sports:ece    0.1657
agnews#6b269087/topic            0.0000
agnews#6b269087/topic:ece        0.5347
agnews#6c9e586d/topic            0.0000
agnews#6c9e586d/topic:ece        0.4276
agnews#7265edf1/is_business      0.5000
agnews#7265edf1/is_business:brier 0.1746
agnews#7265edf1/is_business:ece  0.1848
agnews#7265edf1/is_sports        1.0000
agnews#7265edf1/is_sports:brier  0.1097
agnews#7265edf1/is_sports:ece    0.3120
agnews#7265edf1/topic            0.5000
agnews#7265edf1/topic:ece        0.0239
agnews#73989e45/is_sports        0.0000
agnews#73989e45/is_sports:brier  0.5888
agnews#73989e45/is_sports:ece    0.7674
agnews#73989e45/is_world         1.0000
agnews#73989e45/is_world:brier   0.0478
agnews#73989e45/is_world:ece     0.2187
agnews#73989e45/topic            1.0000
agnews#73989e45/topic:ece        0.3880
agnews#73d29a73/is_business      1.0000
agnews#73d29a73/is_business:brier 0.0544
agnews#73d29a73/is_business:ece  0.2332
agnews#73d29a73/is_sports        1.0000
agnews#73d29a73/is_sports:brier  0.0552
agnews#73d29a73/is_sports:ece    0.2349
agnews#73d29a73/topic            1.0000
agnews#73d29a73/topic:ece        0.3901
agnews#73e24eee/is_business      1.0000
agnews#73e24eee/is_business:brier 0.1394
agnews#73e24eee/is_business:ece  0.3734
agnews#73e24eee/is_scitech       1.0000
agnews#73e24eee/is_scitech:brier 0.1363
agnews#73e24eee/is_scitech:ece   0.3692
agnews#73e24eee/topic            1.0000
agnews#73e24eee/topic:ece        0.6250
agnews#7a096b19/topic            1.0000
agnews#7a096b19/topic:ece        0.5649
agnews#7baf7e07/is_scitech       1.0000
agnews#7baf7e07/is_scitech:brier 0.1285
agnews#7baf7e07/is_scitech:ece   0.3584
agnews#7baf7e07/is_world         0.0000
agnews#7baf7e07/is_world:brier   0.4218
agnews#7baf7e07/is_world:ece     0.6495
agnews#7baf7e07/topic            0.0000
agnews#7baf7e07/topic:ece        0.4216
agnews#806ce1bd/topic            0.0000
agnews#806ce1bd/topic:ece        0.7065
agnews#81561c26/is_scitech       0.0000
agnews#81561c26/is_scitech:brier 0.5466
agnews#81561c26/is_scitech:ece   0.7394
agnews#81561c26/is_sports        1.0000
agnews#81561c26/is_sports:brier  0.0711
agnews#81561c26/is_sports:ece    0.2666
agnews#81561c26/topic            0.0000
agnews#81561c26/topic:ece        0.4181
agnews#88ff6664/is_scitech       0.0000
agnews#88ff6664/is_scitech:brier 0.4744
agnews#88ff6664/is_scitech:ece   0.6888
agnews#88ff6664/is_sports        1.0000
agnews#88ff6664/is_sports:brier  0.1831
agnews#88ff6664/is_sports:ece    0.4279
agnews#88ff6664/topic            1.0000
agnews#88ff6664/topic:ece        0.5640
agnews#8eab5c58/is_business      1.0000
agnews#8eab5c58/is_business:brier 0.0353
agnews#8eab5c58/is_business:ece  0.1878
agnews#8eab5c58/is_scitech       1.0000
agnews#8eab5c58/is_scitech:brier 0.0433
agnews#8eab5c58/is_scitech:ece   0.2080
agnews#8eab5c58/topic            0.0000
agnews#8eab5c58/topic:ece        0.6151
agnews#90ea72a0/topic            0.0000
agnews#90ea72a0/topic:ece        0.5079
agnews#921e810f/topic            1.0000
agnews#921e810f/topic:ece        0.6213
agnews#92b6317d/is_business      1.0000
agnews#92b6317d/is_business:brier 0.0985
agnews#92b6317d/is_business:ece  0.3138
agnews#92b6317d/is_scitech       0.0000
agnews#92b6317d/is_scitech:brier 0.4665
agnews#92b6317d/is_scitech:ece   0.6830
agnews#92b6317d/topic            0.0000
agnews#92b6317d/topic:ece        0.3557
agnews#93c8cf04/is_business      1.0000
agnews#93c8cf04/is_business:brier 0.0998
agnews#93c8cf04/is_business:ece  0.3159
agnews#93c8cf04/is_sports        1.0000
agnews#93c8cf04/is_sports:brier  0.0991
agnews#93c8cf04/is_sports:ece    0.3148
agnews#93c8cf04/topic            1.0000
agnews#93c8cf04/topic:ece        0.5202
agnews#94602c75/is_business      0.0000
agnews#94602c75/is_business:brier 0.5159
agnews#94602c75/is_business:ece  0.7183
agnews#94602c75/is_world         1.0000
agnews#94602c75/is_world:brier   0.0682
agnews#94602c75/is_world:ece     0.2611
agnews#94602c75/topic            0.0000
agnews#94602c75/topic:ece        0.5208
agnews#946925c6/is_sports        1.0000
agnews#946925c6/is_sports:brier  0.0818
agnews#946925c6/is_sports:ece    0.2861
agnews#946925c6/is_world         0.0000
agnews#946925c6/is_world:brier   0.5177
agnews#946925c6/is_world:ece     0.7195
agnews#946925c6/topic            1.0000
agnews#946925c6/topic:ece        0.5485
agnews#99e0dc86/is_business      1.0000
agnews#99e0dc86/is_business:brier 0.1039
agnews#99e0dc86/is_business:ece  0.3224
agnews#99e0dc86/is_sports        1.0000
agnews#99e0dc86/is_sports:brier  0.1049
agnews#99e0dc86/is_sports:ece    0.3239
agnews#99e0dc86/topic            1.0000
agnews#99e0dc86/topic:ece        0.4332
agnews#9a195682/is_business      1.0000
agnews#9a195682/is_business:brier 0.0917
agnews#9a195682/is_business:ece  0.3028
agnews#9a195682/is_world         1.0000
agnews#9a195682/is_world:brier   0.1092
agnews#9a195682/is_world:ece     0.3304
agnews#9a195682/topic            0.0000
agnews#9a195682/topic:ece        0.3259
agnews#9b9ee98c/is_scitech       1.0000
agnews#9b9ee98c/is_scitech:brier 0.1226
agnews#9b9ee98c/is_scitech:ece   0.3502
agnews#9b9ee98c/is_world         1.0000
agnews#9b9ee98c/is_world:brier   0.1066
agnews#9b9ee98c/is_world:ece     0.3265
agnews#9b9ee98c/topic            0.0000
agnews#9b9ee98c/topic:ece        0.2933
agnews#9bfe9e2b/is_business      1.0000
agnews#9bfe9e2b/is_business:brier 0.0692
agnews#9bfe9e2b/is_business:ece  0.2631
agnews#9bfe9e2b/is_world         1.0000
agnews#9bfe9e2b/is_world:brier   0.0627
agnews#9bfe9e2b/is_world:ece     0.2504
agnews#9bfe9e2b/topic            1.0000
agnews#9bfe9e2b/topic:ece        0.5836
agnews#9cb1b91b/is_business      0.0000
agnews#9cb1b91b/is_business:brier 0.4688
agnews#9cb1b91b/is_business:ece  0.6847
agnews#9cb1b91b/is_sports        1.0000
agnews#9cb1b91b/is_sports:brier  0.0904
agnews#9cb1b91b/is_sports:ece    0.3006
agnews#9cb1b91b/topic            0.0000
agnews#9cb1b91b/topic:ece        0.4520
agnews#a1ee81c0/is_scitech       1.0000
agnews#a1ee81c0/is_scitech:brier 0.0839
agnews#a1ee81c0/is_scitech:ece   0.2897
agnews#a1ee81c0/is_world         1.0000
agnews#a1ee81c0/is_world:brier   0.0700
agnews#a1ee81c0/is_world:ece     0.2647
agnews#a1ee81c0/topic            0.0000
agnews#a1ee81c0/topic:ece        0.7132
agnews#a46164b2/is_scitech       1.0000
agnews#a46164b2/is_scitech:brier 0.0284
agnews#a46164b2/is_scitech:ece   0.1686
agnews#a46164b2/is_sports        1.0000
agnews#a46164b2/is_sports:brier  0.0262
agnews#a46164b2/is_sports:ece    0.1619
agnews#a46164b2/topic            0.0000
agnews#a46164b2/topic:ece        0.3644
agnews#a7f9dae7/topic            0.0000
agnews#a7f9dae7/topic:ece        0.4624
agnews#ac3c18dc/is_scitech       1.0000
agnews#ac3c18dc/is_scitech:brier 0.0758
agnews#ac3c18dc/is_scitech:ece   0.2753
agnews#ac3c18dc/is_sports        1.0000
agnews#ac3c18dc/is_sports:brier  0.0719
agnews#ac3c18dc/is_sports:ece    0.2682
agnews#ac3c18dc/topic            0.0000
agnews#ac3c18dc/topic:ece        0.4360
agnews#acd02807/is_scitech       1.0000
agnews#acd02807/is_scitech:brier 0.0711
agnews#acd02807/is_scitech:ece   0.2667
agnews#acd02807/is_sports        1.0000
agnews#acd02807/is_sports:brier  0.0717
agnews#acd02807/is_sports:ece    0.2677
agnews#acd02807/topic            1.0000
agnews#acd02807/topic:ece        0.5342
agnews#b7048fc3/is_business      1.0000
agnews#b7048fc3/is_business:brier 0.0647
agnews#b7048fc3/is_business:ece  0.2543
agnews#b7048fc3/is_scitech       1.0000
agnews#b7048fc3/is_scitech:brier 0.0823
agnews#b7048fc3/is_scitech:ece   0.2869
agnews#b7048fc3/topic            1.0000
agnews#b7048fc3/topic:ece        0.5952
agnews#bac407f2/topic            0.0000
agnews#bac407f2/topic:ece        0.5838
agnews#bdcd5e67/is_business      1.0000
agnews#bdcd5e67/is_business:brier 0.0353
agnews#bdcd5e67/is_business:ece  0.1878
agnews#bdcd5e67/is_scitech       1.0000
agnews#bdcd5e67/is_scitech:brier 0.0433
agnews#bdcd5e67/is_scitech:ece   0.2080
agnews#bdcd5e67/topic            0.0000
agnews#bdcd5e67/topic:ece        0.5882
agnews#be533bc6/is_business      1.0000
agnews#be533bc6/is_business:brier 0.0440
agnews#be533bc6/is_business:ece  0.2098
agnews#be533bc6/is_sports        1.0000
agnews#be533bc6/is_sports:brier  0.0431
agnews#be533bc6/is_sports:ece    0.2075
agnews#be533bc6/topic            0.0000
agnews#be533bc6/topic:ece        0.6576
agnews#be9902a6/is_scitech       1.0000
agnews#be9902a6/is_scitech:brier 0.0403
agnews#be9902a6/is_scitech:ece   0.2009
agnews#be9902a6/is_sports        1.0000
agnews#be9902a6/is_sports:brier  0.0287
agnews#be9902a6/is_sports:ece    0.1695
agnews#be9902a6/topic            0.0000
agnews#be9902a6/topic:ece        0.8141
agnews#beeab617/is_sports        0.0000
agnews#beeab617/is_sports:brier  0.5888
agnews#beeab617/is_sports:ece    0.7674
agnews#beeab617/is_world         1.0000
agnews#beeab617/is_world:brier   0.0478
agnews#beeab617/is_world:ece     0.2187
agnews#beeab617/topic            1.0000
agnews#beeab617/topic:ece        0.3697
agnews#c18ecfd4/is_business      1.0000
agnews#c18ecfd4/is_business:brier 0.0493
agnews#c18ecfd4/is_business:ece  0.2221
agnews#c18ecfd4/is_scitech       1.0000
agnews#c18ecfd4/is_scitech:brier 0.0562
agnews#c18ecfd4/is_scitech:ece   0.2371
agnews#c18ecfd4/topic            1.0000
agnews#c18ecfd4/topic:ece        0.4204
agnews#c3044452/is_sports        0.0000
agnews#c3044452/is_sports:brier  0.6425
agnews#c3044452/is_sports:ece    0.8016
agnews#c3044452/is_world         1.0000
agnews#c3044452/is_world:brier   0.0330
agnews#c3044452/is_world:ece     0.1818
agnews#c3044452/topic            1.0000
agnews#c3044452/topic:ece        0.4976
agnews#c8562e45/is_sports        1.0000
agnews#c8562e45/is_sports:brier  0.0818
agnews#c8562e45/is_sports:ece    0.2861
agnews#c8562e45/is_world         0.0000
agnews#c8562e45/is_world:brier   0.5177
agnews#c8562e45/is_world:ece     0.7195
agnews#c8562e45/topic            1.0000
agnews#c8562e45/topic:ece        0.5142
agnews#c8903e5a/is_scitech       1.0000
agnews#c8903e5a/is_scitech:brier 0.0452
agnews#c8903e5a/is_scitech:ece   0.2125
agnews#c8903e5a/is_world         1.0000
agnews#c8903e5a/is_world:brier   0.0420
agnews#c8903e5a/is_world:ece     0.2049
agnews#c8903e5a/topic            0.0000
agnews#c8903e5a/topic:ece        0.4809
agnews#c937dfad/topic            1.0000
agnews#c937dfad/topic:ece        0.6670
agnews#cad4f208/is_business      1.0000
agnews#cad4f208/is_business:brier 0.0787
agnews#cad4f208/is_business:ece  0.2805
agnews#cad4f208/is_sports        1.0000
agnews#cad4f208/is_sports:brier  0.0816
agnews#cad4f208/is_sports:ece    0.2857
agnews#cad4f208/topic            0.0000
agnews#cad4f208/topic:ece        0.4164
agnews#ce70d07a/is_scitech       1.0000
agnews#ce70d07a/is_scitech:brier 0.0344
agnews#ce70d07a/is_scitech:ece   0.1855
agnews#ce70d07a/is_sports        1.0000
agnews#ce70d07a/is_sports:brier  0.0387
agnews#ce70d07a/is_sports:ece    0.1967
agnews#ce70d07a/topic            1.0000
agnews#ce70d07a/topic:ece        0.3159
agnews#d14c7f8f/topic            0.0000
agnews#d14c7f8f/topic:ece        0.3588
agnews#d77faf0e/is_scitech       0.0000
agnews#d77faf0e/is_scitech:brier 0.4940
agnews#d77faf0e/is_scitech:ece   0.7028
agnews#d77faf0e/is_world         1.0000
agnews#d77faf0e/is_world:brier   0.0739
agnews#d77faf0e/is_world:ece     0.2718
agnews#d77faf0e/topic            1.0000
agnews#d77faf0e/topic:ece        0.3539
agnews#d890857a/is_business      0.0000
agnews#d890857a/is_business:brier 0.6738
agnews#d890857a/is_business:ece  0.8209
agnews#d890857a/is_scitech       1.0000
agnews#d890857a/is_scitech:brier 0.0325
agnews#d890857a/is_scitech:ece   0.1802
agnews#d890857a/topic            1.0000
agnews#d890857a/topic:ece        0.5093
agnews#db2cb2ea/is_business      1.0000
agnews#db2cb2ea/is_business:brier 0.0518
agnews#db2cb2ea/is_business:ece  0.2277
agnews#db2cb2ea/is_scitech       0.0000
agnews#db2cb2ea/is_scitech:brier 0.6118
agnews#db2cb2ea/is_scitech:ece   0.7821
agnews#db2cb2ea/topic            0.0000
agnews#db2cb2ea/topic:ece        0.4647
agnews#db8eeff0/is_business      1.0000
agnews#db8eeff0/is_business:brier 0.1113
agnews#db8eeff0/is_business:ece  0.3335
agnews#db8eeff0/is_sports        1.0000
agnews#db8eeff0/is_sports:brier  0.1079
agnews#db8eeff0/is_sports:ece    0.3285
agnews#db8eeff0/topic            0.0000
agnews#db8eeff0/topic:ece        0.3504
agnews#dc2415f6/topic            0.0000
agnews#dc2415f6/topic:ece        0.4742
agnews#e78b565a/topic            0.0000
agnews#e78b565a/topic:ece        0.4444
agnews#e808c625/is_business      1.0000
agnews#e808c625/is_business:brier 0.1079
agnews#e808c625/is_business:ece  0.3285
agnews#e808c625/is_world         1.0000
agnews#e808c625/is_world:brier   0.0947
agnews#e808c625/is_world:ece     0.3077
agnews#e808c625/topic            1.0000
agnews#e808c625/topic:ece        0.4400
agnews#f33602d4/is_sports        1.0000
agnews#f33602d4/is_sports:brier  0.0602
agnews#f33602d4/is_sports:ece    0.2453
agnews#f33602d4/is_world         1.0000
agnews#f33602d4/is_world:brier   0.0579
agnews#f33602d4/is_world:ece     0.2406
agnews#f33602d4/topic            1.0000
agnews#f33602d4/topic:ece        0.5504
agnews#f442f0d8/is_scitech       0.0000
agnews#f442f0d8/is_scitech:brier 0.5024
agnews#f442f0d8/is_scitech:ece   0.7088
agnews#f442f0d8/is_sports        1.0000
agnews#f442f0d8/is_sports:brier  0.0860
agnews#f442f0d8/is_sports:ece    0.2933
agnews#f442f0d8/topic            0.0000
agnews#f442f0d8/topic:ece        0.6251
agnews#fbffc97b/is_business      0.0000
agnews#fbffc97b/is_business:brier 0.4491
agnews#fbffc97b/is_business:ece  0.6702
agnews#fbffc97b/is_world         1.0000
agnews#fbffc97b/is_world:brier   0.0929
agnews#fbffc97b/is_world:ece     0.3049
agnews#fbffc97b/topic            1.0000
agnews#fbffc97b/topic:ece        0.4350
agnews#fdbcea81/is_sports        1.0000
agnews#fdbcea81/is_sports:brier  0.1336
agnews#fdbcea81/is_sports:ece    0.3632
agnews#fdbcea81/is_world         1.0000
agnews#fdbcea81/is_world:brier   0.1246
agnews#fdbcea81/is_world:ece     0.3508
agnews#fdbcea81/topic            0.5000
agnews#fdbcea81/topic:ece        0.1061
agnews#fe8c9911/topic            0.0000
agnews#fe8c9911/topic:ece        0.7117
amazon#f0181fef/stars            0.3750
amazon#f0181fef/stars:ece        0.0166
banking77#0030899d/intent        0.0000
banking77#0030899d/intent:ece    0.0222
banking77#008db419/intent        0.0000
banking77#008db419/intent:ece    0.0192
banking77#0408f611/intent        0.0000
banking77#0408f611/intent:ece    0.0169
banking77#05ae7866/intent        0.0000
banking77#05ae7866/intent:ece    0.0169
banking77#0dfa94b9/intent        0.0000
banking77#0dfa94b9/intent:ece    0.0211
banking77#0f1b8392/intent        0.0000
banking77#0f1b8392/intent:ece    0.0179
banking77#0f4e7713/intent        0.0000
banking77#0f4e7713/intent:ece    0.0191
banking77#0f827c24/intent        0.0000
banking77#0f827c24/intent:ece    0.0213
banking77#1202032f/intent        0.0000
banking77#1202032f/intent:ece    0.0199
banking77#139509a6/intent        0.0000
banking77#139509a6/intent:ece    0.0196
banking77#17b3de11/intent        0.0000
banking77#17b3de11/intent:ece    0.0214
banking77#1b6f4b2d/intent        0.0000
banking77#1b6f4b2d/intent:ece    0.0250
banking77#1deead88/intent        0.0000
banking77#1deead88/intent:ece    0.0196
banking77#1f47e8f8/intent        0.0000
banking77#1f47e8f8/intent:ece    0.0193
banking77#1f9127d9/intent        0.0000
banking77#1f9127d9/intent:ece    0.0217
banking77#204a6797/intent        0.0000
banking77#204a6797/intent:ece    0.0173
banking77#2066c7e1/intent        0.0000
banking77#2066c7e1/intent:ece    0.0215
banking77#237d59bc/intent        0.0000
banking77#237d59bc/intent:ece    0.0246
banking77#24bc284f/intent        1.0000
banking77#24bc284f/intent:ece    0.9780
banking77#2cdd3973/intent        0.0000
banking77#2cdd3973/intent:ece    0.0202
banking77#30c48d76/intent        0.0000
banking77#30c48d76/intent:ece    0.0224
banking77#319c6698/intent        0.0000
banking77#319c6698/intent:ece    0.0199
banking77#3606ded6/intent        0.0000
banking77#3606ded6/intent:ece    0.0285
banking77#36896c50/intent        0.0000
banking77#36896c50/intent:ece    0.0201
banking77#36e0311f/intent        0.0000
banking77#36e0311f/intent:ece    0.0201
banking77#3bb5e7ba/intent        0.0000
banking77#3bb5e7ba/intent:ece    0.0205
banking77#3f6d60bf/intent        0.0000
banking77#3f6d60bf/intent:ece    0.0199
banking77#419af110/intent        0.0000
banking77#419af110/intent:ece    0.0184
banking77#4263e274/intent        1.0000
banking77#4263e274/intent:ece    0.9838
banking77#436a15d3/intent        0.0000
banking77#436a15d3/intent:ece    0.0178
banking77#4653dca7/intent        0.0000
banking77#4653dca7/intent:ece    0.0182
banking77#4882b82b/intent        0.0000
banking77#4882b82b/intent:ece    0.0183
banking77#4c60bbc0/intent        0.0000
banking77#4c60bbc0/intent:ece    0.0223
banking77#4e1732ff/intent        0.0000
banking77#4e1732ff/intent:ece    0.0225
banking77#516ad34b/intent        0.0000
banking77#516ad34b/intent:ece    0.0192
banking77#51f5303d/intent        0.0000
banking77#51f5303d/intent:ece    0.0175
banking77#52677129/intent        0.0000
banking77#52677129/intent:ece    0.0231
banking77#53874ada/intent        0.0000
banking77#53874ada/intent:ece    0.0200
banking77#55e67b19/intent        0.0000
banking77#55e67b19/intent:ece    0.0186
banking77#57173cf8/intent        0.0000
banking77#57173cf8/intent:ece    0.0223
banking77#5724651e/intent        0.0000
banking77#5724651e/intent:ece    0.0238
banking77#5c88a54f/intent        0.0000
banking77#5c88a54f/intent:ece    0.0214
banking77#63ae4845/intent        0.0000
banking77#63ae4845/intent:ece    0.0213
banking77#683f6354/intent        0.0000
banking77#683f6354/intent:ece    0.0224
banking77#6c105e86/intent        0.0000
banking77#6c105e86/intent:ece    0.0197
banking77#6d310557/intent        0.0000
banking77#6d310557/intent:ece    0.0220
banking77#6f21057f/intent        0.0000
banking77#6f21057f/intent:ece    0.0198
banking77#70292a4e/intent        0.0000
banking77#70292a4e/intent:ece    0.0201
banking77#71a620c3/intent        0.0000
banking77#71a620c3/intent:ece    0.0238
banking77#721d459f/intent        0.0000
banking77#721d459f/intent:ece    0.0205
banking77#73f371cd/intent        0.0000
banking77#73f371cd/intent:ece    0.0250
banking77#76191aea/intent        0.0000
banking77#76191aea/intent:ece    0.0223
banking77#7643f09d/intent        0.0000
banking77#7643f09d/intent:ece    0.0177
banking77#766ff999/intent        0.0000
banking77#766ff999/intent:ece    0.0188
banking77#7a3715e7/intent        0.0000
banking77#7a3715e7/intent:ece    0.0209
banking77#7c073457/intent        0.0000
banking77#7c073457/intent:ece    0.0206
banking77#7e6f30f3/intent        0.0000
banking77#7e6f30f3/intent:ece    0.0191
banking77#81348c80/intent        0.0000
banking77#81348c80/intent:ece    0.0226
banking77#83eaa89b/intent        0.0000
banking77#83eaa89b/intent:ece    0.0216
banking77#8439b351/intent        0.0000
banking77#8439b351/intent:ece    0.0358
banking77#866a0b0f/intent        0.0000
banking77#866a0b0f/intent:ece    0.0187
banking77#87736e39/intent        0.0000
banking77#87736e39/intent:ece    0.0176
banking77#8ac41824/intent        0.0000
banking77#8ac41824/intent:ece    0.0228
banking77#8ac50d1f/intent        0.0000
banking77#8ac50d1f/intent:ece    0.0217
banking77#8b62f4cb/intent        0.0000
banking77#8b62f4cb/intent:ece    0.0182
banking77#8cf60dcc/intent        0.0000
banking77#8cf60dcc/intent:ece    0.0200
banking77#8f2de7e7/intent        0.0000
banking77#8f2de7e7/intent:ece    0.0165
banking77#9013836e/intent        0.0000
banking77#9013836e/intent:ece    0.0171
banking77#91d8abf8/intent        0.0000
banking77#91d8abf8/intent:ece    0.0196
banking77#982b8536/intent        0.0000
banking77#982b8536/intent:ece    0.0205
banking77#9949857a/intent        0.0000
banking77#9949857a/intent:ece    0.0254
banking77#99b33866/intent        0.0000
banking77#99b33866/intent:ece    0.0204
banking77#99bfb9c8/intent        0.0000
banking77#99bfb9c8/intent:ece    0.0210
banking77#9a15def9/intent        0.0000
banking77#9a15def9/intent:ece    0.0224
banking77#9bdef398/intent        0.0000
banking77#9bdef398/intent:ece    0.0202
banking77#9c8fe442/intent        0.0000
banking77#9c8fe442/intent:ece    0.0198
banking77#9d3fad97/intent        0.0000
banking77#9d3fad97/intent:ece    0.0205
banking77#9f20a73a/intent        0.0000
banking77#9f20a73a/intent:ece    0.0171
banking77#9ff5a41a/intent        0.0000
banking77#9ff5a41a/intent:ece    0.0218
banking77#a2711965/intent        0.0000
banking77#a2711965/intent:ece    0.0179
banking77#a623522c/intent        0.0000
banking77#a623522c/intent:ece    0.0199
banking77#abc7932c/intent        0.0000
banking77#abc7932c/intent:ece    0.0167
banking77#ad2e4a42/intent        0.0000
banking77#ad2e4a42/intent:ece    0.0196
banking77#af5b1652/intent        0.0000
banking77#af5b1652/intent:ece    0.0173
banking77#b2aa8697/intent        0.0000
banking77#b2aa8697/intent:ece    0.0169
banking77#b4e654d1/intent        0.0000
banking77#b4e654d1/intent:ece    0.0182
banking77#b6e4d687/intent        0.0000
banking77#b6e4d687/intent:ece    0.0214
banking77#ba7bd332/intent        0.0000
banking77#ba7bd332/intent:ece    0.0162
banking77#bc83b188/intent        0.0000
banking77#bc83b188/intent:ece    0.0215
banking77#be0f3ad3/intent        0.0000
banking77#be0f3ad3/intent:ece    0.0165
banking77#be83650b/intent        0.0000
banking77#be83650b/intent:ece    0.0199
banking77#bf9f4c54/intent        0.0000
banking77#bf9f4c54/intent:ece    0.0211
banking77#c054c858/intent        1.0000
banking77#c054c858/intent:ece    0.9803
banking77#c4464c8d/intent        0.0000
banking77#c4464c8d/intent:ece    0.0183
banking77#cb0e454b/intent        0.0000
banking77#cb0e454b/intent:ece    0.0173
banking77#d513113e/intent        0.0000
banking77#d513113e/intent:ece    0.0195
banking77#d662127c/intent        0.0000
banking77#d662127c/intent:ece    0.0178
banking77#d79e56ae/intent        0.0000
banking77#d79e56ae/intent:ece    0.0184
banking77#da1a0c57/intent        0.0000
banking77#da1a0c57/intent:ece    0.0173
banking77#da6ea4f2/intent        0.0000
banking77#da6ea4f2/intent:ece    0.0183
banking77#dad4e9ce/intent        0.0000
banking77#dad4e9ce/intent:ece    0.0204
banking77#dbb070fa/intent        0.0000
banking77#dbb070fa/intent:ece    0.0191
banking77#dc4f17c1/intent        0.0000
banking77#dc4f17c1/intent:ece    0.0184
banking77#df8ea226/intent        0.0000
banking77#df8ea226/intent:ece    0.0192
banking77#dfb2ceb7/intent        0.0000
banking77#dfb2ceb7/intent:ece    0.0192
banking77#dfb61426/intent        0.0000
banking77#dfb61426/intent:ece    0.0253
banking77#e8b7ad9f/intent        0.0000
banking77#e8b7ad9f/intent:ece    0.0205
banking77#ea0decda/intent        0.0000
banking77#ea0decda/intent:ece    0.0210
banking77#ebe84220/intent        0.0000
banking77#ebe84220/intent:ece    0.0217
banking77#ef3b4c29/intent        0.0000
banking77#ef3b4c29/intent:ece    0.0173
banking77#efc91803/intent        0.0000
banking77#efc91803/intent:ece    0.0189
banking77#f34bad9e/intent        0.0000
banking77#f34bad9e/intent:ece    0.0220
banking77#f9e31b28/intent        0.0000
banking77#f9e31b28/intent:ece    0.0202
banking77#f9f812c9/intent        0.0000
banking77#f9f812c9/intent:ece    0.0201
banking77#fa9c7b08/intent        0.0000
banking77#fa9c7b08/intent:ece    0.0214
banking77#fbfa0c95/intent        0.0000
banking77#fbfa0c95/intent:ece    0.0178
boolq#00d55ea1/answer            1.0000
boolq#00d55ea1/answer:brier      0.1763
boolq#00d55ea1/answer:ece        0.4199
boolq#018e66e5/answer            1.0000
boolq#018e66e5/answer:brier      0.0990
boolq#018e66e5/answer:ece        0.3146
boolq#03877994/answer            0.0000
boolq#03877994/answer:brier      0.6553
boolq#03877994/answer:ece        0.8095
boolq#05faff23/answer            1.0000
boolq#05faff23/answer:brier      0.0014
boolq#05faff23/answer:ece        0.0374
boolq#0934a49b/answer            0.0000
boolq#0934a49b/answer:brier      0.9426
boolq#0934a49b/answer:ece        0.9709
boolq#0a0bbc1b/answer            0.0000
boolq#0a0bbc1b/answer:brier      0.8085
boolq#0a0bbc1b/answer:ece        0.8992
boolq#0ebd58ba/answer            1.0000
boolq#0ebd58ba/answer:brier      0.0463
boolq#0ebd58ba/answer:ece        0.2152
boolq#0f4bdd51/answer            1.0000
boolq#0f4bdd51/answer:brier      0.1361
boolq#0f4bdd51/answer:ece        0.3689
boolq#115b85b0/answer            1.0000
boolq#115b85b0/answer:brier      0.0194
boolq#115b85b0/answer:ece        0.1392
boolq#1343dc74/answer            1.0000
boolq#1343dc74/answer:brier      0.0204
boolq#1343dc74/answer:ece        0.1429
boolq#18ce2044/answer            1.0000
boolq#18ce2044/answer:brier      0.1789
boolq#18ce2044/answer:ece        0.4230
boolq#1e836be0/answer            0.0000
boolq#1e836be0/answer:brier      0.2965
boolq#1e836be0/answer:ece        0.5445
boolq#21a995fa/answer            1.0000
boolq#21a995fa/answer:brier      0.1592
boolq#21a995fa/answer:ece        0.3990
boolq#22a77611/answer            0.0000
boolq#22a77611/answer:brier      0.6276
boolq#22a77611/answer:ece        0.7922
boolq#22c6724b/answer            1.0000
boolq#22c6724b/answer:brier      0.0217
boolq#22c6724b/answer:ece        0.1472
boolq#2a294a00/answer            1.0000
boolq#2a294a00/answer:brier      0.1584
boolq#2a294a00/answer:ece        0.3980
boolq#30f4b87a/answer            0.0000
boolq#30f4b87a/answer:brier      0.7241
boolq#30f4b87a/answer:ece        0.8509
boolq#3b81ba63/answer            0.0000
boolq#3b81ba63/answer:brier      0.5777
boolq#3b81ba63/answer:ece        0.7601
boolq#3d8d18d0/answer            0.0000
boolq#3d8d18d0/answer:brier      0.4252
boolq#3d8d18d0/answer:ece        0.6521
boolq#3eeb7a8b/answer            1.0000
boolq#3eeb7a8b/answer:brier      0.1822
boolq#3eeb7a8b/answer:ece        0.4269
boolq#47e432ec/answer            0.0000
boolq#47e432ec/answer:brier      0.4673
boolq#47e432ec/answer:ece        0.6836
boolq#4937f9ff/answer            1.0000
boolq#4937f9ff/answer:brier      0.0766
boolq#4937f9ff/answer:ece        0.2768
boolq#49a8dd92/answer            1.0000
boolq#49a8dd92/answer:brier      0.2286
boolq#49a8dd92/answer:ece        0.4781
boolq#4a2bf04d/answer            1.0000
boolq#4a2bf04d/answer:brier      0.0000
boolq#4a2bf04d/answer:ece        0.0031
boolq#535bad5f/answer            0.0000
boolq#535bad5f/answer:brier      0.5248
boolq#535bad5f/answer:ece        0.7244
boolq#55432011/answer            0.0000
boolq#55432011/answer:brier      0.7767
boolq#55432011/answer:ece        0.8813
boolq#56895bb2/answer            0.0000
boolq#56895bb2/answer:brier      0.2504
boolq#56895bb2/answer:ece        0.5004
boolq#58465e53/answer            1.0000
boolq#58465e53/answer:brier      0.0184
boolq#58465e53/answer:ece        0.1356
boolq#5a26ef8e/answer            1.0000
boolq#5a26ef8e/answer:brier      0.1601
boolq#5a26ef8e/answer:ece        0.4002
boolq#5a50b162/answer            0.0000
boolq#5a50b162/answer:brier      0.8780
boolq#5a50b162/answer:ece        0.9370
boolq#5b305eb3/answer            0.0000
boolq#5b305eb3/answer:brier      0.3881
boolq#5b305eb3/answer:ece        0.6230
boolq#5baa1255/answer            1.0000
boolq#5baa1255/answer:brier      0.0213
boolq#5baa1255/answer:ece        0.1461
boolq#5d50034b/answer            1.0000
boolq#5d50034b/answer:brier      0.1309
boolq#5d50034b/answer:ece        0.3618
boolq#5e64dc71/answer            1.0000
boolq#5e64dc71/answer:brier      0.0442
boolq#5e64dc71/answer:ece        0.2101
boolq#65309635/answer            0.0000
boolq#65309635/answer:brier      0.3981
boolq#65309635/answer:ece        0.6309
boolq#7203a905/answer            1.0000
boolq#7203a905/answer:brier      0.0720
boolq#7203a905/answer:ece        0.2684
boolq#74424c3c/answer            0.0000
boolq#74424c3c/answer:brier      0.5239
boolq#74424c3c/answer:ece        0.7238
boolq#74a50a48/answer            0.0000
boolq#74a50a48/answer:brier      0.4667
boolq#74a50a48/answer:ece        0.6831
boolq#78d2a6b9/answer            1.0000
boolq#78d2a6b9/answer:brier      0.0305
boolq#78d2a6b9/answer:ece        0.1746
boolq#809d0976/answer            0.0000
boolq#809d0976/answer:brier      0.5251
boolq#809d0976/answer:ece        0.7246
boolq#83c2a69a/answer            1.0000
boolq#83c2a69a/answer:brier      0.1872
boolq#83c2a69a/answer:ece        0.4327
boolq#85dddf85/answer            0.0000
boolq#85dddf85/answer:brier      0.4595
boolq#85dddf85/answer:ece        0.6779
boolq#8a54fb08/answer            1.0000
boolq#8a54fb08/answer:brier      0.0295
boolq#8a54fb08/answer:ece        0.1716
boolq#8c41ce7f/answer            0.0000
boolq#8c41ce7f/answer:brier      0.3955
boolq#8c41ce7f/answer:ece        0.6288
boolq#8ce6b560/answer            1.0000
boolq#8ce6b560/answer:brier      0.2455
boolq#8ce6b560/answer:ece        0.4955
boolq#92e0dcae/answer            1.0000
boolq#92e0dcae/answer:brier      0.0312
boolq#92e0dcae/answer:ece        0.1767
boolq#98f37974/answer            0.0000
boolq#98f37974/answer:brier      0.4003
boolq#98f37974/answer:ece        0.6327
boolq#a50db81c/answer            0.0000
boolq#a50db81c/answer:brier      0.5564
boolq#a50db81c/answer:ece        0.7459
boolq#a76df849/answer            0.0000
boolq#a76df849/answer:brier      0.4573
boolq#a76df849/answer:ece        0.6762
boolq#a773bc12/answer            1.0000
boolq#a773bc12/answer:brier      0.0231
boolq#a773bc12/answer:ece        0.1520
boolq#abc5c0ba/answer            0.0000
boolq#abc5c0ba/answer:brier      0.3653
boolq#abc5c0ba/answer:ece        0.6044
boolq#ae3327d9/answer            1.0000
boolq#ae3327d9/answer:brier      0.0103
boolq#ae3327d9/answer:ece        0.1013
boolq#b2d85591/answer            0.0000
boolq#b2d85591/answer:brier      0.7174
boolq#b2d85591/answer:ece        0.8470
boolq#b39525d9/answer            0.0000
boolq#b39525d9/answer:brier      0.9479
boolq#b39525d9/answer:ece        0.9736
boolq#bc3ba948/answer            0.0000
boolq#bc3ba948/answer:brier      0.3718
boolq#bc3ba948/answer:ece        0.6097
boolq#bca198f8/answer            0.0000
boolq#bca198f8/answer:brier      0.2607
boolq#bca198f8/answer:ece        0.5106
boolq#bd0f68d5/answer            0.0000
boolq#bd0f68d5/answer:brier      0.4747
boolq#bd0f68d5/answer:ece        0.6890
boolq#be03ca9b/answer            0.0000
boolq#be03ca9b/answer:brier      0.4952
boolq#be03ca9b/answer:ece        0.7037
boolq#bfcd9fe1/answer            1.0000
boolq#bfcd9fe1/answer:brier      0.2369
boolq#bfcd9fe1/answer:ece        0.4867
boolq#c2972f82/answer            0.0000
boolq#c2972f82/answer:brier      0.6739
boolq#c2972f82/answer:ece        0.8209
boolq#c5f1d021/answer            0.0000
boolq#c5f1d021/answer:brier      0.5956
boolq#c5f1d021/answer:ece        0.7718
boolq#c737699b/answer            1.0000
boolq#c737699b/answer:brier      0.0623
boolq#c737699b/answer:ece        0.2495
boolq#cda54817/answer            0.0000
boolq#cda54817/answer:brier      0.7761
boolq#cda54817/answer:ece        0.8809
boolq#ced779be/answer            0.0000
boolq#ced779be/answer:brier      0.6418
boolq#ced779be/answer:ece        0.8011
boolq#d5ef22e5/answer            0.0000
boolq#d5ef22e5/answer:brier      0.3492
boolq#d5ef22e5/answer:ece        0.5910
boolq#e41320a8/answer            1.0000
boolq#e41320a8/answer:brier      0.0332
boolq#e41320a8/answer:ece        0.1822
boolq#e5ef74e7/answer            1.0000
boolq#e5ef74e7/answer:brier      0.0104
boolq#e5ef74e7/answer:ece        0.1018
boolq#e6d656e9/answer            0.0000
boolq#e6d656e9/answer:brier      0.6197
boolq#e6d656e9/answer:ece        0.7872
boolq#ea017113/answer            1.0000
boolq#ea017113/answer:brier      0.1189
boolq#ea017113/answer:ece        0.3448
boolq#eb03bb35/answer            1.0000
boolq#eb03bb35/answer:brier      0.0552
boolq#eb03bb35/answer:ece        0.2349
boolq#ef432715/answer            0.0000
boolq#ef432715/answer:brier      0.3592
boolq#ef432715/answer:ece        0.5993
boolq#f1cf33bc/answer            1.0000
boolq#f1cf33bc/answer:brier      0.0168
boolq#f1cf33bc/answer:ece        0.1295
boolq#f58004d7/answer            1.0000
boolq#f58004d7/answer:brier      0.0173
boolq#f58004d7/answer:ece        0.1317
boolq#f7937c4b/answer            0.0000
boolq#f7937c4b/answer:brier      0.6865
boolq#f7937c4b/answer:ece        0.8286
boolq#f867a6ea/answer            0.0000
boolq#f867a6ea/answer:brier      0.3776
boolq#f867a6ea/answer:ece        0.6145
boolq#f8e9ead8/answer            1.0000
boolq#f8e9ead8/answer:brier      0.0646
boolq#f8e9ead8/answer:ece        0.2543
boolq#f9781ea7/answer            0.0000
boolq#f9781ea7/answer:brier      0.3083
boolq#f9781ea7/answer:ece        0.5553
boolq#fb4adadd/answer            1.0000
boolq#fb4adadd/answer:brier      0.0938
boolq#fb4adadd/answer:ece        0.3063
boolq#fc86ea21/answer            0.0000
boolq#fc86ea21/answer:brier      0.5186
boolq#fc86ea21/answer:ece        0.7202
boolq#ffbcffee/answer            0.0000
boolq#ffbcffee/answer:brier      0.3725
boolq#ffbcffee/answer:ece        0.6103
contrastive#0acf14a6/decision    1.0000
contrastive#0acf14a6/decision:ece 0.4538
contrastive#13f5d2df/decision    0.0000
contrastive#13f5d2df/decision:ece 0.9588
contrastive#17016bfa/decision    1.0000
contrastive#17016bfa/decision:ece 0.4997
contrastive#427f4f76/decision    0.0000
contrastive#427f4f76/decision:ece 0.9191
contrastive#43be2646/decision    1.0000
contrastive#43be2646/decision:ece 0.4888
contrastive#47b9d154/decision    0.0000
contrastive#47b9d154/decision:ece 0.9645
contrastive#4bf36406/decision    1.0000
contrastive#4bf36406/decision:ece 0.4958
contrastive#4fc008be/decision    0.0000
contrastive#4fc008be/decision:ece 0.9704
contrastive#5027ab28/decision    0.0000
contrastive#5027ab28/decision:ece 0.9456
contrastive#58eb02cd/decision    1.0000
contrastive#58eb02cd/decision:ece 0.4893
contrastive#5cbe51fa/decision    1.0000
contrastive#5cbe51fa/decision:ece 0.5028
contrastive#5d7b23a6/decision    0.0000
contrastive#5d7b23a6/decision:ece 0.4948
contrastive#7515fc21/decision    0.3333
contrastive#7515fc21/decision:ece 0.1745
contrastive#91477361/decision    1.0000
contrastive#91477361/decision:ece 0.4964
contrastive#a40890cc/decision    0.5366
contrastive#a40890cc/decision:ece 0.0324
contrastive#ae558619/decision    0.0000
contrastive#ae558619/decision:ece 0.5137
contrastive#b6fe76ef/decision    0.0000
contrastive#b6fe76ef/decision:ece 0.9399
contrastive#b81fb4d6/decision    0.0000
contrastive#b81fb4d6/decision:ece 0.9562
contrastive#bf106c75/decision    0.5000
contrastive#bf106c75/decision:ece 0.0157
contrastive#d8b21ca9/decision    0.5500
contrastive#d8b21ca9/decision:brier 0.2463
contrastive#d8b21ca9/decision:ece 0.0355
contrastive#dd2530a8/decision    0.5000
contrastive#dd2530a8/decision:ece 0.0142
contrastive#dfe18e65/decision    1.0000
contrastive#dfe18e65/decision:ece 0.4723
contrastive#ee347cff/decision    0.0000
contrastive#ee347cff/decision:ece 0.5060
contrastive#f64d6e70/decision    0.5000
contrastive#f64d6e70/decision:ece 0.0004
contrastive#f959b3a9/decision    0.0000
contrastive#f959b3a9/decision:ece 0.9164
contrastive#fbeb1993/decision    0.5500
contrastive#fbeb1993/decision:brier 0.2465
contrastive#fbeb1993/decision:ece 0.0105
contrastive#ff24ddab/decision    1.0000
contrastive#ff24ddab/decision:ece 0.5061
dbpedia14#036f9f16/category      0.0000
dbpedia14#036f9f16/category:ece  0.7968
dbpedia14#17002816/category      0.0000
dbpedia14#17002816/category:ece  0.9417
dbpedia14#19a86d1f/category      0.0000
dbpedia14#19a86d1f/category:ece  0.3794
dbpedia14#19e1ead0/category      0.0000
dbpedia14#19e1ead0/category:ece  0.3541
dbpedia14#28835e4a/category      1.0000
dbpedia14#28835e4a/category:ece  0.3819
dbpedia14#289a7ea8/category      0.0000
dbpedia14#289a7ea8/category:ece  0.9500
dbpedia14#28b39607/category      1.0000
dbpedia14#28b39607/category:ece  0.5437
dbpedia14#480f6ba3/category      1.0000
dbpedia14#480f6ba3/category:ece  0.5657
dbpedia14#4883df51/category      0.0000
dbpedia14#4883df51/category:ece  0.6052
dbpedia14#5490b2af/category      1.0000
dbpedia14#5490b2af/category:ece  0.5433
dbpedia14#5ced3615/category      1.0000
dbpedia14#5ced3615/category:ece  0.5417
dbpedia14#608d1949/category      1.0000
dbpedia14#608d1949/category:ece  0.1067
dbpedia14#60d1fc93/category      0.0000
dbpedia14#60d1fc93/category:ece  0.9637
dbpedia14#6f0ae8a1/category      0.0000
dbpedia14#6f0ae8a1/category:ece  0.4299
dbpedia14#70c7971c/category      0.0000
dbpedia14#70c7971c/category:ece  0.3508
dbpedia14#71c192d7/category      0.0000
dbpedia14#71c192d7/category:ece  0.4823
dbpedia14#7d75e6db/category      1.0000
dbpedia14#7d75e6db/category:ece  0.2762
dbpedia14#8e657e8a/category      1.0000
dbpedia14#8e657e8a/category:ece  0.0700
dbpedia14#91cbb9ee/category      1.0000
dbpedia14#91cbb9ee/category:ece  0.0592
dbpedia14#932982fb/category      0.0000
dbpedia14#932982fb/category:ece  0.4643
dbpedia14#93f82e2b/category      0.7000
dbpedia14#93f82e2b/category:ece  0.0197
dbpedia14#9c6d2fae/category      1.0000
dbpedia14#9c6d2fae/category:ece  0.3656
dbpedia14#ab6bda37/category      0.0000
dbpedia14#ab6bda37/category:ece  0.4871
dbpedia14#b5f27802/category      1.0000
dbpedia14#b5f27802/category:ece  0.1085
dbpedia14#bb258d72/category      1.0000
dbpedia14#bb258d72/category:ece  0.0796
dbpedia14#bf10489d/category      0.0000
dbpedia14#bf10489d/category:ece  0.4551
dbpedia14#bf2b2066/category      0.0000
dbpedia14#bf2b2066/category:ece  0.5747
dbpedia14#c0d70538/category      1.0000
dbpedia14#c0d70538/category:ece  0.1706
dbpedia14#c468cc37/category      1.0000
dbpedia14#c468cc37/category:ece  0.4017
dbpedia14#c78ec0a5/category      1.0000
dbpedia14#c78ec0a5/category:ece  0.2967
dbpedia14#cbf52dc1/category      1.0000
dbpedia14#cbf52dc1/category:ece  0.3210
dbpedia14#cf32ed1d/category      1.0000
dbpedia14#cf32ed1d/category:ece  0.0433
dbpedia14#d3b52e04/category      1.0000
dbpedia14#d3b52e04/category:ece  0.0945
dbpedia14#dd128584/category      1.0000
dbpedia14#dd128584/category:ece  0.1044
dbpedia14#ebc0c54b/category      0.0000
dbpedia14#ebc0c54b/category:ece  0.6823
dbpedia14#f450b829/category      0.0000
dbpedia14#f450b829/category:ece  0.2066
dbpedia14#f6d7c4e9/category      0.0000
dbpedia14#f6d7c4e9/category:ece  0.4396
imdb#457dae02/positive           0.6750
imdb#457dae02/positive:brier     0.2272
imdb#457dae02/positive:ece       0.0840
mnli#00d35919/relation           0.0000
mnli#00d35919/relation:ece       0.4224
mnli#00d5afb3/relation           0.0000
mnli#00d5afb3/relation:ece       0.3860
mnli#01a1b96b/relation           1.0000
mnli#01a1b96b/relation:ece       0.6285
mnli#02bd2dcd/relation           1.0000
mnli#02bd2dcd/relation:ece       0.6637
mnli#0459957d/relation           1.0000
mnli#0459957d/relation:ece       0.5389
mnli#06816551/relation           0.0000
mnli#06816551/relation:ece       0.4313
mnli#084deed8/relation           0.0000
mnli#084deed8/relation:ece       0.3722
mnli#0b770d98/relation           0.0000
mnli#0b770d98/relation:ece       0.3895
mnli#0c337c2c/relation           0.0000
mnli#0c337c2c/relation:ece       0.3809
mnli#1565f4d5/relation           1.0000
mnli#1565f4d5/relation:ece       0.6464
mnli#18a15071/relation           0.0000
mnli#18a15071/relation:ece       0.3454
mnli#1999a0ea/relation           0.0000
mnli#1999a0ea/relation:ece       0.4726
mnli#1a90348b/relation           0.0000
mnli#1a90348b/relation:ece       0.3685
mnli#20ec31a7/relation           1.0000
mnli#20ec31a7/relation:ece       0.6476
mnli#21cc0c43/relation           1.0000
mnli#21cc0c43/relation:ece       0.6273
mnli#24c2016e/relation           0.0000
mnli#24c2016e/relation:ece       0.3518
mnli#26150d9b/relation           0.0000
mnli#26150d9b/relation:ece       0.3483
mnli#26b58898/relation           1.0000
mnli#26b58898/relation:ece       0.6497
mnli#26db7e1f/relation           0.0000
mnli#26db7e1f/relation:ece       0.4102
mnli#30046b1f/relation           0.0000
mnli#30046b1f/relation:ece       0.3988
mnli#3455f10b/relation           0.0000
mnli#3455f10b/relation:ece       0.3302
mnli#371f68d8/relation           0.0000
mnli#371f68d8/relation:ece       0.3917
mnli#37e7f9e0/relation           0.0000
mnli#37e7f9e0/relation:ece       0.3572
mnli#3f2a72b0/relation           0.0000
mnli#3f2a72b0/relation:ece       0.3526
mnli#3f7b3dbf/relation           0.0000
mnli#3f7b3dbf/relation:ece       0.4068
mnli#40f8ef32/relation           0.0000
mnli#40f8ef32/relation:ece       0.3998
mnli#421e3dc4/relation           0.0000
mnli#421e3dc4/relation:ece       0.4217
mnli#429e1af1/relation           0.0000
mnli#429e1af1/relation:ece       0.3527
mnli#43644bad/relation           0.0000
mnli#43644bad/relation:ece       0.3933
mnli#44d905f5/relation           0.0000
mnli#44d905f5/relation:ece       0.3772
mnli#455873bb/relation           0.0000
mnli#455873bb/relation:ece       0.3660
mnli#4b7c3e9a/relation           1.0000
mnli#4b7c3e9a/relation:ece       0.6434
mnli#4e36c181/relation           0.0000
mnli#4e36c181/relation:ece       0.3698
mnli#4fb06c82/relation           0.0000
mnli#4fb06c82/relation:ece       0.4213
mnli#52e0a780/relation           1.0000
mnli#52e0a780/relation:ece       0.6233
mnli#5732221d/relation           0.0000
mnli#5732221d/relation:ece       0.4443
mnli#58182aa0/relation           1.0000
mnli#58182aa0/relation:ece       0.6482
mnli#5a98ce9d/relation           1.0000
mnli#5a98ce9d/relation:ece       0.5276
mnli#5b0a5c58/relation           1.0000
mnli#5b0a5c58/relation:ece       0.6462
mnli#5b0b5850/relation           1.0000
mnli#5b0b5850/relation:ece       0.5607
mnli#5bf94280/relation           1.0000
mnli#5bf94280/relation:ece       0.6394
mnli#5dcf0f51/relation           0.0000
mnli#5dcf0f51/relation:ece       0.3542
mnli#634b68c6/relation           0.0000
mnli#634b68c6/relation:ece       0.3639
mnli#63d74237/relation           0.0000
mnli#63d74237/relation:ece       0.3846
mnli#67992009/relation           1.0000
mnli#67992009/relation:ece       0.6535
mnli#6872f6a8/relation           0.0000
mnli#6872f6a8/relation:ece       0.4424
mnli#6b1b2e65/relation           0.0000
mnli#6b1b2e65/relation:ece       0.5384
mnli#6db4a98d/relation           0.0000
mnli#6db4a98d/relation:ece       0.4892
mnli#6fb0e330/relation           0.0000
mnli#6fb0e330/relation:ece       0.3590
mnli#7170a565/relation           1.0000
mnli#7170a565/relation:ece       0.5545
mnli#71f5906b/relation           0.0000
mnli#71f5906b/relation:ece       0.3932
mnli#771af2be/relation           0.0000
mnli#771af2be/relation:ece       0.2793
mnli#7ac03cb2/relation           1.0000
mnli#7ac03cb2/relation:ece       0.6486
mnli#7c9214a0/relation           0.0000
mnli#7c9214a0/relation:ece       0.3631
mnli#7fcdc59a/relation           0.0000
mnli#7fcdc59a/relation:ece       0.4463
mnli#82a8c0d4/relation           0.0000
mnli#82a8c0d4/relation:ece       0.3951
mnli#84245787/relation           0.0000
mnli#84245787/relation:ece       0.3824
mnli#897280cd/relation           1.0000
mnli#897280cd/relation:ece       0.5686
mnli#89ad17bc/relation           1.0000
mnli#89ad17bc/relation:ece       0.6489
mnli#8c0c660d/relation           0.0000
mnli#8c0c660d/relation:ece       0.5665
mnli#8dd33dfc/relation           0.0000
mnli#8dd33dfc/relation:ece       0.3787
mnli#918d1f86/relation           1.0000
mnli#918d1f86/relation:ece       0.5871
mnli#958b8788/relation           0.0000
mnli#958b8788/relation:ece       0.3683
mnli#9ab2ef23/relation           0.0000
mnli#9ab2ef23/relation:ece       0.3456
mnli#9e986785/relation           1.0000
mnli#9e986785/relation:ece       0.7268
mnli#a102d265/relation           0.0000
mnli#a102d265/relation:ece       0.3667
mnli#a145ccb6/relation           1.0000
mnli#a145ccb6/relation:ece       0.6000
mnli#a15c49af/relation           1.0000
mnli#a15c49af/relation:ece       0.6848
mnli#a20078c2/relation           0.0000
mnli#a20078c2/relation:ece       0.3988
mnli#a2896476/relation           0.0000
mnli#a2896476/relation:ece       0.3755
mnli#a577cb43/relation           0.0000
mnli#a577cb43/relation:ece       0.4116
mnli#a60e5471/relation           0.0000
mnli#a60e5471/relation:ece       0.3618
mnli#a7f25af9/relation           0.0000
mnli#a7f25af9/relation:ece       0.4163
mnli#aba2abc3/relation           1.0000
mnli#aba2abc3/relation:ece       0.5225
mnli#abd8e3d5/relation           1.0000
mnli#abd8e3d5/relation:ece       0.6341
mnli#adfbd36d/relation           0.0000
mnli#adfbd36d/relation:ece       0.3640
mnli#aeed051f/relation           0.0000
mnli#aeed051f/relation:ece       0.3555
mnli#af4bae46/relation           0.0000
mnli#af4bae46/relation:ece       0.4157
mnli#b3e71a79/relation           0.0000
mnli#b3e71a79/relation:ece       0.4515
mnli#b5c76954/relation           0.0000
mnli#b5c76954/relation:ece       0.3627
mnli#b627ba10/relation           0.0000
mnli#b627ba10/relation:ece       0.3800
mnli#b76a15ac/relation           0.0000
mnli#b76a15ac/relation:ece       0.3905
mnli#bab2e6bf/relation           0.0000
mnli#bab2e6bf/relation:ece       0.5093
mnli#bdfa5f5f/relation           0.0000
mnli#bdfa5f5f/relation:ece       0.3793
mnli#be72238b/relation           0.0000
mnli#be72238b/relation:ece       0.3618
mnli#bf5e3a53/relation           0.0000
mnli#bf5e3a53/relation:ece       0.3126
mnli#c1c7b9d6/relation           0.0000
mnli#c1c7b9d6/relation:ece       0.5128
mnli#c3f6a3f8/relation           0.0000
mnli#c3f6a3f8/relation:ece       0.4624
mnli#c54a4b51/relation           0.0000
mnli#c54a4b51/relation:ece       0.3565
mnli#c9bdc1e2/relation           0.0000
mnli#c9bdc1e2/relation:ece       0.3624
mnli#cd46df76/relation           0.0000
mnli#cd46df76/relation:ece       0.4584
mnli#d0088215/relation           0.0000
mnli#d0088215/relation:ece       0.4083
mnli#d21838a8/relation           0.0000
mnli#d21838a8/relation:ece       0.3972
mnli#d390c67b/relation           0.0000
mnli#d390c67b/relation:ece       0.3579
mnli#d4ceb2af/relation           0.0000
mnli#d4ceb2af/relation:ece       0.4310
mnli#d6b852ae/relation           1.0000
mnli#d6b852ae/relation:ece       0.6414
mnli#dc274b98/relation           0.0000
mnli#dc274b98/relation:ece       0.3889
mnli#e0aeff68/relation           0.0000
mnli#e0aeff68/relation:ece       0.3873
mnli#ea765930/relation           0.0000
mnli#ea765930/relation:ece       0.3412
mnli#eadbd99c/relation           0.0000
mnli#eadbd99c/relation:ece       0.3851
mnli#eb6fe23f/relation           0.0000
mnli#eb6fe23f/relation:ece       0.4920
mnli#ed1460d1/relation           0.0000
mnli#ed1460d1/relation:ece       0.3839
mnli#ef14582f/relation           0.0000
mnli#ef14582f/relation:ece       0.3971
mnli#f0ef79eb/relation           0.0000
mnli#f0ef79eb/relation:ece       0.3837
mnli#f1975a8c/relation           0.0000
mnli#f1975a8c/relation:ece       0.4081
mnli#f27d3029/relation           0.0000
mnli#f27d3029/relation:ece       0.3056
mnli#f3e416cf/relation           1.0000
mnli#f3e416cf/relation:ece       0.5528
mnli#f6d42771/relation           1.0000
mnli#f6d42771/relation:ece       0.6468
mnli#fbc4d87c/relation           1.0000
mnli#fbc4d87c/relation:ece       0.7177
mnli#fed85166/relation           0.0000
mnli#fed85166/relation:ece       0.5298
mnli#ff4840f3/relation           1.0000
mnli#ff4840f3/relation:ece       0.5967
mnli#ff843727/relation           1.0000
mnli#ff843727/relation:ece       0.6400
sst5#16640a13/sentiment          0.6667
sst5#16640a13/sentiment:ece      0.3586
sst5#ad14f5a1/sentiment          0.4000
sst5#ad14f5a1/sentiment:ece      0.0186
sst5#aeaad687/sentiment          0.4429
sst5#aeaad687/sentiment:ece      0.1139
sst5#dd4ece86/sentiment          0.5000
sst5#dd4ece86/sentiment:ece      0.1531
trec#0e640ac4/answer_type        0.0000
trec#0e640ac4/answer_type:ece    0.2938
trec#10c79e92/answer_type        0.0000
trec#10c79e92/answer_type:ece    0.2616
trec#121700c4/answer_type        0.0000
trec#121700c4/answer_type:ece    0.2975
trec#140e215b/answer_type        0.0000
trec#140e215b/answer_type:ece    0.2976
trec#16124def/answer_type        0.0000
trec#16124def/answer_type:ece    0.2708
trec#352125e7/answer_type        0.0000
trec#352125e7/answer_type:ece    0.2355
trec#3e00ed5b/answer_type        0.0000
trec#3e00ed5b/answer_type:ece    0.2220
trec#410336bf/answer_type        0.0000
trec#410336bf/answer_type:ece    0.2111
trec#48cd7df9/answer_type        0.0000
trec#48cd7df9/answer_type:ece    0.2417
trec#5dc8f7b4/answer_type        0.0000
trec#5dc8f7b4/answer_type:ece    0.2202
trec#5f16173a/answer_type        1.0000
trec#5f16173a/answer_type:ece    0.7624
trec#68f7ad90/answer_type        0.3250
trec#68f7ad90/answer_type:ece    0.0672
trec#69458d00/answer_type        0.0000
trec#69458d00/answer_type:ece    0.2220
trec#831dbd1c/answer_type        0.0000
trec#831dbd1c/answer_type:ece    0.3031
trec#861abd9d/answer_type        0.0000
trec#861abd9d/answer_type:ece    0.1967
trec#8673b811/answer_type        1.0000
trec#8673b811/answer_type:ece    0.5346
trec#9a1d6c10/answer_type        0.0000
trec#9a1d6c10/answer_type:ece    0.2611
trec#9a5e2fa7/answer_type        0.0000
trec#9a5e2fa7/answer_type:ece    0.3191
trec#9ecbd630/answer_type        0.0000
trec#9ecbd630/answer_type:ece    0.1819
trec#ad3cee14/answer_type        0.0000
trec#ad3cee14/answer_type:ece    0.2372
trec#adc098dc/answer_type        0.0000
trec#adc098dc/answer_type:ece    0.2597
trec#ae1086cc/answer_type        0.0000
trec#ae1086cc/answer_type:ece    0.2597
trec#b28c171f/answer_type        0.0000
trec#b28c171f/answer_type:ece    0.2888
trec#b2f72d20/answer_type        0.0000
trec#b2f72d20/answer_type:ece    0.3240
trec#b43f8ece/answer_type        1.0000
trec#b43f8ece/answer_type:ece    0.7557
trec#bd7e8ff9/answer_type        1.0000
trec#bd7e8ff9/answer_type:ece    0.7801
trec#c6cd5034/answer_type        0.0000
trec#c6cd5034/answer_type:ece    0.2571
trec#cb4d51f0/answer_type        0.0000
trec#cb4d51f0/answer_type:ece    0.2688
trec#cfab4ba7/answer_type        0.0000
trec#cfab4ba7/answer_type:ece    0.2668
trec#de2ffce9/answer_type        0.0000
trec#de2ffce9/answer_type:ece    0.2911
trec#e1c8b431/answer_type        1.0000
trec#e1c8b431/answer_type:ece    0.7417
trec#e99f5f25/answer_type        0.0000
trec#e99f5f25/answer_type:ece    0.2346
trec#f239f3f2/answer_type        0.0000
trec#f239f3f2/answer_type:ece    0.3706
trec#f3224657/answer_type        0.0000
trec#f3224657/answer_type:ece    0.2341
trec#f6d35d03/answer_type        0.0000
trec#f6d35d03/answer_type:ece    0.2332
trec#f8991c0b/answer_type        0.0000
trec#f8991c0b/answer_type:ece    0.2622
trec#f9c2795f/answer_type        1.0000
trec#f9c2795f/answer_type:ece    0.7865
yelp#072f2812/rating             0.4366
yelp#072f2812/rating:ece         0.0168
yelp#072f2812/recommend          0.7324
yelp#072f2812/recommend:brier    0.1653
yelp#072f2812/recommend:ece      0.0444
yelp#86092e6d/rating             0.0000
yelp#86092e6d/rating:ece         0.3148
yelp#86092e6d/recommend          0.0000
yelp#86092e6d/recommend:brier    0.5143
yelp#86092e6d/recommend:ece      0.7099
yelp#bdb69480/rating             0.7500
yelp#bdb69480/rating:ece         0.3691
yelp#bdb69480/recommend          1.0000
yelp#bdb69480/recommend:brier    0.0906
yelp#bdb69480/recommend:ece      0.2244
yelp#f36e769b/rating             0.5000
yelp#f36e769b/rating:ece         0.1675
yelp#f36e769b/recommend          1.0000
yelp#f36e769b/recommend:brier    0.1690
yelp#f36e769b/recommend:ece      0.4097
=== test ===
agnews#01fa9dc5/is_scitech       1.0000
agnews#01fa9dc5/is_scitech:brier 0.0799
agnews#01fa9dc5/is_scitech:ece   0.2827
agnews#01fa9dc5/is_world         0.0000
agnews#01fa9dc5/is_world:brier   0.5399
agnews#01fa9dc5/is_world:ece     0.7348
agnews#01fa9dc5/topic            0.0000
agnews#01fa9dc5/topic:ece        0.3510
agnews#0609f71e/is_business      0.5000
agnews#0609f71e/is_business:brier 0.2238
agnews#0609f71e/is_business:ece  0.1560
agnews#0609f71e/is_scitech       0.0000
agnews#0609f71e/is_scitech:brier 0.4117
agnews#0609f71e/is_scitech:ece   0.6390
agnews#0609f71e/topic            1.0000
agnews#0609f71e/topic:ece        0.5903
agnews#075efaa5/is_scitech       1.0000
agnews#075efaa5/is_scitech:brier 0.0699
agnews#075efaa5/is_scitech:ece   0.2645
agnews#075efaa5/is_sports        1.0000
agnews#075efaa5/is_sports:brier  0.0705
agnews#075efaa5/is_sports:ece    0.2655
agnews#075efaa5/topic            1.0000
agnews#075efaa5/topic:ece        0.3603
agnews#08b8eab8/topic            1.0000
agnews#08b8eab8/topic:ece        0.5321
agnews#09f87e78/is_scitech       0.0000
agnews#09f87e78/is_scitech:brier 0.6051
agnews#09f87e78/is_scitech:ece   0.7779
agnews#09f87e78/is_sports        1.0000
agnews#09f87e78/is_sports:brier  0.0574
agnews#09f87e78/is_sports:ece    0.2395
agnews#09f87e78/topic            0.0000
agnews#09f87e78/topic:ece        0.4553
agnews#0dac348d/is_business      1.0000
agnews#0dac348d/is_business:brier 0.0673
agnews#0dac348d/is_business:ece  0.2594
agnews#0dac348d/is_sports        1.0000
agnews#0dac348d/is_sports:brier  0.0740
agnews#0dac348d/is_sports:ece    0.2720
agnews#0dac348d/topic            1.0000
agnews#0dac348d/topic:ece        0.2811
agnews#0f5c2a4c/is_business      1.0000
agnews#0f5c2a4c/is_business:brier 0.0715
agnews#0f5c2a4c/is_business:ece  0.2673
agnews#0f5c2a4c/is_scitech       1.0000
agnews#0f5c2a4c/is_scitech:brier 0.0701
agnews#0f5c2a4c/is_scitech:ece   0.2648
agnews#0f5c2a4c/topic            1.0000
agnews#0f5c2a4c/topic:ece        0.4285
agnews#13c6d562/is_sports        1.0000
agnews#13c6d562/is_sports:brier  0.0652
agnews#13c6d562/is_sports:ece    0.2554
agnews#13c6d562/is_world         1.0000
agnews#13c6d562/is_world:brier   0.0705
agnews#13c6d562/is_world:ece     0.2655
agnews#13c6d562/topic            1.0000
agnews#13c6d562/topic:ece        0.1706
agnews#16ffeb9d/is_business      1.0000
agnews#16ffeb9d/is_business:brier 0.0788
agnews#16ffeb9d/is_business:ece  0.2806
agnews#16ffeb9d/is_scitech       1.0000
agnews#16ffeb9d/is_scitech:brier 0.0873
agnews#16ffeb9d/is_scitech:ece   0.2955
agnews#16ffeb9d/topic            0.0000
agnews#16ffeb9d/topic:ece        0.3858
agnews#1774461d/is_sports        1.0000
agnews#1774461d/is_sports:brier  0.0965
agnews#1774461d/is_sports:ece    0.3106
agnews#1774461d/is_world         0.0000
agnews#1774461d/is_world:brier   0.4757
agnews#1774461d/is_world:ece     0.6897
agnews#1774461d/topic            1.0000
agnews#1774461d/topic:ece        0.4360
agnews#1a188752/is_business      1.0000
agnews#1a188752/is_business:brier 0.0411
agnews#1a188752/is_business:ece  0.2026
agnews#1a188752/is_world         1.0000
agnews#1a188752/is_world:brier   0.0403
agnews#1a188752/is_world:ece     0.2007
agnews#1a188752/topic            0.0000
agnews#1a188752/topic:ece        0.3062
agnews#1f095fad/is_scitech       0.0000
agnews#1f095fad/is_scitech:brier 0.5943
agnews#1f095fad/is_scitech:ece   0.7709
agnews#1f095fad/is_sports        1.0000
agnews#1f095fad/is_sports:brier  0.0471
agnews#1f095fad/is_sports:ece    0.2171
agnews#1f095fad/topic            1.0000
agnews#1f095fad/topic:ece        0.5150
agnews#1f894074/topic            0.0000
agnews#1f894074/topic:ece        0.5079
agnews#21779857/is_scitech       1.0000
agnews#21779857/is_scitech:brier 0.0621
agnews#21779857/is_scitech:ece   0.2491
agnews#21779857/is_sports        1.0000
agnews#21779857/is_sports:brier  0.0457
agnews#21779857/is_sports:ece    0.2137
agnews#21779857/topic            0.0000
agnews#21779857/topic:ece        0.6416
agnews#21ea3728/is_business      1.0000
agnews#21ea3728/is_business:brier 0.0685
agnews#21ea3728/is_business:ece  0.2290
agnews#21ea3728/is_world         1.0000
agnews#21ea3728/is_world:brier   0.0588
agnews#21ea3728/is_world:ece     0.2135
agnews#21ea3728/topic            0.5000
agnews#21ea3728/topic:ece        0.0409
agnews#277f401d/is_business      0.0000
agnews#277f401d/is_business:brier 0.4742
agnews#277f401d/is_business:ece  0.6886
agnews#277f401d/is_world         1.0000
agnews#277f401d/is_world:brier   0.0882
agnews#277f401d/is_world:ece     0.2971
agnews#277f401d/topic            0.0000
agnews#277f401d/topic:ece        0.6909
agnews#2aae2eb9/is_business      1.0000
agnews#2aae2eb9/is_business:brier 0.0858
agnews#2aae2eb9/is_business:ece  0.2930
agnews#2aae2eb9/is_sports        0.0000
agnews#2aae2eb9/is_sports:brier  0.4954
agnews#2aae2eb9/is_sports:ece    0.7039
agnews#2aae2eb9/topic            0.0000
agnews#2aae2eb9/topic:ece        0.4638
agnews#2bd69912/is_scitech       0.0000
agnews#2bd69912/is_scitech:brier 0.5327
agnews#2bd69912/is_scitech:ece   0.7299
agnews#2bd69912/is_world         1.0000
agnews#2bd69912/is_world:brier   0.0661
agnews#2bd69912/is_world:ece     0.2572
agnews#2bd69912/topic            0.0000
agnews#2bd69912/topic:ece        0.4965
agnews#2c484a66/is_business      0.0000
agnews#2c484a66/is_business:brier 0.3562
agnews#2c484a66/is_business:ece  0.5968
agnews#2c484a66/is_scitech       0.0000
agnews#2c484a66/is_scitech:brier 0.3854
agnews#2c484a66/is_scitech:ece   0.6208
agnews#2c484a66/topic            1.0000
agnews#2c484a66/topic:ece        0.6175
agnews#2c7340ad/topic            0.0000
agnews#2c7340ad/topic:ece        0.4752
agnews#2ed19a07/is_business      1.0000
agnews#2ed19a07/is_business:brier 0.0325
agnews#2ed19a07/is_business:ece  0.1803
agnews#2ed19a07/is_sports        0.0000
agnews#2ed19a07/is_sports:brier  0.6733
agnews#2ed19a07/is_sports:ece    0.8205
agnews#2ed19a07/topic            1.0000
agnews#2ed19a07/topic:ece        0.4933
agnews#317000f4/topic            0.0000
agnews#317000f4/topic:ece        0.3729
agnews#373f775f/is_business      0.0000
agnews#373f775f/is_business:brier 0.5927
agnews#373f775f/is_business:ece  0.7699
agnews#373f775f/is_world         1.0000
agnews#373f775f/is_world:brier   0.0454
agnews#373f775f/is_world:ece     0.2130
agnews#373f775f/topic            1.0000
agnews#373f775f/topic:ece        0.3093
agnews#3a8e783a/is_business      1.0000
agnews#3a8e783a/is_business:brier 0.0530
agnews#3a8e783a/is_business:ece  0.2303
agnews#3a8e783a/is_scitech       0.0000
agnews#3a8e783a/is_scitech:brier 0.5750
agnews#3a8e783a/is_scitech:ece   0.7583
agnews#3a8e783a/topic            1.0000
agnews#3a8e783a/topic:ece        0.2881
agnews#41109d51/is_business      1.0000
agnews#41109d51/is_business:brier 0.0788
agnews#41109d51/is_business:ece  0.2806
agnews#41109d51/is_scitech       1.0000
agnews#41109d51/is_scitech:brier 0.0873
agnews#41109d51/is_scitech:ece   0.2955
agnews#41109d51/topic            1.0000
agnews#41109d51/topic:ece        0.6555
agnews#44693467/is_scitech       1.0000
agnews#44693467/is_scitech:brier 0.0730
agnews#44693467/is_scitech:ece   0.2702
agnews#44693467/is_sports        1.0000
agnews#44693467/is_sports:brier  0.0929
agnews#44693467/is_sports:ece    0.3048
agnews#44693467/topic            0.0000
agnews#44693467/topic:ece        0.6115
agnews#4bc55827/is_scitech       1.0000
agnews#4bc55827/is_scitech:brier 0.0507
agnews#4bc55827/is_scitech:ece   0.2253
agnews#4bc55827/is_sports        1.0000
agnews#4bc55827/is_sports:brier  0.0424
agnews#4bc55827/is_sports:ece    0.2058
agnews#4bc55827/topic            1.0000
agnews#4bc55827/topic:ece        0.2996
agnews#51019895/is_sports        1.0000
agnews#51019895/is_sports:brier  0.0286
agnews#51019895/is_sports:ece    0.1690
agnews#51019895/is_world         1.0000
agnews#51019895/is_world:brier   0.0250
agnews#51019895/is_world:ece     0.1581
agnews#51019895/topic            0.0000
agnews#51019895/topic:ece        0.6144
agnews#52038b95/is_business      0.0000
agnews#52038b95/is_business:brier 0.4428
agnews#52038b95/is_business:ece  0.6654
agnews#52038b95/is_sports        1.0000
agnews#52038b95/is_sports:brier  0.1108
agnews#52038b95/is_sports:ece    0.3328
agnews#52038b95/topic            0.0000
agnews#52038b95/topic:ece        0.6384
agnews#536693dd/is_scitech       0.0000
agnews#536693dd/is_scitech:brier 0.3546
agnews#536693dd/is_scitech:ece   0.5954
agnews#536693dd/is_sports        1.0000
agnews#536693dd/is_sports:brier  0.1658
agnews#536693dd/is_sports:ece    0.4072
agnews#536693dd/topic            1.0000
agnews#536693dd/topic:ece        0.3590
agnews#5601a8d0/topic            0.0000
agnews#5601a8d0/topic:ece        0.7249
agnews#570767dc/is_business      1.0000
agnews#570767dc/is_business:brier 0.1557
agnews#570767dc/is_business:ece  0.3946
agnews#570767dc/is_scitech       1.0000
agnews#570767dc/is_scitech:brier 0.1334
agnews#570767dc/is_scitech:ece   0.3653
agnews#570767dc/topic            1.0000
agnews#570767dc/topic:ece        0.4602
agnews#5929cd09/topic            0.0000
agnews#5929cd09/topic:ece        0.4227
agnews#59378dfe/is_sports        0.0000
agnews#59378dfe/is_sports:brier  0.8672
agnews#59378dfe/is_sports:ece    0.9313
agnews#59378dfe/is_world         1.0000
agnews#59378dfe/is_world:brier   0.0047
agnews#59378dfe/is_world:ece     0.0686
agnews#59378dfe/topic            0.0000
agnews#59378dfe/topic:ece        0.8007
agnews#5c52d0a1/is_scitech       0.0000
agnews#5c52d0a1/is_scitech:brier 0.5811
agnews#5c52d0a1/is_scitech:ece   0.7623
agnews#5c52d0a1/is_sports        1.0000
agnews#5c52d0a1/is_sports:brier  0.0644
agnews#5c52d0a1/is_sports:ece    0.2537
agnews#5c52d0a1/topic            1.0000
agnews#5c52d0a1/topic:ece        0.6335
agnews#5c67bb99/is_business      1.0000
agnews#5c67bb99/is_business:brier 0.0870
agnews#5c67bb99/is_business:ece  0.2949
agnews#5c67bb99/is_scitech       1.0000
agnews#5c67bb99/is_scitech:brier 0.0929
agnews#5c67bb99/is_scitech:ece   0.3049
agnews#5c67bb99/topic            0.0000
agnews#5c67bb99/topic:ece        0.4658
agnews#5de63a15/is_scitech       1.0000
agnews#5de63a15/is_scitech:brier 0.1144
agnews#5de63a15/is_scitech:ece   0.3382
agnews#5de63a15/is_sports        1.0000
agnews#5de63a15/is_sports:brier  0.1051
agnews#5de63a15/is_sports:ece    0.3242
agnews#5de63a15/topic            0.0000
agnews#5de63a15/topic:ece        0.4632
agnews#5e764759/is_scitech       1.0000
agnews#5e764759/is_scitech:brier 0.1264
agnews#5e764759/is_scitech:ece   0.3555
agnews#5e764759/is_world         0.0000
agnews#5e764759/is_world:brier   0.3971
agnews#5e764759/is_world:ece     0.6302
agnews#5e764759/topic            0.0000
agnews#5e764759/topic:ece        0.6321
agnews#6074b702/topic            0.0000
agnews#6074b702/topic:ece        0.4846
agnews#62073e99/is_scitech       1.0000
agnews#62073e99/is_scitech:brier 0.0764
agnews#62073e99/is_scitech:ece   0.2765
agnews#62073e99/is_sports        0.0000
agnews#62073e99/is_sports:brier  0.5149
agnews#62073e99/is_sports:ece    0.7176
agnews#62073e99/topic            1.0000
agnews#62073e99/topic:ece        0.1522
agnews#6871fe4b/is_business      1.0000
agnews#6871fe4b/is_business:brier 0.1128
agnews#6871fe4b/is_business:ece  0.3358
agnews#6871fe4b/is_world         1.0000
agnews#6871fe4b/is_world:brier   0.0920
agnews#6871fe4b/is_world:ece     0.3034
agnews#6871fe4b/topic            1.0000
agnews#6871fe4b/topic:ece        0.3103
agnews#69c94816/is_scitech       1.0000
agnews#69c94816/is_scitech:brier 0.0607
agnews#69c94816/is_scitech:ece   0.2463
agnews#69c94816/is_world         1.0000
agnews#69c94816/is_world:brier   0.0790
agnews#69c94816/is_world:ece     0.2811
agnews#69c94816/topic            0.0000
agnews#69c94816/topic:ece        0.9139
agnews#6ef964f3/is_scitech       1.0000
agnews#6ef964f3/is_scitech:brier 0.0833
agnews#6ef964f3/is_scitech:ece   0.2885
agnews#6ef964f3/is_world         1.0000
agnews#6ef964f3/is_world:brier   0.0721
agnews#6ef964f3/is_world:ece     0.2686
agnews#6ef964f3/topic            0.0000
agnews#6ef964f3/topic:ece        0.3669
agnews#6fb541fd/is_sports        1.0000
agnews#6fb541fd/is_sports:brier  0.0752
agnews#6fb541fd/is_sports:ece    0.2742
agnews#6fb541fd/is_world         1.0000
agnews#6fb541fd/is_world:brier   0.0920
agnews#6fb541fd/is_world:ece     0.3033
agnews#6fb541fd/topic            1.0000
agnews#6fb541fd/topic:ece        0.6137
agnews#7265edf1/is_business      1.0000
agnews#7265edf1/is_business:brier 0.1025
agnews#7265edf1/is_business:ece  0.3202
agnews#7265edf1/is_sports        1.0000
agnews#7265edf1/is_sports:brier  0.1106
agnews#7265edf1/is_sports:ece    0.3325
agnews#7265edf1/topic            1.0000
agnews#7265edf1/topic:ece        0.5838
agnews#73a5777a/is_business      0.0000
agnews#73a5777a/is_business:brier 0.4175
agnews#73a5777a/is_business:ece  0.6461
agnews#73a5777a/is_world         1.0000
agnews#73a5777a/is_world:brier   0.1292
agnews#73a5777a/is_world:ece     0.3595
agnews#73a5777a/topic            0.0000
agnews#73a5777a/topic:ece        0.4913
agnews#763c225e/is_sports        1.0000
agnews#763c225e/is_sports:brier  0.1071
agnews#763c225e/is_sports:ece    0.3272
agnews#763c225e/is_world         1.0000
agnews#763c225e/is_world:brier   0.0980
agnews#763c225e/is_world:ece     0.3130
agnews#763c225e/topic            0.0000
agnews#763c225e/topic:ece        0.5167
agnews#77784705/is_business      1.0000
agnews#77784705/is_business:brier 0.0560
agnews#77784705/is_business:ece  0.2367
agnews#77784705/is_sports        1.0000
agnews#77784705/is_sports:brier  0.0586
agnews#77784705/is_sports:ece    0.2421
agnews#77784705/topic            0.0000
agnews#77784705/topic:ece        0.8238
agnews#7d99fbd3/is_business      0.0000
agnews#7d99fbd3/is_business:brier 0.5732
agnews#7d99fbd3/is_business:ece  0.7571
agnews#7d99fbd3/is_scitech       1.0000
agnews#7d99fbd3/is_scitech:brier 0.0584
agnews#7d99fbd3/is_scitech:ece   0.2417
agnews#7d99fbd3/topic            0.0000
agnews#7d99fbd3/topic:ece        0.3657
agnews#82e42bd1/is_scitech       1.0000
agnews#82e42bd1/is_scitech:brier 0.0685
agnews#82e42bd1/is_scitech:ece   0.2618
agnews#82e42bd1/is_world         1.0000
agnews#82e42bd1/is_world:brier   0.0631
agnews#82e42bd1/is_world:ece     0.2511
agnews#82e42bd1/topic            1.0000
agnews#82e42bd1/topic:ece        0.5190
agnews#8418dcbc/is_scitech       1.0000
agnews#8418dcbc/is_scitech:brier 0.0925
agnews#8418dcbc/is_scitech:ece   0.3042
agnews#8418dcbc/is_sports        1.0000
agnews#8418dcbc/is_sports:brier  0.0790
agnews#8418dcbc/is_sports:ece    0.2811
agnews#8418dcbc/topic            0.0000
agnews#8418dcbc/topic:ece        0.4984
agnews#8950dfa8/is_scitech       1.0000
agnews#8950dfa8/is_scitech:brier 0.0584
agnews#8950dfa8/is_scitech:ece   0.2416
agnews#8950dfa8/is_world         0.0000
agnews#8950dfa8/is_world:brier   0.5968
agnews#8950dfa8/is_world:ece     0.7725
agnews#8950dfa8/topic            1.0000
agnews#8950dfa8/topic:ece        0.4730
agnews#8d729d23/topic            0.0000
agnews#8d729d23/topic:ece        0.5110
agnews#8d899a94/is_business      0.0000
agnews#8d899a94/is_business:brier 0.4428
agnews#8d899a94/is_business:ece  0.6654
agnews#8d899a94/is_sports        1.0000
agnews#8d899a94/is_sports:brier  0.1108
agnews#8d899a94/is_sports:ece    0.3328
agnews#8d899a94/topic            0.0000
agnews#8d899a94/topic:ece        0.6782
agnews#8d923ea6/is_business      1.0000
agnews#8d923ea6/is_business:brier 0.1098
agnews#8d923ea6/is_business:ece  0.3314
agnews#8d923ea6/is_scitech       0.0000
agnews#8d923ea6/is_scitech:brier 0.4894
agnews#8d923ea6/is_scitech:ece   0.6995
agnews#8d923ea6/topic            1.0000
agnews#8d923ea6/topic:ece        0.2442
agnews#8eab5c58/is_business      1.0000
agnews#8eab5c58/is_business:brier 0.0542
agnews#8eab5c58/is_business:ece  0.2327
agnews#8eab5c58/is_scitech       1.0000
agnews#8eab5c58/is_scitech:brier 0.0396
agnews#8eab5c58/is_scitech:ece   0.1991
agnews#8eab5c58/topic            1.0000
agnews#8eab5c58/topic:ece        0.6050
agnews#91298eb9/is_business      0.0000
agnews#91298eb9/is_business:brier 0.6955
agnews#91298eb9/is_business:ece  0.8340
agnews#91298eb9/is_world         1.0000
agnews#91298eb9/is_world:brier   0.0261
agnews#91298eb9/is_world:ece     0.1617
agnews#91298eb9/topic            0.0000
agnews#91298eb9/topic:ece        0.4511
agnews#93d10b4c/is_scitech       1.0000
agnews#93d10b4c/is_scitech:brier 0.1274
agnews#93d10b4c/is_scitech:ece   0.3570
agnews#93d10b4c/is_world         1.0000
agnews#93d10b4c/is_world:brier   0.1152
agnews#93d10b4c/is_world:ece     0.3395
agnews#93d10b4c/topic            1.0000
agnews#93d10b4c/topic:ece        0.4435
agnews#93ef07e2/is_sports        0.0000
agnews#93ef07e2/is_sports:brier  0.6012
agnews#93ef07e2/is_sports:ece    0.7754
agnews#93ef07e2/is_world         1.0000
agnews#93ef07e2/is_world:brier   0.0453
agnews#93ef07e2/is_world:ece     0.2128
agnews#93ef07e2/topic            0.0000
agnews#93ef07e2/topic:ece        0.3806
agnews#946925c6/is_sports        0.0000
agnews#946925c6/is_sports:brier  0.3977
agnews#946925c6/is_sports:ece    0.6306
agnews#946925c6/is_world         1.0000
agnews#946925c6/is_world:brier   0.1352
agnews#946925c6/is_world:ece     0.3677
agnews#946925c6/topic            1.0000
agnews#946925c6/topic:ece        0.5303
agnews#963aaf05/is_scitech       0.0000
agnews#963aaf05/is_scitech:brier 0.5327
agnews#963aaf05/is_scitech:ece   0.7299
agnews#963aaf05/is_world         1.0000
agnews#963aaf05/is_world:brier   0.0661
agnews#963aaf05/is_world:ece     0.2572
agnews#963aaf05/topic            0.0000
agnews#963aaf05/topic:ece        0.3955
agnews#966f132b/is_business      0.0000
agnews#966f132b/is_business:brier 0.4761
agnews#966f132b/is_business:ece  0.6900
agnews#966f132b/is_sports        1.0000
agnews#966f132b/is_sports:brier  0.0971
agnews#966f132b/is_sports:ece    0.3117
agnews#966f132b/topic            0.0000
agnews#966f132b/topic:ece        0.3571
agnews#9799c90f/topic            1.0000
agnews#9799c90f/topic:ece        0.4929
agnews#980b6065/is_scitech       0.0000
agnews#980b6065/is_scitech:brier 0.6051
agnews#980b6065/is_scitech:ece   0.7779
agnews#980b6065/is_sports        1.0000
agnews#980b6065/is_sports:brier  0.0574
agnews#980b6065/is_sports:ece    0.2395
agnews#980b6065/topic            0.0000
agnews#980b6065/topic:ece        0.5198
agnews#9b435c17/is_scitech       1.0000
agnews#9b435c17/is_scitech:brier 0.0496
agnews#9b435c17/is_scitech:ece   0.2227
agnews#9b435c17/is_sports        1.0000
agnews#9b435c17/is_sports:brier  0.0407
agnews#9b435c17/is_sports:ece    0.2017
agnews#9b435c17/topic            0.0000
agnews#9b435c17/topic:ece        0.5861
agnews#9cb1b91b/is_business      1.0000
agnews#9cb1b91b/is_business:brier 0.0982
agnews#9cb1b91b/is_business:ece  0.3134
agnews#9cb1b91b/is_sports        1.0000
agnews#9cb1b91b/is_sports:brier  0.0965
agnews#9cb1b91b/is_sports:ece    0.3107
agnews#9cb1b91b/topic            1.0000
agnews#9cb1b91b/topic:ece        0.5510
agnews#9da70130/topic            0.0000
agnews#9da70130/topic:ece        0.4435
agnews#a05acb8d/topic            0.0000
agnews#a05acb8d/topic:ece        0.4352
agnews#a2869c30/topic            0.0000
agnews#a2869c30/topic:ece        0.6740
agnews#a458bdb7/is_scitech       0.0000
agnews#a458bdb7/is_scitech:brier 0.4489
agnews#a458bdb7/is_scitech:ece   0.6700
agnews#a458bdb7/is_world         1.0000
agnews#a458bdb7/is_world:brier   0.1038
agnews#a458bdb7/is_world:ece     0.3222
agnews#a458bdb7/topic            0.0000
agnews#a458bdb7/topic:ece        0.4208
agnews#a7a4d44f/is_scitech       1.0000
agnews#a7a4d44f/is_scitech:brier 0.0685
agnews#a7a4d44f/is_scitech:ece   0.2618
agnews#a7a4d44f/is_world         1.0000
agnews#a7a4d44f/is_world:brier   0.0631
agnews#a7a4d44f/is_world:ece     0.2511
agnews#a7a4d44f/topic            1.0000
agnews#a7a4d44f/topic:ece        0.5386
agnews#a7f8fe8f/is_business      0.0000
agnews#a7f8fe8f/is_business:brier 0.4812
agnews#a7f8fe8f/is_business:ece  0.6937
agnews#a7f8fe8f/is_world         1.0000
agnews#a7f8fe8f/is_world:brier   0.0741
agnews#a7f8fe8f/is_world:ece     0.2723
agnews#a7f8fe8f/topic            0.0000
agnews#a7f8fe8f/topic:ece        0.6848
agnews#a84cbcda/is_business      1.0000
agnews#a84cbcda/is_business:brier 0.0907
agnews#a84cbcda/is_business:ece  0.3012
agnews#a84cbcda/is_scitech       0.0000
agnews#a84cbcda/is_scitech:brier 0.5056
agnews#a84cbcda/is_scitech:ece   0.7111
agnews#a84cbcda/topic            0.0000
agnews#a84cbcda/topic:ece        0.3247
agnews#a85d65d5/topic            0.0000
agnews#a85d65d5/topic:ece        0.4565
agnews#a9e818e9/is_scitech       1.0000
agnews#a9e818e9/is_scitech:brier 0.0702
agnews#a9e818e9/is_scitech:ece   0.2650
agnews#a9e818e9/is_world         0.0000
agnews#a9e818e9/is_world:brier   0.5509
agnews#a9e818e9/is_world:ece     0.7422
agnews#a9e818e9/topic            0.0000
agnews#a9e818e9/topic:ece        0.6249
agnews#ac6fde13/is_scitech       1.0000
agnews#ac6fde13/is_scitech:brier 0.0805
agnews#ac6fde13/is_scitech:ece   0.2838
agnews#ac6fde13/is_world         0.0000
agnews#ac6fde13/is_world:brier   0.5644
agnews#ac6fde13/is_world:ece     0.7512
agnews#ac6fde13/topic            1.0000
agnews#ac6fde13/topic:ece        0.4058
agnews#ad237cd9/is_scitech       0.0000
agnews#ad237cd9/is_scitech:brier 0.8073
agnews#ad237cd9/is_scitech:ece   0.8985
agnews#ad237cd9/is_world         1.0000
agnews#ad237cd9/is_world:brier   0.0119
agnews#ad237cd9/is_world:ece     0.1091
agnews#ad237cd9/topic            1.0000
agnews#ad237cd9/topic:ece        0.4209
agnews#adb852ac/topic            0.0000
agnews#adb852ac/topic:ece        0.5344
agnews#aee7b51a/is_sports        1.0000
agnews#aee7b51a/is_sports:brier  0.0445
agnews#aee7b51a/is_sports:ece    0.2110
agnews#aee7b51a/is_world         1.0000
agnews#aee7b51a/is_world:brier   0.0312
agnews#aee7b51a/is_world:ece     0.1765
agnews#aee7b51a/topic            1.0000
agnews#aee7b51a/topic:ece        0.6435
agnews#b19664e8/is_scitech       1.0000
agnews#b19664e8/is_scitech:brier 0.0496
agnews#b19664e8/is_scitech:ece   0.2227
agnews#b19664e8/is_sports        1.0000
agnews#b19664e8/is_sports:brier  0.0407
agnews#b19664e8/is_sports:ece    0.2017
agnews#b19664e8/topic            0.0000
agnews#b19664e8/topic:ece        0.5520
agnews#b4fc4e9d/topic            0.0000
agnews#b4fc4e9d/topic:ece        0.4345
agnews#b737ab5b/is_business      1.0000
agnews#b737ab5b/is_business:brier 0.1069
agnews#b737ab5b/is_business:ece  0.3270
agnews#b737ab5b/is_scitech       1.0000
agnews#b737ab5b/is_scitech:brier 0.1139
agnews#b737ab5b/is_scitech:ece   0.3376
agnews#b737ab5b/topic            1.0000
agnews#b737ab5b/topic:ece        0.5763
agnews#b7b21505/topic            0.0000
agnews#b7b21505/topic:ece        0.6326
agnews#b8d8fcae/is_business      1.0000
agnews#b8d8fcae/is_business:brier 0.0719
agnews#b8d8fcae/is_business:ece  0.2682
agnews#b8d8fcae/is_sports        1.0000
agnews#b8d8fcae/is_sports:brier  0.0870
agnews#b8d8fcae/is_sports:ece    0.2949
agnews#b8d8fcae/topic            0.0000
agnews#b8d8fcae/topic:ece        0.5472
agnews#c12a6988/topic            0.0000
agnews#c12a6988/topic:ece        0.3975
agnews#c3044452/is_sports        1.0000
agnews#c3044452/is_sports:brier  0.0284
agnews#c3044452/is_sports:ece    0.1684
agnews#c3044452/is_world         1.0000
agnews#c3044452/is_world:brier   0.0273
agnews#c3044452/is_world:ece     0.1654
agnews#c3044452/topic            0.0000
agnews#c3044452/topic:ece        0.6324
agnews#c658e354/topic            0.0000
agnews#c658e354/topic:ece        0.4800
agnews#c9ca9c51/is_sports        0.0000
agnews#c9ca9c51/is_sports:brier  0.3166
agnews#c9ca9c51/is_sports:ece    0.5627
agnews#c9ca9c51/is_world         1.0000
agnews#c9ca9c51/is_world:brier   0.1965
agnews#c9ca9c51/is_world:ece     0.4432
agnews#c9ca9c51/topic            1.0000
agnews#c9ca9c51/topic:ece        0.2124
agnews#d0a55545/topic            0.0000
agnews#d0a55545/topic:ece        0.5362
agnews#d12cc7e5/is_business      1.0000
agnews#d12cc7e5/is_business:brier 0.0524
agnews#d12cc7e5/is_business:ece  0.2289
agnews#d12cc7e5/is_world         0.0000
agnews#d12cc7e5/is_world:brier   0.5949
agnews#d12cc7e5/is_world:ece     0.7713
agnews#d12cc7e5/topic            0.0000
agnews#d12cc7e5/topic:ece        0.6647
agnews#d2aa5bf3/is_business      0.0000
agnews#d2aa5bf3/is_business:brier 0.6955
agnews#d2aa5bf3/is_business:ece  0.8340
agnews#d2aa5bf3/is_world         1.0000
agnews#d2aa5bf3/is_world:brier   0.0261
agnews#d2aa5bf3/is_world:ece     0.1617
agnews#d2aa5bf3/topic            0.0000
agnews#d2aa5bf3/topic:ece        0.5154
agnews#d575dba9/is_scitech       1.0000
agnews#d575dba9/is_scitech:brier 0.0584
agnews#d575dba9/is_scitech:ece   0.2416
agnews#d575dba9/is_world         0.0000
agnews#d575dba9/is_world:brier   0.5968
agnews#d575dba9/is_world:ece     0.7725
agnews#d575dba9/topic            1.0000
agnews#d575dba9/topic:ece        0.4577
agnews#d75420e4/is_business      1.0000
agnews#d75420e4/is_business:brier 0.0338
agnews#d75420e4/is_business:ece  0.1840
agnews#d75420e4/is_scitech       0.0000
agnews#d75420e4/is_scitech:brier 0.6535
agnews#d75420e4/is_scitech:ece   0.8084
agnews#d75420e4/topic            0.0000
agnews#d75420e4/topic:ece        0.3175
agnews#d7cbec63/is_business      0.0000
agnews#d7cbec63/is_business:brier 0.5032
agnews#d7cbec63/is_business:ece  0.7094
agnews#d7cbec63/is_sports        1.0000
agnews#d7cbec63/is_sports:brier  0.0851
agnews#d7cbec63/is_sports:ece    0.2916
agnews#d7cbec63/topic            0.0000
agnews#d7cbec63/topic:ece        0.3435
agnews#d836d6d1/is_sports        1.0000
agnews#d836d6d1/is_sports:brier  0.0752
agnews#d836d6d1/is_sports:ece    0.2743
agnews#d836d6d1/is_world         1.0000
agnews#d836d6d1/is_world:brier   0.0680
agnews#d836d6d1/is_world:ece     0.2608
agnews#d836d6d1/topic            0.0000
agnews#d836d6d1/topic:ece        0.5456
agnews#d844a364/topic            0.0000
agnews#d844a364/topic:ece        0.4881
agnews#da647556/topic            0.0000
agnews#da647556/topic:ece        0.5740
agnews#db8eeff0/is_business      1.0000
agnews#db8eeff0/is_business:brier 0.0530
agnews#db8eeff0/is_business:ece  0.2302
agnews#db8eeff0/is_sports        0.0000
agnews#db8eeff0/is_sports:brier  0.5824
agnews#db8eeff0/is_sports:ece    0.7631
agnews#db8eeff0/topic            1.0000
agnews#db8eeff0/topic:ece        0.5381
agnews#dbd66a87/is_scitech       1.0000
agnews#dbd66a87/is_scitech:brier 0.1264
agnews#dbd66a87/is_scitech:ece   0.3555
agnews#dbd66a87/is_world         0.0000
agnews#dbd66a87/is_world:brier   0.3971
agnews#dbd66a87/is_world:ece     0.6302
agnews#dbd66a87/topic            0.0000
agnews#dbd66a87/topic:ece        0.6074
agnews#dd67738d/topic            1.0000
agnews#dd67738d/topic:ece        0.7203
agnews#e1b7d9b9/is_business      1.0000
agnews#e1b7d9b9/is_business:brier 0.0719
agnews#e1b7d9b9/is_business:ece  0.2682
agnews#e1b7d9b9/is_sports        1.0000
agnews#e1b7d9b9/is_sports:brier  0.0870
agnews#e1b7d9b9/is_sports:ece    0.2949
agnews#e1b7d9b9/topic            0.0000
agnews#e1b7d9b9/topic:ece        0.4752
agnews#e20d95bb/is_business      1.0000
agnews#e20d95bb/is_business:brier 0.1388
agnews#e20d95bb/is_business:ece  0.3726
agnews#e20d95bb/is_sports        1.0000
agnews#e20d95bb/is_sports:brier  0.1436
agnews#e20d95bb/is_sports:ece    0.3790
agnews#e20d95bb/topic            0.0000
agnews#e20d95bb/topic:ece        0.7624
agnews#e4ee9b7b/is_business      0.0000
agnews#e4ee9b7b/is_business:brier 0.5198
agnews#e4ee9b7b/is_business:ece  0.7209
agnews#e4ee9b7b/is_sports        1.0000
agnews#e4ee9b7b/is_sports:brier  0.0843
agnews#e4ee9b7b/is_sports:ece    0.2903
agnews#e4ee9b7b/topic            0.0000
agnews#e4ee9b7b/topic:ece        0.6660
agnews#e553446f/is_business      0.0000
agnews#e553446f/is_business:brier 0.4678
agnews#e553446f/is_business:ece  0.6839
agnews#e553446f/is_world         1.0000
agnews#e553446f/is_world:brier   0.1041
agnews#e553446f/is_world:ece     0.3227
agnews#e553446f/topic            0.0000
agnews#e553446f/topic:ece        0.5240
agnews#e75398df/is_business      1.0000
agnews#e75398df/is_business:brier 0.0245
agnews#e75398df/is_business:ece  0.1566
agnews#e75398df/is_scitech       1.0000
agnews#e75398df/is_scitech:brier 0.0239
agnews#e75398df/is_scitech:ece   0.1547
agnews#e75398df/topic            0.0000
agnews#e75398df/topic:ece        0.8963
agnews#e8ab6f07/is_sports        0.5000
agnews#e8ab6f07/is_sports:brier  0.2950
agnews#e8ab6f07/is_sports:ece    0.2782
agnews#e8ab6f07/is_world         0.5000
agnews#e8ab6f07/is_world:brier   0.3729
agnews#e8ab6f07/is_world:ece     0.2837
agnews#e8ab6f07/topic            0.5000
agnews#e8ab6f07/topic:ece        0.0558
agnews#ebc16bec/is_scitech       1.0000
agnews#ebc16bec/is_scitech:brier 0.0307
agnews#ebc16bec/is_scitech:ece   0.1753
agnews#ebc16bec/is_world         1.0000
agnews#ebc16bec/is_world:brier   0.0212
agnews#ebc16bec/is_world:ece     0.1456
agnews#ebc16bec/topic            1.0000
agnews#ebc16bec/topic:ece        0.5483
agnews#f71e4d32/topic            0.0000
agnews#f71e4d32/topic:ece        0.4166
agnews#f9780697/is_sports        1.0000
agnews#f9780697/is_sports:brier  0.1091
agnews#f9780697/is_sports:ece    0.3303
agnews#f9780697/is_world         1.0000
agnews#f9780697/is_world:brier   0.1065
agnews#f9780697/is_world:ece     0.3263
agnews#f9780697/topic            1.0000
agnews#f9780697/topic:ece        0.3565
agnews#faf2b6d7/is_scitech       0.0000
agnews#faf2b6d7/is_scitech:brier 0.5811
agnews#faf2b6d7/is_scitech:ece   0.7623
agnews#faf2b6d7/is_sports        1.0000
agnews#faf2b6d7/is_sports:brier  0.0644
agnews#faf2b6d7/is_sports:ece    0.2537
agnews#faf2b6d7/topic            0.0000
agnews#faf2b6d7/topic:ece        0.5556
agnews#fdbcea81/is_sports        1.0000
agnews#fdbcea81/is_sports:brier  0.1709
agnews#fdbcea81/is_sports:ece    0.4134
agnews#fdbcea81/is_world         1.0000
agnews#fdbcea81/is_world:brier   0.1851
agnews#fdbcea81/is_world:ece     0.4302
agnews#fdbcea81/topic            0.0000
agnews#fdbcea81/topic:ece        0.4877
agnews#ff260585/is_scitech       1.0000
agnews#ff260585/is_scitech:brier 0.0730
agnews#ff260585/is_scitech:ece   0.2702
agnews#ff260585/is_sports        1.0000
agnews#ff260585/is_sports:brier  0.0929
agnews#ff260585/is_sports:ece    0.3048
agnews#ff260585/topic            0.0000
agnews#ff260585/topic:ece        0.7412
agnews#ff76fdfd/topic            0.0000
agnews#ff76fdfd/topic:ece        0.5341
amazon#f0181fef/stars            0.2375
amazon#f0181fef/stars:ece        0.1295
banking77#000d3ca1/intent        0.0000
banking77#000d3ca1/intent:ece    0.0200
banking77#02eb72bd/intent        0.0000
banking77#02eb72bd/intent:ece    0.0230
banking77#05cc1bb0/intent        0.0000
banking77#05cc1bb0/intent:ece    0.0203
banking77#0a5d691d/intent        0.0000
banking77#0a5d691d/intent:ece    0.0203
banking77#0a97ce2e/intent        0.0000
banking77#0a97ce2e/intent:ece    0.0168
banking77#0ac7fc57/intent        0.0000
banking77#0ac7fc57/intent:ece    0.0166
banking77#0bd7e5b8/intent        1.0000
banking77#0bd7e5b8/intent:ece    0.9785
banking77#0c5dc206/intent        0.0000
banking77#0c5dc206/intent:ece    0.0179
banking77#0c8e3569/intent        0.0000
banking77#0c8e3569/intent:ece    0.0264
banking77#0fffc40b/intent        0.0000
banking77#0fffc40b/intent:ece    0.0199
banking77#1176c9ce/intent        0.0000
banking77#1176c9ce/intent:ece    0.0219
banking77#146468b6/intent        0.0000
banking77#146468b6/intent:ece    0.0197
banking77#1486c01f/intent        0.0000
banking77#1486c01f/intent:ece    0.0233
banking77#1a1be3c7/intent        0.0000
banking77#1a1be3c7/intent:ece    0.0395
banking77#1a3a9ca6/intent        0.0000
banking77#1a3a9ca6/intent:ece    0.0185
banking77#1ab68a63/intent        0.0000
banking77#1ab68a63/intent:ece    0.0224
banking77#201a4602/intent        0.0000
banking77#201a4602/intent:ece    0.0221
banking77#2164cfa4/intent        0.0000
banking77#2164cfa4/intent:ece    0.0172
banking77#22a26bc2/intent        0.0000
banking77#22a26bc2/intent:ece    0.0232
banking77#249bf3de/intent        0.0000
banking77#249bf3de/intent:ece    0.0172
banking77#267202d0/intent        0.0000
banking77#267202d0/intent:ece    0.0185
banking77#269d229c/intent        0.0000
banking77#269d229c/intent:ece    0.0177
banking77#2a9bca88/intent        0.0000
banking77#2a9bca88/intent:ece    0.0179
banking77#33b0bf14/intent        0.0000
banking77#33b0bf14/intent:ece    0.0204
banking77#34ab7262/intent        0.0000
banking77#34ab7262/intent:ece    0.0193
banking77#37261a48/intent        0.0000
banking77#37261a48/intent:ece    0.0170
banking77#389b6db3/intent        0.0000
banking77#389b6db3/intent:ece    0.0194
banking77#3b9e3663/intent        0.0000
banking77#3b9e3663/intent:ece    0.0169
banking77#3ebccfa0/intent        0.0000
banking77#3ebccfa0/intent:ece    0.0185
banking77#40061735/intent        0.0000
banking77#40061735/intent:ece    0.0235
banking77#4327eddb/intent        0.0000
banking77#4327eddb/intent:ece    0.0220
banking77#472c5bfb/intent        0.0000
banking77#472c5bfb/intent:ece    0.0231
banking77#48f3978d/intent        0.0000
banking77#48f3978d/intent:ece    0.0290
banking77#493c9fcd/intent        0.0000
banking77#493c9fcd/intent:ece    0.0187
banking77#4a8a65b3/intent        0.0000
banking77#4a8a65b3/intent:ece    0.0216
banking77#4bab40a4/intent        0.0000
banking77#4bab40a4/intent:ece    0.0215
banking77#4db08787/intent        0.0000
banking77#4db08787/intent:ece    0.0285
banking77#4f61e44e/intent        0.0000
banking77#4f61e44e/intent:ece    0.0188
banking77#51c22057/intent        0.0000
banking77#51c22057/intent:ece    0.0207
banking77#53eb38d7/intent        0.0000
banking77#53eb38d7/intent:ece    0.0176
banking77#548f5025/intent        0.0000
banking77#548f5025/intent:ece    0.0365
banking77#54b53bfe/intent        0.0000
banking77#54b53bfe/intent:ece    0.0197
banking77#5aed3909/intent        0.0000
banking77#5aed3909/intent:ece    0.0183
banking77#5c8ae03b/intent        0.0000
banking77#5c8ae03b/intent:ece    0.0182
banking77#5fdae191/intent        1.0000
banking77#5fdae191/intent:ece    0.9826
banking77#61afacac/intent        0.0000
banking77#61afacac/intent:ece    0.0198
banking77#61d6e03f/intent        0.0000
banking77#61d6e03f/intent:ece    0.0199
banking77#64286d64/intent        0.0000
banking77#64286d64/intent:ece    0.0200
banking77#6494d6c3/intent        0.0000
banking77#6494d6c3/intent:ece    0.0208
banking77#6c7d1bef/intent        0.0000
banking77#6c7d1bef/intent:ece    0.0205
banking77#6d6da32e/intent        0.0000
banking77#6d6da32e/intent:ece    0.0195
banking77#6d7ce6e5/intent        0.0000
banking77#6d7ce6e5/intent:ece    0.0183
banking77#6d87b9d9/intent        0.0000
banking77#6d87b9d9/intent:ece    0.0164
banking77#6df78297/intent        0.0000
banking77#6df78297/intent:ece    0.0209
banking77#6f283a68/intent        0.0000
banking77#6f283a68/intent:ece    0.0196
banking77#702466f7/intent        0.0000
banking77#702466f7/intent:ece    0.0213
banking77#7060440a/intent        0.0000
banking77#7060440a/intent:ece    0.0202
banking77#73949543/intent        0.0000
banking77#73949543/intent:ece    0.0192
banking77#73de59c9/intent        0.0000
banking77#73de59c9/intent:ece    0.0202
banking77#741bc21c/intent        0.0000
banking77#741bc21c/intent:ece    0.0208
banking77#74750a95/intent        0.0000
banking77#74750a95/intent:ece    0.0448
banking77#75081fda/intent        0.0000
banking77#75081fda/intent:ece    0.0200
banking77#7524ecbd/intent        0.0000
banking77#7524ecbd/intent:ece    0.0195
banking77#762c152c/intent        0.0000
banking77#762c152c/intent:ece    0.0173
banking77#76591519/intent        0.0000
banking77#76591519/intent:ece    0.0216
banking77#7bc07145/intent        0.0000
banking77#7bc07145/intent:ece    0.0210
banking77#7ddc446f/intent        0.0000
banking77#7ddc446f/intent:ece    0.0180
banking77#7e25e5cf/intent        0.0000
banking77#7e25e5cf/intent:ece    0.0204
banking77#7ea6877a/intent        1.0000
banking77#7ea6877a/intent:ece    0.9817
banking77#80da6e2e/intent        0.0000
banking77#80da6e2e/intent:ece    0.0196
banking77#850b4f0e/intent        0.0000
banking77#850b4f0e/intent:ece    0.0205
banking77#85970b3a/intent        0.0000
banking77#85970b3a/intent:ece    0.0192
banking77#85f83235/intent        0.0000
banking77#85f83235/intent:ece    0.0199
banking77#8959c7da/intent        0.0000
banking77#8959c7da/intent:ece    0.0190
banking77#8e0bfb97/intent        0.0000
banking77#8e0bfb97/intent:ece    0.0186
banking77#8e4f39fa/intent        0.0000
banking77#8e4f39fa/intent:ece    0.0424
banking77#8fe494df/intent        0.0000
banking77#8fe494df/intent:ece    0.0390
banking77#95149d29/intent        0.0000
banking77#95149d29/intent:ece    0.0193
banking77#95b0c263/intent        0.0000
banking77#95b0c263/intent:ece    0.0217
banking77#9a779daf/intent        1.0000
banking77#9a779daf/intent:ece    0.9779
banking77#9cb712f1/intent        0.0000
banking77#9cb712f1/intent:ece    0.0226
banking77#9ce3cd58/intent        0.0000
banking77#9ce3cd58/intent:ece    0.0222
banking77#9f5d2478/intent        0.0000
banking77#9f5d2478/intent:ece    0.0183
banking77#a37db7e3/intent        0.0000
banking77#a37db7e3/intent:ece    0.0198
banking77#a626ccb5/intent        0.0000
banking77#a626ccb5/intent:ece    0.0200
banking77#a7f24082/intent        0.0000
banking77#a7f24082/intent:ece    0.0185
banking77#ab693c61/intent        0.0000
banking77#ab693c61/intent:ece    0.0167
banking77#ae5eadd5/intent        0.0000
banking77#ae5eadd5/intent:ece    0.0193
banking77#b3136a2c/intent        0.0000
banking77#b3136a2c/intent:ece    0.0217
banking77#b37075ca/intent        0.0000
banking77#b37075ca/intent:ece    0.0372
banking77#b4eecb36/intent        0.0000
banking77#b4eecb36/intent:ece    0.0405
banking77#b66dc030/intent        0.0000
banking77#b66dc030/intent:ece    0.0192
banking77#bd40f568/intent        0.0000
banking77#bd40f568/intent:ece    0.0161
banking77#cc9e441e/intent        0.0000
banking77#cc9e441e/intent:ece    0.0302
banking77#ceb85ed6/intent        0.0000
banking77#ceb85ed6/intent:ece    0.0219
banking77#d37e5bb6/intent        0.0000
banking77#d37e5bb6/intent:ece    0.0220
banking77#d9a1a285/intent        0.0000
banking77#d9a1a285/intent:ece    0.0196
banking77#decd0cde/intent        0.0000
banking77#decd0cde/intent:ece    0.0175
banking77#dfaf4f95/intent        0.0000
banking77#dfaf4f95/intent:ece    0.0193
banking77#e209bf26/intent        0.0000
banking77#e209bf26/intent:ece    0.0243
banking77#e24a692e/intent        0.0000
banking77#e24a692e/intent:ece    0.0233
banking77#e2b278b0/intent        0.0000
banking77#e2b278b0/intent:ece    0.0165
banking77#e337ae8d/intent        0.0000
banking77#e337ae8d/intent:ece    0.0194
banking77#e5067cdf/intent        0.0000
banking77#e5067cdf/intent:ece    0.0188
banking77#e8d841a7/intent        0.0000
banking77#e8d841a7/intent:ece    0.0166
banking77#e95388eb/intent        0.0000
banking77#e95388eb/intent:ece    0.0228
banking77#ed1f1e3c/intent        0.0000
banking77#ed1f1e3c/intent:ece    0.0422
banking77#edfb26ab/intent        0.0000
banking77#edfb26ab/intent:ece    0.0187
banking77#ee2374aa/intent        0.0000
banking77#ee2374aa/intent:ece    0.0197
banking77#eec4bba8/intent        0.0000
banking77#eec4bba8/intent:ece    0.0165
banking77#f93dbdb7/intent        0.0000
banking77#f93dbdb7/intent:ece    0.0193
banking77#f95a584c/intent        0.0000
banking77#f95a584c/intent:ece    0.0198
banking77#fb1bd25f/intent        0.0000
banking77#fb1bd25f/intent:ece    0.0489
banking77#fb3af03c/intent        0.0000
banking77#fb3af03c/intent:ece    0.0178
banking77#fdaa84b7/intent        0.0000
banking77#fdaa84b7/intent:ece    0.0196
banking77#ff7e0105/intent        0.0000
banking77#ff7e0105/intent:ece    0.0173
boolq#03ae89ea/answer            0.0000
boolq#03ae89ea/answer:brier      0.5668
boolq#03ae89ea/answer:ece        0.7529
boolq#058f5883/answer            1.0000
boolq#058f5883/answer:brier      0.0728
boolq#058f5883/answer:ece        0.2699
boolq#086d0ed2/answer            0.0000
boolq#086d0ed2/answer:brier      0.3978
boolq#086d0ed2/answer:ece        0.6307
boolq#09bfacef/answer            0.0000
boolq#09bfacef/answer:brier      0.4308
boolq#09bfacef/answer:ece        0.6563
boolq#0d5dc5e1/answer            1.0000
boolq#0d5dc5e1/answer:brier      0.1039
boolq#0d5dc5e1/answer:ece        0.3223
boolq#0ec0dc36/answer            1.0000
boolq#0ec0dc36/answer:brier      0.0799
boolq#0ec0dc36/answer:ece        0.2827
boolq#11146131/answer            1.0000
boolq#11146131/answer:brier      0.0064
boolq#11146131/answer:ece        0.0802
boolq#11dd6dbf/answer            0.0000
boolq#11dd6dbf/answer:brier      0.3226
boolq#11dd6dbf/answer:ece        0.5680
boolq#14915a38/answer            1.0000
boolq#14915a38/answer:brier      0.0635
boolq#14915a38/answer:ece        0.2520
boolq#1621fdff/answer            0.0000
boolq#1621fdff/answer:brier      0.6832
boolq#1621fdff/answer:ece        0.8266
boolq#1c20d2c0/answer            1.0000
boolq#1c20d2c0/answer:brier      0.0054
boolq#1c20d2c0/answer:ece        0.0735
boolq#1c7f6b31/answer            1.0000
boolq#1c7f6b31/answer:brier      0.1437
boolq#1c7f6b31/answer:ece        0.3791
boolq#231ec600/answer            1.0000
boolq#231ec600/answer:brier      0.0961
boolq#231ec600/answer:ece        0.3100
boolq#23a4c983/answer            1.0000
boolq#23a4c983/answer:brier      0.0083
boolq#23a4c983/answer:ece        0.0911
boolq#25008945/answer            0.0000
boolq#25008945/answer:brier      0.3858
boolq#25008945/answer:ece        0.6211
boolq#2586c1af/answer            1.0000
boolq#2586c1af/answer:brier      0.0395
boolq#2586c1af/answer:ece        0.1989
boolq#28a17942/answer            1.0000
boolq#28a17942/answer:brier      0.0618
boolq#28a17942/answer:ece        0.2486
boolq#2b3db8b8/answer            1.0000
boolq#2b3db8b8/answer:brier      0.0202
boolq#2b3db8b8/answer:ece        0.1420
boolq#2fa46482/answer            0.0000
boolq#2fa46482/answer:brier      0.6575
boolq#2fa46482/answer:ece        0.8109
boolq#35914593/answer            1.0000
boolq#35914593/answer:brier      0.0373
boolq#35914593/answer:ece        0.1931
boolq#3870e34f/answer            0.0000
boolq#3870e34f/answer:brier      0.7737
boolq#3870e34f/answer:ece        0.8796
boolq#38bce7a9/answer            1.0000
boolq#38bce7a9/answer:brier      0.1937
boolq#38bce7a9/answer:ece        0.4401
boolq#3dae8cb6/answer            0.0000
boolq#3dae8cb6/answer:brier      0.5441
boolq#3dae8cb6/answer:ece        0.7376
boolq#4398e704/answer            0.0000
boolq#4398e704/answer:brier      0.5385
boolq#4398e704/answer:ece        0.7338
boolq#447fab02/answer            1.0000
boolq#447fab02/answer:brier      0.0117
boolq#447fab02/answer:ece        0.1080
boolq#4643d43a/answer            1.0000
boolq#4643d43a/answer:brier      0.1415
boolq#4643d43a/answer:ece        0.3762
boolq#4a6e292e/answer            0.0000
boolq#4a6e292e/answer:brier      0.4371
boolq#4a6e292e/answer:ece        0.6611
boolq#4ad46f9b/answer            0.0000
boolq#4ad46f9b/answer:brier      0.2793
boolq#4ad46f9b/answer:ece        0.5285
boolq#4af37d9c/answer            0.0000
boolq#4af37d9c/answer:brier      0.6968
boolq#4af37d9c/answer:ece        0.8347
boolq#4d716bad/answer            0.0000
boolq#4d716bad/answer:brier      0.5768
boolq#4d716bad/answer:ece        0.7595
boolq#4f40f2eb/answer            1.0000
boolq#4f40f2eb/answer:brier      0.0029
boolq#4f40f2eb/answer:ece        0.0535
boolq#50a04530/answer            0.0000
boolq#50a04530/answer:brier      0.5662
boolq#50a04530/answer:ece        0.7525
boolq#54e918fc/answer            0.0000
boolq#54e918fc/answer:brier      0.3052
boolq#54e918fc/answer:ece        0.5524
boolq#56ae8a61/answer            0.0000
boolq#56ae8a61/answer:brier      0.4320
boolq#56ae8a61/answer:ece        0.6573
boolq#5db1ec6b/answer            1.0000
boolq#5db1ec6b/answer:brier      0.0854
boolq#5db1ec6b/answer:ece        0.2922
boolq#61a52f01/answer            1.0000
boolq#61a52f01/answer:brier      0.0943
boolq#61a52f01/answer:ece        0.3070
boolq#66367bee/answer            0.0000
boolq#66367bee/answer:brier      0.7214
boolq#66367bee/answer:ece        0.8493
boolq#67d5a4fa/answer            0.0000
boolq#67d5a4fa/answer:brier      0.3628
boolq#67d5a4fa/answer:ece        0.6024
boolq#6be96e9e/answer            1.0000
boolq#6be96e9e/answer:brier      0.1872
boolq#6be96e9e/answer:ece        0.4326
boolq#6f4324e3/answer            1.0000
boolq#6f4324e3/answer:brier      0.1648
boolq#6f4324e3/answer:ece        0.4060
boolq#71822071/answer            0.0000
boolq#71822071/answer:brier      0.3161
boolq#71822071/answer:ece        0.5622
boolq#72562fbc/answer            1.0000
boolq#72562fbc/answer:brier      0.0176
boolq#72562fbc/answer:ece        0.1326
boolq#735a648e/answer            0.0000
boolq#735a648e/answer:brier      0.2572
boolq#735a648e/answer:ece        0.5072
boolq#74e65314/answer            0.0000
boolq#74e65314/answer:brier      0.3350
boolq#74e65314/answer:ece        0.5788
boolq#79998ffc/answer            0.0000
boolq#79998ffc/answer:brier      0.3620
boolq#79998ffc/answer:ece        0.6016
boolq#79e01ff3/answer            0.0000
boolq#79e01ff3/answer:brier      0.3316
boolq#79e01ff3/answer:ece        0.5758
boolq#7ad7617b/answer            1.0000
boolq#7ad7617b/answer:brier      0.2159
boolq#7ad7617b/answer:ece        0.4646
boolq#7d36121d/answer            1.0000
boolq#7d36121d/answer:brier      0.1139
boolq#7d36121d/answer:ece        0.3376
boolq#7f6094e1/answer            0.0000
boolq#7f6094e1/answer:brier      0.3297
boolq#7f6094e1/answer:ece        0.5742
boolq#82805f90/answer            0.0000
boolq#82805f90/answer:brier      0.2682
boolq#82805f90/answer:ece        0.5178
boolq#88016bb2/answer            0.0000
boolq#88016bb2/answer:brier      0.7725
boolq#88016bb2/answer:ece        0.8789
boolq#8ac4258f/answer            1.0000
boolq#8ac4258f/answer:brier      0.2386
boolq#8ac4258f/answer:ece        0.4885
boolq#8d3ce9b9/answer            1.0000
boolq#8d3ce9b9/answer:brier      0.1039
boolq#8d3ce9b9/answer:ece        0.3223
boolq#902973dd/answer            1.0000
boolq#902973dd/answer:brier      0.1238
boolq#902973dd/answer:ece        0.3518
boolq#942dd81f/answer            1.0000
boolq#942dd81f/answer:brier      0.0576
boolq#942dd81f/answer:ece        0.2400
boolq#9956418c/answer            0.0000
boolq#9956418c/answer:brier      0.3488
boolq#9956418c/answer:ece        0.5906
boolq#ac310632/answer            0.0000
boolq#ac310632/answer:brier      0.6379
boolq#ac310632/answer:ece        0.7987
boolq#b2773322/answer            1.0000
boolq#b2773322/answer:brier      0.0329
boolq#b2773322/answer:ece        0.1813
boolq#b4d93368/answer            0.0000
boolq#b4d93368/answer:brier      0.3628
boolq#b4d93368/answer:ece        0.6023
boolq#ba81b858/answer            0.0000
boolq#ba81b858/answer:brier      0.4727
boolq#ba81b858/answer:ece        0.6876
boolq#c37d5cea/answer            0.0000
boolq#c37d5cea/answer:brier      0.3984
boolq#c37d5cea/answer:ece        0.6312
boolq#c72d24d9/answer            1.0000
boolq#c72d24d9/answer:brier      0.1051
boolq#c72d24d9/answer:ece        0.3243
boolq#c9f534f5/answer            0.0000
boolq#c9f534f5/answer:brier      0.6218
boolq#c9f534f5/answer:ece        0.7886
boolq#cbd070fe/answer            0.0000
boolq#cbd070fe/answer:brier      0.2610
boolq#cbd070fe/answer:ece        0.5109
boolq#cd23eb44/answer            0.0000
boolq#cd23eb44/answer:brier      0.4793
boolq#cd23eb44/answer:ece        0.6923
boolq#ce523ea8/answer            1.0000
boolq#ce523ea8/answer:brier      0.0546
boolq#ce523ea8/answer:ece        0.2336
boolq#d23f047b/answer            0.0000
boolq#d23f047b/answer:brier      0.3598
boolq#d23f047b/answer:ece        0.5998
boolq#d8301e43/answer            1.0000
boolq#d8301e43/answer:brier      0.1895
boolq#d8301e43/answer:ece        0.4353
boolq#d96fa04c/answer            0.0000
boolq#d96fa04c/answer:brier      0.2714
boolq#d96fa04c/answer:ece        0.5210
boolq#dca348ca/answer            1.0000
boolq#dca348ca/answer:brier      0.0137
boolq#dca348ca/answer:ece        0.1172
boolq#dde37a23/answer            0.0000
boolq#dde37a23/answer:brier      0.2701
boolq#dde37a23/answer:ece        0.5197
boolq#e36d1722/answer            1.0000
boolq#e36d1722/answer:brier      0.1812
boolq#e36d1722/answer:ece        0.4257
boolq#e59d9823/answer            1.0000
boolq#e59d9823/answer:brier      0.0892
boolq#e59d9823/answer:ece        0.2986
boolq#eba51f7c/answer            1.0000
boolq#eba51f7c/answer:brier      0.0052
boolq#eba51f7c/answer:ece        0.0722
boolq#ee99ad9b/answer            1.0000
boolq#ee99ad9b/answer:brier      0.0009
boolq#ee99ad9b/answer:ece        0.0301
boolq#f402e70c/answer            1.0000
boolq#f402e70c/answer:brier      0.0843
boolq#f402e70c/answer:ece        0.2903
boolq#f70548a1/answer            1.0000
boolq#f70548a1/answer:brier      0.0972
boolq#f70548a1/answer:ece        0.3117
boolq#f863a7b4/answer            0.0000
boolq#f863a7b4/answer:brier      0.6203
boolq#f863a7b4/answer:ece        0.7876
boolq#fa63c6e2/answer            0.0000
boolq#fa63c6e2/answer:brier      0.5081
boolq#fa63c6e2/answer:ece        0.7128
boolq#fc1887ea/answer            1.0000
boolq#fc1887ea/answer:brier      0.0550
boolq#fc1887ea/answer:ece        0.2344
contrastive#13f5d2df/decision    0.0000
contrastive#13f5d2df/decision:ece 0.9164
contrastive#17016bfa/decision    0.5000
contrastive#17016bfa/decision:ece 0.0100
contrastive#1f997954/decision    0.0000
contrastive#1f997954/decision:ece 0.9611
contrastive#291e0d44/decision    0.0000
contrastive#291e0d44/decision:ece 0.4978
contrastive#427f4f76/decision    0.0000
contrastive#427f4f76/decision:ece 0.9599
contrastive#4b117aa2/decision    1.0000
contrastive#4b117aa2/decision:ece 0.4988
contrastive#4bf36406/decision    0.3333
contrastive#4bf36406/decision:ece 0.1743
contrastive#4fc008be/decision    0.0000
contrastive#4fc008be/decision:ece 0.8826
contrastive#5027ab28/decision    0.0000
contrastive#5027ab28/decision:ece 0.9486
contrastive#564ef4ba/decision    0.0000
contrastive#564ef4ba/decision:ece 0.9617
contrastive#58eb02cd/decision    0.0000
contrastive#58eb02cd/decision:ece 0.5082
contrastive#5cbe51fa/decision    0.0000
contrastive#5cbe51fa/decision:ece 0.4991
contrastive#6a545ac2/decision    1.0000
contrastive#6a545ac2/decision:ece 0.4775
contrastive#7515fc21/decision    0.5000
contrastive#7515fc21/decision:ece 0.0066
contrastive#7e893001/decision    1.0000
contrastive#7e893001/decision:ece 0.5036
contrastive#91477361/decision    1.0000
contrastive#91477361/decision:ece 0.4550
contrastive#a0317c09/decision    0.0000
contrastive#a0317c09/decision:ece 0.9642
contrastive#a40890cc/decision    0.5238
contrastive#a40890cc/decision:ece 0.0193
contrastive#ae558619/decision    0.5000
contrastive#ae558619/decision:ece 0.0117
contrastive#b6fe76ef/decision    0.0000
contrastive#b6fe76ef/decision:ece 0.9223
contrastive#b81fb4d6/decision    0.0000
contrastive#b81fb4d6/decision:ece 0.9183
contrastive#bf106c75/decision    0.5000
contrastive#bf106c75/decision:ece 0.0166
contrastive#d8b21ca9/decision    0.5250
contrastive#d8b21ca9/decision:brier 0.2494
contrastive#d8b21ca9/decision:ece 0.0115
contrastive#dd2530a8/decision    0.5000
contrastive#dd2530a8/decision:ece 0.0166
contrastive#e33b708d/decision    0.0000
contrastive#e33b708d/decision:ece 0.5007
contrastive#ee347cff/decision    0.0000
contrastive#ee347cff/decision:ece 0.5069
contrastive#f959b3a9/decision    0.0000
contrastive#f959b3a9/decision:ece 0.9342
contrastive#fbeb1993/decision    0.6500
contrastive#fbeb1993/decision:brier 0.2385
contrastive#fbeb1993/decision:ece 0.1079
contrastive#ff24ddab/decision    1.0000
contrastive#ff24ddab/decision:ece 0.4910
dbpedia14#04b936b5/category      0.0000
dbpedia14#04b936b5/category:ece  0.2384
dbpedia14#04ebca96/category      0.0000
dbpedia14#04ebca96/category:ece  0.4724
dbpedia14#0c19cabc/category      0.0000
dbpedia14#0c19cabc/category:ece  0.3742
dbpedia14#0f2290be/category      1.0000
dbpedia14#0f2290be/category:ece  0.2645
dbpedia14#203b00a3/category      0.0000
dbpedia14#203b00a3/category:ece  0.5368
dbpedia14#20b66660/category      1.0000
dbpedia14#20b66660/category:ece  0.0528
dbpedia14#21375755/category      0.0000
dbpedia14#21375755/category:ece  0.7354
dbpedia14#2ac40d6e/category      0.0000
dbpedia14#2ac40d6e/category:ece  0.4819
dbpedia14#30a154b0/category      0.0000
dbpedia14#30a154b0/category:ece  0.4808
dbpedia14#36e6564d/category      0.0000
dbpedia14#36e6564d/category:ece  0.4248
dbpedia14#37d63b34/category      0.0000
dbpedia14#37d63b34/category:ece  0.3293
dbpedia14#3b82eaf3/category      1.0000
dbpedia14#3b82eaf3/category:ece  0.5327
dbpedia14#466c05d5/category      0.0000
dbpedia14#466c05d5/category:ece  0.2578
dbpedia14#4cd7c95b/category      0.0000
dbpedia14#4cd7c95b/category:ece  0.8206
dbpedia14#5bb37fc1/category      0.0000
dbpedia14#5bb37fc1/category:ece  0.3191
dbpedia14#5be1c983/category      0.0000
dbpedia14#5be1c983/category:ece  0.8474
dbpedia14#5df9c5ca/category      0.0000
dbpedia14#5df9c5ca/category:ece  0.5404
dbpedia14#6153f0ba/category      1.0000
dbpedia14#6153f0ba/category:ece  0.2995
dbpedia14#680a3ad9/category      1.0000
dbpedia14#680a3ad9/category:ece  0.4755
dbpedia14#6b1e5110/category      0.0000
dbpedia14#6b1e5110/category:ece  0.5264
dbpedia14#6c2c72cc/category      0.0000
dbpedia14#6c2c72cc/category:ece  0.2555
dbpedia14#71c4dfe0/category      0.0000
dbpedia14#71c4dfe0/category:ece  0.5309
dbpedia14#851556e3/category      0.0000
dbpedia14#851556e3/category:ece  0.4757
dbpedia14#93f82e2b/category      0.5750
dbpedia14#93f82e2b/category:ece  0.0662
dbpedia14#a3ca5a48/category      0.0000
dbpedia14#a3ca5a48/category:ece  0.5150
dbpedia14#a7e3dae7/category      0.0000
dbpedia14#a7e3dae7/category:ece  0.5494
dbpedia14#aa73e8ab/category      0.0000
dbpedia14#aa73e8ab/category:ece  0.6329
dbpedia14#ac7ddeb7/category      0.0000
dbpedia14#ac7ddeb7/category:ece  0.3266
dbpedia14#b2ef25c2/category      0.0000
dbpedia14#b2ef25c2/category:ece  0.4633
dbpedia14#b3ab484b/category      1.0000
dbpedia14#b3ab484b/category:ece  0.2906
dbpedia14#b82a292e/category      0.0000
dbpedia14#b82a292e/category:ece  0.4414
dbpedia14#c7d9d4af/category      0.0000
dbpedia14#c7d9d4af/category:ece  0.6968
dbpedia14#c9c9582f/category      0.0000
dbpedia14#c9c9582f/category:ece  0.7135
dbpedia14#cf0baa9f/category      0.0000
dbpedia14#cf0baa9f/category:ece  0.4357
dbpedia14#d830101e/category      0.0000
dbpedia14#d830101e/category:ece  0.7277
dbpedia14#d900c380/category      0.0000
dbpedia14#d900c380/category:ece  0.2445
dbpedia14#de35301e/category      1.0000
dbpedia14#de35301e/category:ece  0.0264
imdb#457dae02/positive           0.8000
imdb#457dae02/positive:brier     0.1540
imdb#457dae02/positive:ece       0.0198
mnli#02df466e/relation           1.0000
mnli#02df466e/relation:ece       0.6588
mnli#04ca4751/relation           1.0000
mnli#04ca4751/relation:ece       0.5773
mnli#07459b1b/relation           0.0000
mnli#07459b1b/relation:ece       0.4822
mnli#08b5330d/relation           0.0000
mnli#08b5330d/relation:ece       0.4533
mnli#0cd81988/relation           0.0000
mnli#0cd81988/relation:ece       0.3544
mnli#0f006098/relation           1.0000
mnli#0f006098/relation:ece       0.6508
mnli#10e24d17/relation           0.0000
mnli#10e24d17/relation:ece       0.3765
mnli#1549badc/relation           0.0000
mnli#1549badc/relation:ece       0.3738
mnli#1562813a/relation           1.0000
mnli#1562813a/relation:ece       0.6214
mnli#15cee0bc/relation           1.0000
mnli#15cee0bc/relation:ece       0.6516
mnli#18d4a8ab/relation           1.0000
mnli#18d4a8ab/relation:ece       0.5670
mnli#1ee2396f/relation           0.0000
mnli#1ee2396f/relation:ece       0.3548
mnli#2390e008/relation           0.0000
mnli#2390e008/relation:ece       0.4225
mnli#26554f0d/relation           1.0000
mnli#26554f0d/relation:ece       0.6160
mnli#275b8072/relation           0.0000
mnli#275b8072/relation:ece       0.3583
mnli#2b9d70ce/relation           1.0000
mnli#2b9d70ce/relation:ece       0.5588
mnli#2be9ee0a/relation           0.0000
mnli#2be9ee0a/relation:ece       0.3846
mnli#2c68a808/relation           1.0000
mnli#2c68a808/relation:ece       0.5545
mnli#2db4b0a9/relation           1.0000
mnli#2db4b0a9/relation:ece       0.6455
mnli#2fa1e42d/relation           0.0000
mnli#2fa1e42d/relation:ece       0.4031
mnli#38b9e20c/relation           0.0000
mnli#38b9e20c/relation:ece       0.4225
mnli#397db60f/relation           0.0000
mnli#397db60f/relation:ece       0.3539
mnli#397fd107/relation           0.0000
mnli#397fd107/relation:ece       0.3918
mnli#39d3de51/relation           0.0000
mnli#39d3de51/relation:ece       0.5009
mnli#3bc83553/relation           1.0000
mnli#3bc83553/relation:ece       0.6386
mnli#3da242fd/relation           0.0000
mnli#3da242fd/relation:ece       0.5827
mnli#3f5274c9/relation           0.0000
mnli#3f5274c9/relation:ece       0.3565
mnli#462d7734/relation           1.0000
mnli#462d7734/relation:ece       0.5933
mnli#48dfe166/relation           0.0000
mnli#48dfe166/relation:ece       0.3570
mnli#48ea7352/relation           1.0000
mnli#48ea7352/relation:ece       0.5984
mnli#48efc596/relation           0.0000
mnli#48efc596/relation:ece       0.3314
mnli#4adcdcb1/relation           1.0000
mnli#4adcdcb1/relation:ece       0.4467
mnli#4bb7ee07/relation           1.0000
mnli#4bb7ee07/relation:ece       0.6486
mnli#4e63e750/relation           1.0000
mnli#4e63e750/relation:ece       0.5546
mnli#5423116d/relation           0.0000
mnli#5423116d/relation:ece       0.4808
mnli#57507a47/relation           0.0000
mnli#57507a47/relation:ece       0.2767
mnli#5996340c/relation           0.0000
mnli#5996340c/relation:ece       0.3577
mnli#5a0d17a6/relation           0.0000
mnli#5a0d17a6/relation:ece       0.3872
mnli#5a77fab7/relation           0.0000
mnli#5a77fab7/relation:ece       0.4112
mnli#5ed73418/relation           0.0000
mnli#5ed73418/relation:ece       0.3596
mnli#63026eac/relation           1.0000
mnli#63026eac/relation:ece       0.6066
mnli#674cf3c2/relation           0.0000
mnli#674cf3c2/relation:ece       0.4171
mnli#6835d387/relation           0.0000
mnli#6835d387/relation:ece       0.3816
mnli#6c3c180c/relation           0.0000
mnli#6c3c180c/relation:ece       0.3879
mnli#6c3f788d/relation           0.0000
mnli#6c3f788d/relation:ece       0.4010
mnli#6da355e1/relation           0.0000
mnli#6da355e1/relation:ece       0.3873
mnli#7143ed1c/relation           0.0000
mnli#7143ed1c/relation:ece       0.4495
mnli#788f4d64/relation           0.0000
mnli#788f4d64/relation:ece       0.3515
mnli#7ce2d8b0/relation           1.0000
mnli#7ce2d8b0/relation:ece       0.6255
mnli#80d8a744/relation           0.0000
mnli#80d8a744/relation:ece       0.3433
mnli#81d11158/relation           0.0000
mnli#81d11158/relation:ece       0.3661
mnli#82c28bf3/relation           0.0000
mnli#82c28bf3/relation:ece       0.3285
mnli#87a91538/relation           0.0000
mnli#87a91538/relation:ece       0.4012
mnli#890c2e14/relation           0.0000
mnli#890c2e14/relation:ece       0.2854
mnli#8a09c0b7/relation           0.0000
mnli#8a09c0b7/relation:ece       0.3493
mnli#8d985513/relation           0.0000
mnli#8d985513/relation:ece       0.3576
mnli#908d8306/relation           0.0000
mnli#908d8306/relation:ece       0.3745
mnli#91a36640/relation           1.0000
mnli#91a36640/relation:ece       0.6552
mnli#92b6b543/relation           1.0000
mnli#92b6b543/relation:ece       0.5957
mnli#930c6b59/relation           0.0000
mnli#930c6b59/relation:ece       0.3864
mnli#981ee476/relation           0.0000
mnli#981ee476/relation:ece       0.4082
mnli#992d6df6/relation           0.0000
mnli#992d6df6/relation:ece       0.3571
mnli#99d64997/relation           0.0000
mnli#99d64997/relation:ece       0.3847
mnli#9de025b1/relation           1.0000
mnli#9de025b1/relation:ece       0.6610
mnli#9e56c189/relation           1.0000
mnli#9e56c189/relation:ece       0.6461
mnli#9e636e04/relation           0.0000
mnli#9e636e04/relation:ece       0.4320
mnli#a1cf196e/relation           0.0000
mnli#a1cf196e/relation:ece       0.3981
mnli#a26694a1/relation           1.0000
mnli#a26694a1/relation:ece       0.4517
mnli#a6f64b44/relation           0.0000
mnli#a6f64b44/relation:ece       0.2763
mnli#a7b667c8/relation           0.0000
mnli#a7b667c8/relation:ece       0.4088
mnli#a95a7d4b/relation           0.0000
mnli#a95a7d4b/relation:ece       0.4534
mnli#aa0d6712/relation           0.0000
mnli#aa0d6712/relation:ece       0.2951
mnli#aab358c3/relation           0.0000
mnli#aab358c3/relation:ece       0.3610
mnli#aae83439/relation           1.0000
mnli#aae83439/relation:ece       0.6545
mnli#ad674bc8/relation           1.0000
mnli#ad674bc8/relation:ece       0.6215
mnli#ad9cf1c1/relation           0.0000
mnli#ad9cf1c1/relation:ece       0.2880
mnli#af17a07f/relation           1.0000
mnli#af17a07f/relation:ece       0.6495
mnli#af9c01de/relation           1.0000
mnli#af9c01de/relation:ece       0.6928
mnli#b1884357/relation           0.0000
mnli#b1884357/relation:ece       0.3503
mnli#b57f0c03/relation           0.0000
mnli#b57f0c03/relation:ece       0.3823
mnli#b6d5def7/relation           0.0000
mnli#b6d5def7/relation:ece       0.3600
mnli#b6d697e9/relation           1.0000
mnli#b6d697e9/relation:ece       0.6422
mnli#b9ca60ed/relation           1.0000
mnli#b9ca60ed/relation:ece       0.6607
mnli#bc989a69/relation           0.0000
mnli#bc989a69/relation:ece       0.3423
mnli#bd83bcea/relation           0.0000
mnli#bd83bcea/relation:ece       0.3863
mnli#be25d973/relation           0.0000
mnli#be25d973/relation:ece       0.3613
mnli#be46dcbb/relation           0.0000
mnli#be46dcbb/relation:ece       0.4510
mnli#c3973632/relation           0.0000
mnli#c3973632/relation:ece       0.3390
mnli#c426a7e0/relation           0.0000
mnli#c426a7e0/relation:ece       0.4397
mnli#c50c28b3/relation           0.0000
mnli#c50c28b3/relation:ece       0.4939
mnli#c6469fc6/relation           1.0000
mnli#c6469fc6/relation:ece       0.6620
mnli#cd33bb32/relation           0.0000
mnli#cd33bb32/relation:ece       0.3500
mnli#ce95f1bf/relation           0.0000
mnli#ce95f1bf/relation:ece       0.3364
mnli#d412115a/relation           0.0000
mnli#d412115a/relation:ece       0.6417
mnli#d5292ab0/relation           0.0000
mnli#d5292ab0/relation:ece       0.3604
mnli#d652c770/relation           0.0000
mnli#d652c770/relation:ece       0.3492
mnli#d8795982/relation           1.0000
mnli#d8795982/relation:ece       0.6375
mnli#dc09db76/relation           1.0000
mnli#dc09db76/relation:ece       0.6332
mnli#ddd3fcff/relation           0.0000
mnli#ddd3fcff/relation:ece       0.3497
mnli#e0e5d04b/relation           0.0000
mnli#e0e5d04b/relation:ece       0.3929
mnli#e1bb86f2/relation           1.0000
mnli#e1bb86f2/relation:ece       0.5152
mnli#e1e7f1e0/relation           0.0000
mnli#e1e7f1e0/relation:ece       0.3677
mnli#e5ad07ae/relation           1.0000
mnli#e5ad07ae/relation:ece       0.5316
mnli#e6845f6c/relation           0.0000
mnli#e6845f6c/relation:ece       0.3437
mnli#eb795583/relation           1.0000
mnli#eb795583/relation:ece       0.6375
mnli#f18e372a/relation           0.0000
mnli#f18e372a/relation:ece       0.3774
mnli#f6e70644/relation           0.0000
mnli#f6e70644/relation:ece       0.6480
mnli#f9aa57fa/relation           0.0000
mnli#f9aa57fa/relation:ece       0.4195
mnli#fa103c54/relation           0.0000
mnli#fa103c54/relation:ece       0.3805
mnli#fed98e94/relation           0.0000
mnli#fed98e94/relation:ece       0.4011
mnli#ff27af72/relation           1.0000
mnli#ff27af72/relation:ece       0.6507
mnli#fffed463/relation           0.0000
mnli#fffed463/relation:ece       0.4146
sst5#16640a13/sentiment          0.5000
sst5#16640a13/sentiment:ece      0.2287
sst5#ad14f5a1/sentiment          0.6000
sst5#ad14f5a1/sentiment:ece      0.3164
sst5#aeaad687/sentiment          0.2424
sst5#aeaad687/sentiment:ece      0.0947
sst5#dd4ece86/sentiment          0.4000
sst5#dd4ece86/sentiment:ece      0.0826
trec#06073789/answer_type        1.0000
trec#06073789/answer_type:ece    0.6439
trec#0f87aa38/answer_type        1.0000
trec#0f87aa38/answer_type:ece    0.7901
trec#1418c608/answer_type        1.0000
trec#1418c608/answer_type:ece    0.7873
trec#2868dd3d/answer_type        1.0000
trec#2868dd3d/answer_type:ece    0.7174
trec#30b5febd/answer_type        0.0000
trec#30b5febd/answer_type:ece    0.1996
trec#363df439/answer_type        0.0000
trec#363df439/answer_type:ece    0.2644
trec#36d75909/answer_type        0.0000
trec#36d75909/answer_type:ece    0.3551
trec#3b157ba9/answer_type        0.0000
trec#3b157ba9/answer_type:ece    0.3088
trec#3c1e4667/answer_type        0.0000
trec#3c1e4667/answer_type:ece    0.2122
trec#43610be5/answer_type        0.0000
trec#43610be5/answer_type:ece    0.2606
trec#49414a22/answer_type        0.0000
trec#49414a22/answer_type:ece    0.2888
trec#4f24c79f/answer_type        0.0000
trec#4f24c79f/answer_type:ece    0.2313
trec#558b12c2/answer_type        1.0000
trec#558b12c2/answer_type:ece    0.6373
trec#5f1a32c2/answer_type        0.0000
trec#5f1a32c2/answer_type:ece    0.2398
trec#61c8c36a/answer_type        0.0000
trec#61c8c36a/answer_type:ece    0.2859
trec#663fc093/answer_type        0.0000
trec#663fc093/answer_type:ece    0.2142
trec#68f7ad90/answer_type        0.3375
trec#68f7ad90/answer_type:ece    0.0824
trec#73232272/answer_type        0.0000
trec#73232272/answer_type:ece    0.2013
trec#7e1c22cd/answer_type        0.0000
trec#7e1c22cd/answer_type:ece    0.2187
trec#7f32e0f1/answer_type        0.0000
trec#7f32e0f1/answer_type:ece    0.2232
trec#82f614bc/answer_type        0.0000
trec#82f614bc/answer_type:ece    0.2627
trec#86cb2104/answer_type        0.0000
trec#86cb2104/answer_type:ece    0.2487temperature: 1.2  (fit on calibration: 448 rows in 168 sets)
=== dev ===
agnews#007c175b/topic            1.0000
agnews#007c175b/topic:ece        0.6854
agnews#02a53f27/topic            0.0000
agnews#02a53f27/topic:ece        0.5100
agnews#03430be2/is_business      0.0000
agnews#03430be2/is_business:brier 0.3134
agnews#03430be2/is_business:ece  0.5598
agnews#03430be2/is_world         1.0000
agnews#03430be2/is_world:brier   0.2305
agnews#03430be2/is_world:ece     0.4801
agnews#03430be2/topic            0.0000
agnews#03430be2/topic:ece        0.3709
agnews#03e93753/is_scitech       1.0000
agnews#03e93753/is_scitech:brier 0.1009
agnews#03e93753/is_scitech:ece   0.3176
agnews#03e93753/is_sports        0.0000
agnews#03e93753/is_sports:brier  0.4576
agnews#03e93753/is_sports:ece    0.6764
agnews#03e93753/topic            1.0000
agnews#03e93753/topic:ece        0.4814
agnews#053228f0/is_scitech       0.0000
agnews#053228f0/is_scitech:brier 0.5466
agnews#053228f0/is_scitech:ece   0.7394
agnews#053228f0/is_sports        1.0000
agnews#053228f0/is_sports:brier  0.0711
agnews#053228f0/is_sports:ece    0.2666
agnews#053228f0/topic            0.0000
agnews#053228f0/topic:ece        0.4504
agnews#07682a07/is_scitech       1.0000
agnews#07682a07/is_scitech:brier 0.0876
agnews#07682a07/is_scitech:ece   0.2960
agnews#07682a07/is_sports        0.0000
agnews#07682a07/is_sports:brier  0.5153
agnews#07682a07/is_sports:ece    0.7179
agnews#07682a07/topic            1.0000
agnews#07682a07/topic:ece        0.6033
agnews#0d3b6299/is_scitech       1.0000
agnews#0d3b6299/is_scitech:brier 0.0073
agnews#0d3b6299/is_scitech:ece   0.0854
agnews#0d3b6299/is_sports        1.0000
agnews#0d3b6299/is_sports:brier  0.0083
agnews#0d3b6299/is_sports:ece    0.0911
agnews#0d3b6299/topic            1.0000
agnews#0d3b6299/topic:ece        0.4566
agnews#0d91e6d7/is_sports        1.0000
agnews#0d91e6d7/is_sports:brier  0.0671
agnews#0d91e6d7/is_sports:ece    0.2591
agnews#0d91e6d7/is_world         0.0000
agnews#0d91e6d7/is_world:brier   0.5547
agnews#0d91e6d7/is_world:ece     0.7448
agnews#0d91e6d7/topic            1.0000
agnews#0d91e6d7/topic:ece        0.4355
agnews#0dac348d/is_business      1.0000
agnews#0dac348d/is_business:brier 0.0446
agnews#0dac348d/is_business:ece  0.2112
agnews#0dac348d/is_sports        1.0000
agnews#0dac348d/is_sports:brier  0.0434
agnews#0dac348d/is_sports:ece    0.2083
agnews#0dac348d/topic            0.0000
agnews#0dac348d/topic:ece        0.3775
agnews#0f5c2a4c/is_business      0.0000
agnews#0f5c2a4c/is_business:brier 0.6247
agnews#0f5c2a4c/is_business:ece  0.7904
agnews#0f5c2a4c/is_scitech       1.0000
agnews#0f5c2a4c/is_scitech:brier 0.0468
agnews#0f5c2a4c/is_scitech:ece   0.2164
agnews#0f5c2a4c/topic            0.0000
agnews#0f5c2a4c/topic:ece        0.5708
agnews#0f646e97/is_scitech       1.0000
agnews#0f646e97/is_scitech:brier 0.0026
agnews#0f646e97/is_scitech:ece   0.0514
agnews#0f646e97/is_world         1.0000
agnews#0f646e97/is_world:brier   0.0018
agnews#0f646e97/is_world:ece     0.0424
agnews#0f646e97/topic            1.0000
agnews#0f646e97/topic:ece        0.2425
agnews#110e3acd/is_business      0.5000
agnews#110e3acd/is_business:brier 0.3653
agnews#110e3acd/is_business:ece  0.2319
agnews#110e3acd/is_scitech       1.0000
agnews#110e3acd/is_scitech:brier 0.0722
agnews#110e3acd/is_scitech:ece   0.2654
agnews#110e3acd/topic            0.0000
agnews#110e3acd/topic:ece        0.3817
agnews#1667c969/is_business      1.0000
agnews#1667c969/is_business:brier 0.0835
agnews#1667c969/is_business:ece  0.2890
agnews#1667c969/is_world         1.0000
agnews#1667c969/is_world:brier   0.0770
agnews#1667c969/is_world:ece     0.2775
agnews#1667c969/topic            1.0000
agnews#1667c969/topic:ece        0.6303
agnews#16f9789d/is_sports        1.0000
agnews#16f9789d/is_sports:brier  0.0679
agnews#16f9789d/is_sports:ece    0.2606
agnews#16f9789d/is_world         0.0000
agnews#16f9789d/is_world:brier   0.5601
agnews#16f9789d/is_world:ece     0.7484
agnews#16f9789d/topic            1.0000
agnews#16f9789d/topic:ece        0.5420
agnews#1ebdd316/is_scitech       0.5000
agnews#1ebdd316/is_scitech:brier 0.2905
agnews#1ebdd316/is_scitech:ece   0.2175
agnews#1ebdd316/is_sports        1.0000
agnews#1ebdd316/is_sports:brier  0.0768
agnews#1ebdd316/is_sports:ece    0.2769
agnews#1ebdd316/topic            0.0000
agnews#1ebdd316/topic:ece        0.4386
agnews#203ca3a4/topic            1.0000
agnews#203ca3a4/topic:ece        0.5239
agnews#21779857/is_scitech       0.5000
agnews#21779857/is_scitech:brier 0.2822
agnews#21779857/is_scitech:ece   0.1850
agnews#21779857/is_sports        0.5000
agnews#21779857/is_sports:brier  0.2910
agnews#21779857/is_sports:ece    0.1727
agnews#21779857/topic            0.5000
agnews#21779857/topic:ece        0.2194
agnews#21ca1dbf/is_business      1.0000
agnews#21ca1dbf/is_business:brier 0.0896
agnews#21ca1dbf/is_business:ece  0.2959
agnews#21ca1dbf/is_sports        0.5000
agnews#21ca1dbf/is_sports:brier  0.2436
agnews#21ca1dbf/is_sports:ece    0.2036
agnews#21ca1dbf/topic            1.0000
agnews#21ca1dbf/topic:ece        0.5203
agnews#21ea3728/is_business      1.0000
agnews#21ea3728/is_business:brier 0.0930
agnews#21ea3728/is_business:ece  0.3050
agnews#21ea3728/is_world         1.0000
agnews#21ea3728/is_world:brier   0.0893
agnews#21ea3728/is_world:ece     0.2989
agnews#21ea3728/topic            1.0000
agnews#21ea3728/topic:ece        0.4017
agnews#2363f4d6/is_business      1.0000
agnews#2363f4d6/is_business:brier 0.0543
agnews#2363f4d6/is_business:ece  0.2331
agnews#2363f4d6/is_scitech       1.0000
agnews#2363f4d6/is_scitech:brier 0.0598
agnews#2363f4d6/is_scitech:ece   0.2445
agnews#2363f4d6/topic            0.0000
agnews#2363f4d6/topic:ece        0.5621
agnews#24660657/is_business      1.0000
agnews#24660657/is_business:brier 0.0476
agnews#24660657/is_business:ece  0.2181
agnews#24660657/is_world         1.0000
agnews#24660657/is_world:brier   0.0463
agnews#24660657/is_world:ece     0.2153
agnews#24660657/topic            1.0000
agnews#24660657/topic:ece        0.5529
agnews#255d87bd/is_scitech       0.0000
agnews#255d87bd/is_scitech:brier 0.4744
agnews#255d87bd/is_scitech:ece   0.6888
agnews#255d87bd/is_sports        1.0000
agnews#255d87bd/is_sports:brier  0.1831
agnews#255d87bd/is_sports:ece    0.4279
agnews#255d87bd/topic            1.0000
agnews#255d87bd/topic:ece        0.6468
agnews#25c1e4b8/topic            1.0000
agnews#25c1e4b8/topic:ece        0.6358
agnews#27262a1f/is_scitech       1.0000
agnews#27262a1f/is_scitech:brier 0.1130
agnews#27262a1f/is_scitech:ece   0.3362
agnews#27262a1f/is_sports        0.0000
agnews#27262a1f/is_sports:brier  0.4385
agnews#27262a1f/is_sports:ece    0.6622
agnews#27262a1f/topic            0.0000
agnews#27262a1f/topic:ece        0.4447
agnews#2975d76b/topic            1.0000
agnews#2975d76b/topic:ece        0.6686
agnews#2a8b7c8c/is_sports        1.0000
agnews#2a8b7c8c/is_sports:brier  0.0512
agnews#2a8b7c8c/is_sports:ece    0.2264
agnews#2a8b7c8c/is_world         1.0000
agnews#2a8b7c8c/is_world:brier   0.0504
agnews#2a8b7c8c/is_world:ece     0.2246
agnews#2a8b7c8c/topic            0.0000
agnews#2a8b7c8c/topic:ece        0.3252
agnews#2b700a87/is_business      1.0000
agnews#2b700a87/is_business:brier 0.0751
agnews#2b700a87/is_business:ece  0.2726
agnews#2b700a87/is_world         1.0000
agnews#2b700a87/is_world:brier   0.0676
agnews#2b700a87/is_world:ece     0.2586
agnews#2b700a87/topic            1.0000
agnews#2b700a87/topic:ece        0.5337
agnews#2d7c940a/topic            1.0000
agnews#2d7c940a/topic:ece        0.5473
agnews#3003d99d/is_business      1.0000
agnews#3003d99d/is_business:brier 0.0484
agnews#3003d99d/is_business:ece  0.2199
agnews#3003d99d/is_sports        1.0000
agnews#3003d99d/is_sports:brier  0.0566
agnews#3003d99d/is_sports:ece    0.2379
agnews#3003d99d/topic            1.0000
agnews#3003d99d/topic:ece        0.5737
agnews#313bd558/topic            0.0000
agnews#313bd558/topic:ece        0.4573
agnews#38a1aaca/is_business      1.0000
agnews#38a1aaca/is_business:brier 0.0913
agnews#38a1aaca/is_business:ece  0.3022
agnews#38a1aaca/is_scitech       0.0000
agnews#38a1aaca/is_scitech:brier 0.4726
agnews#38a1aaca/is_scitech:ece   0.6874
agnews#38a1aaca/topic            1.0000
agnews#38a1aaca/topic:ece        0.4586
agnews#3a01082a/is_scitech       1.0000
agnews#3a01082a/is_scitech:brier 0.0989
agnews#3a01082a/is_scitech:ece   0.3146
agnews#3a01082a/is_world         1.0000
agnews#3a01082a/is_world:brier   0.1130
agnews#3a01082a/is_world:ece     0.3362
agnews#3a01082a/topic            1.0000
agnews#3a01082a/topic:ece        0.4615
agnews#3a8e783a/is_business      1.0000
agnews#3a8e783a/is_business:brier 0.0533
agnews#3a8e783a/is_business:ece  0.2310
agnews#3a8e783a/is_scitech       1.0000
agnews#3a8e783a/is_scitech:brier 0.0665
agnews#3a8e783a/is_scitech:ece   0.2578
agnews#3a8e783a/topic            1.0000
agnews#3a8e783a/topic:ece        0.3155
agnews#3e691121/is_business      1.0000
agnews#3e691121/is_business:brier 0.1113
agnews#3e691121/is_business:ece  0.3335
agnews#3e691121/is_sports        1.0000
agnews#3e691121/is_sports:brier  0.1079
agnews#3e691121/is_sports:ece    0.3285
agnews#3e691121/topic            1.0000
agnews#3e691121/topic:ece        0.4514
agnews#44693467/is_scitech       1.0000
agnews#44693467/is_scitech:brier 0.0757
agnews#44693467/is_scitech:ece   0.2740
agnews#44693467/is_sports        0.5000
agnews#44693467/is_sports:brier  0.2793
agnews#44693467/is_sports:ece    0.2181
agnews#44693467/topic            0.5000
agnews#44693467/topic:ece        0.0669
agnews#4596601c/topic            1.0000
agnews#4596601c/topic:ece        0.4741
agnews#45dec667/is_business      0.0000
agnews#45dec667/is_business:brier 0.4784
agnews#45dec667/is_business:ece  0.6916
agnews#45dec667/is_world         1.0000
agnews#45dec667/is_world:brier   0.0886
agnews#45dec667/is_world:ece     0.2977
agnews#45dec667/topic            0.0000
agnews#45dec667/topic:ece        0.5301
agnews#47c59c43/is_sports        1.0000
agnews#47c59c43/is_sports:brier  0.1647
agnews#47c59c43/is_sports:ece    0.4058
agnews#47c59c43/is_world         0.0000
agnews#47c59c43/is_world:brier   0.3709
agnews#47c59c43/is_world:ece     0.6090
agnews#47c59c43/topic            0.0000
agnews#47c59c43/topic:ece        0.3553
agnews#4c405cc7/topic            1.0000
agnews#4c405cc7/topic:ece        0.5350
agnews#4e415d1f/topic            0.0000
agnews#4e415d1f/topic:ece        0.2831
agnews#5012156f/is_business      0.0000
agnews#5012156f/is_business:brier 0.5159
agnews#5012156f/is_business:ece  0.7183
agnews#5012156f/is_world         1.0000
agnews#5012156f/is_world:brier   0.0682
agnews#5012156f/is_world:ece     0.2611
agnews#5012156f/topic            0.0000
agnews#5012156f/topic:ece        0.5730
agnews#536693dd/is_scitech       1.0000
agnews#536693dd/is_scitech:brier 0.0618
agnews#536693dd/is_scitech:ece   0.2485
agnews#536693dd/is_sports        1.0000
agnews#536693dd/is_sports:brier  0.0573
agnews#536693dd/is_sports:ece    0.2393
agnews#536693dd/topic            1.0000
agnews#536693dd/topic:ece        0.3479
agnews#5390b534/is_scitech       1.0000
agnews#5390b534/is_scitech:brier 0.0344
agnews#5390b534/is_scitech:ece   0.1855
agnews#5390b534/is_sports        1.0000
agnews#5390b534/is_sports:brier  0.0387
agnews#5390b534/is_sports:ece    0.1967
agnews#5390b534/topic            1.0000
agnews#5390b534/topic:ece        0.2435
agnews#5449951c/is_sports        1.0000
agnews#5449951c/is_sports:brier  0.0671
agnews#5449951c/is_sports:ece    0.2591
agnews#5449951c/is_world         0.0000
agnews#5449951c/is_world:brier   0.5547
agnews#5449951c/is_world:ece     0.7448
agnews#5449951c/topic            1.0000
agnews#5449951c/topic:ece        0.3774
agnews#5603f77c/is_business      1.0000
agnews#5603f77c/is_business:brier 0.0502
agnews#5603f77c/is_business:ece  0.2239
agnews#5603f77c/is_world         1.0000
agnews#5603f77c/is_world:brier   0.0427
agnews#5603f77c/is_world:ece     0.2066
agnews#5603f77c/topic            1.0000
agnews#5603f77c/topic:ece        0.4633
agnews#56fa5d0c/topic            0.0000
agnews#56fa5d0c/topic:ece        0.4673
agnews#5a0720c4/is_business      0.0000
agnews#5a0720c4/is_business:brier 0.5009
agnews#5a0720c4/is_business:ece  0.7077
agnews#5a0720c4/is_scitech       1.0000
agnews#5a0720c4/is_scitech:brier 0.0913
agnews#5a0720c4/is_scitech:ece   0.3021
agnews#5a0720c4/topic            1.0000
agnews#5a0720c4/topic:ece        0.3471
agnews#5f74ff28/is_scitech       1.0000
agnews#5f74ff28/is_scitech:brier 0.0472
agnews#5f74ff28/is_scitech:ece   0.2173
agnews#5f74ff28/is_world         1.0000
agnews#5f74ff28/is_world:brier   0.0359
agnews#5f74ff28/is_world:ece     0.1895
agnews#5f74ff28/topic            0.0000
agnews#5f74ff28/topic:ece        0.4444
agnews#624ff648/is_sports        0.5000
agnews#624ff648/is_sports:brier  0.2941
agnews#624ff648/is_sports:ece    0.2137
agnews#624ff648/is_world         1.0000
agnews#624ff648/is_world:brier   0.0697
agnews#624ff648/is_world:ece     0.2640
agnews#624ff648/topic            0.5000
agnews#624ff648/topic:ece        0.1186
agnews#67032b9f/is_scitech       1.0000
agnews#67032b9f/is_scitech:brier 0.0452
agnews#67032b9f/is_scitech:ece   0.2125
agnews#67032b9f/is_world         1.0000
agnews#67032b9f/is_world:brier   0.0420
agnews#67032b9f/is_world:ece     0.2049
agnews#67032b9f/topic            0.0000
agnews#67032b9f/topic:ece        0.4411
agnews#67eb80df/topic            1.0000
agnews#67eb80df/topic:ece        0.5881
agnews#6b269087/is_scitech       1.0000
agnews#6b269087/is_scitech:brier 0.0296
agnews#6b269087/is_scitech:ece   0.1719
agnews#6b269087/is_sports        1.0000
agnews#6b269087/is_sports:brier  0.0275
agnews#6b269087/is_sports:ece    0.1657
agnews#6b269087/topic            0.0000
agnews#6b269087/topic:ece        0.5347
agnews#6c9e586d/topic            0.0000
agnews#6c9e586d/topic:ece        0.4276
agnews#7265edf1/is_business      0.5000
agnews#7265edf1/is_business:brier 0.1746
agnews#7265edf1/is_business:ece  0.1848
agnews#7265edf1/is_sports        1.0000
agnews#7265edf1/is_sports:brier  0.1097
agnews#7265edf1/is_sports:ece    0.3120
agnews#7265edf1/topic            0.5000
agnews#7265edf1/topic:ece        0.0239
agnews#73989e45/is_sports        0.0000
agnews#73989e45/is_sports:brier  0.5888
agnews#73989e45/is_sports:ece    0.7674
agnews#73989e45/is_world         1.0000
agnews#73989e45/is_world:brier   0.0478
agnews#73989e45/is_world:ece     0.2187
agnews#73989e45/topic            1.0000
agnews#73989e45/topic:ece        0.3880
agnews#73d29a73/is_business      1.0000
agnews#73d29a73/is_business:brier 0.0544
agnews#73d29a73/is_business:ece  0.2332
agnews#73d29a73/is_sports        1.0000
agnews#73d29a73/is_sports:brier  0.0552
agnews#73d29a73/is_sports:ece    0.2349
agnews#73d29a73/topic            1.0000
agnews#73d29a73/topic:ece        0.3901
agnews#73e24eee/is_business      1.0000
agnews#73e24eee/is_business:brier 0.1394
agnews#73e24eee/is_business:ece  0.3734
agnews#73e24eee/is_scitech       1.0000
agnews#73e24eee/is_scitech:brier 0.1363
agnews#73e24eee/is_scitech:ece   0.3692
agnews#73e24eee/topic            1.0000
agnews#73e24eee/topic:ece        0.6250
agnews#7a096b19/topic            1.0000
agnews#7a096b19/topic:ece        0.5649
agnews#7baf7e07/is_scitech       1.0000
agnews#7baf7e07/is_scitech:brier 0.1285
agnews#7baf7e07/is_scitech:ece   0.3584
agnews#7baf7e07/is_world         0.0000
agnews#7baf7e07/is_world:brier   0.4218
agnews#7baf7e07/is_world:ece     0.6495
agnews#7baf7e07/topic            0.0000
agnews#7baf7e07/topic:ece        0.4216
agnews#806ce1bd/topic            0.0000
agnews#806ce1bd/topic:ece        0.7065
agnews#81561c26/is_scitech       0.0000
agnews#81561c26/is_scitech:brier 0.5466
agnews#81561c26/is_scitech:ece   0.7394
agnews#81561c26/is_sports        1.0000
agnews#81561c26/is_sports:brier  0.0711
agnews#81561c26/is_sports:ece    0.2666
agnews#81561c26/topic            0.0000
agnews#81561c26/topic:ece        0.4181
agnews#88ff6664/is_scitech       0.0000
agnews#88ff6664/is_scitech:brier 0.4744
agnews#88ff6664/is_scitech:ece   0.6888
agnews#88ff6664/is_sports        1.0000
agnews#88ff6664/is_sports:brier  0.1831
agnews#88ff6664/is_sports:ece    0.4279
agnews#88ff6664/topic            1.0000
agnews#88ff6664/topic:ece        0.5640
agnews#8eab5c58/is_business      1.0000
agnews#8eab5c58/is_business:brier 0.0353
agnews#8eab5c58/is_business:ece  0.1878
agnews#8eab5c58/is_scitech       1.0000
agnews#8eab5c58/is_scitech:brier 0.0433
agnews#8eab5c58/is_scitech:ece   0.2080
agnews#8eab5c58/topic            0.0000
agnews#8eab5c58/topic:ece        0.6151
agnews#90ea72a0/topic            0.0000
agnews#90ea72a0/topic:ece        0.5079
agnews#921e810f/topic            1.0000
agnews#921e810f/topic:ece        0.6213
agnews#92b6317d/is_business      1.0000
agnews#92b6317d/is_business:brier 0.0985
agnews#92b6317d/is_business:ece  0.3138
agnews#92b6317d/is_scitech       0.0000
agnews#92b6317d/is_scitech:brier 0.4665
agnews#92b6317d/is_scitech:ece   0.6830
agnews#92b6317d/topic            0.0000
agnews#92b6317d/topic:ece        0.3557
agnews#93c8cf04/is_business      1.0000
agnews#93c8cf04/is_business:brier 0.0998
agnews#93c8cf04/is_business:ece  0.3159
agnews#93c8cf04/is_sports        1.0000
agnews#93c8cf04/is_sports:brier  0.0991
agnews#93c8cf04/is_sports:ece    0.3148
agnews#93c8cf04/topic            1.0000
agnews#93c8cf04/topic:ece        0.5202
agnews#94602c75/is_business      0.0000
agnews#94602c75/is_business:brier 0.5159
agnews#94602c75/is_business:ece  0.7183
agnews#94602c75/is_world         1.0000
agnews#94602c75/is_world:brier   0.0682
agnews#94602c75/is_world:ece     0.2611
agnews#94602c75/topic            0.0000
agnews#94602c75/topic:ece        0.5208
agnews#946925c6/is_sports        1.0000
agnews#946925c6/is_sports:brier  0.0818
agnews#946925c6/is_sports:ece    0.2861
agnews#946925c6/is_world         0.0000
agnews#946925c6/is_world:brier   0.5177
agnews#946925c6/is_world:ece     0.7195
agnews#946925c6/topic            1.0000
agnews#946925c6/topic:ece        0.5485
agnews#99e0dc86/is_business      1.0000
agnews#99e0dc86/is_business:brier 0.1039
agnews#99e0dc86/is_business:ece  0.3224
agnews#99e0dc86/is_sports        1.0000
agnews#99e0dc86/is_sports:brier  0.1049
agnews#99e0dc86/is_sports:ece    0.3239
agnews#99e0dc86/topic            1.0000
agnews#99e0dc86/topic:ece        0.4332
agnews#9a195682/is_business      1.0000
agnews#9a195682/is_business:brier 0.0917
agnews#9a195682/is_business:ece  0.3028
agnews#9a195682/is_world         1.0000
agnews#9a195682/is_world:brier   0.1092
agnews#9a195682/is_world:ece     0.3304
agnews#9a195682/topic            0.0000
agnews#9a195682/topic:ece        0.3259
agnews#9b9ee98c/is_scitech       1.0000
agnews#9b9ee98c/is_scitech:brier 0.1226
agnews#9b9ee98c/is_scitech:ece   0.3502
agnews#9b9ee98c/is_world         1.0000
agnews#9b9ee98c/is_world:brier   0.1066
agnews#9b9ee98c/is_world:ece     0.3265
agnews#9b9ee98c/topic            0.0000
agnews#9b9ee98c/topic:ece        0.2933
agnews#9bfe9e2b/is_business      1.0000
agnews#9bfe9e2b/is_business:brier 0.0692
agnews#9bfe9e2b/is_business:ece  0.2631
agnews#9bfe9e2b/is_world         1.0000
agnews#9bfe9e2b/is_world:brier   0.0627
agnews#9bfe9e2b/is_world:ece     0.2504
agnews#9bfe9e2b/topic            1.0000
agnews#9bfe9e2b/topic:ece        0.5836
agnews#9cb1b91b/is_business      0.0000
agnews#9cb1b91b/is_business:brier 0.4688
agnews#9cb1b91b/is_business:ece  0.6847
agnews#9cb1b91b/is_sports        1.0000
agnews#9cb1b91b/is_sports:brier  0.0904
agnews#9cb1b91b/is_sports:ece    0.3006
agnews#9cb1b91b/topic            0.0000
agnews#9cb1b91b/topic:ece        0.4520
agnews#a1ee81c0/is_scitech       1.0000
agnews#a1ee81c0/is_scitech:brier 0.0839
agnews#a1ee81c0/is_scitech:ece   0.2897
agnews#a1ee81c0/is_world         1.0000
agnews#a1ee81c0/is_world:brier   0.0700
agnews#a1ee81c0/is_world:ece     0.2647
agnews#a1ee81c0/topic            0.0000
agnews#a1ee81c0/topic:ece        0.7132
agnews#a46164b2/is_scitech       1.0000
agnews#a46164b2/is_scitech:brier 0.0284
agnews#a46164b2/is_scitech:ece   0.1686
agnews#a46164b2/is_sports        1.0000
agnews#a46164b2/is_sports:brier  0.0262
agnews#a46164b2/is_sports:ece    0.1619
agnews#a46164b2/topic            0.0000
agnews#a46164b2/topic:ece        0.3644
agnews#a7f9dae7/topic            0.0000
agnews#a7f9dae7/topic:ece        0.4624
agnews#ac3c18dc/is_scitech       1.0000
agnews#ac3c18dc/is_scitech:brier 0.0758
agnews#ac3c18dc/is_scitech:ece   0.2753
agnews#ac3c18dc/is_sports        1.0000
agnews#ac3c18dc/is_sports:brier  0.0719
agnews#ac3c18dc/is_sports:ece    0.2682
agnews#ac3c18dc/topic            0.0000
agnews#ac3c18dc/topic:ece        0.4360
agnews#acd02807/is_scitech       1.0000
agnews#acd02807/is_scitech:brier 0.0711
agnews#acd02807/is_scitech:ece   0.2667
agnews#acd02807/is_sports        1.0000
agnews#acd02807/is_sports:brier  0.0717
agnews#acd02807/is_sports:ece    0.2677
agnews#acd02807/topic            1.0000
agnews#acd02807/topic:ece        0.5342
agnews#b7048fc3/is_business      1.0000
agnews#b7048fc3/is_business:brier 0.0647
agnews#b7048fc3/is_business:ece  0.2543
agnews#b7048fc3/is_scitech       1.0000
agnews#b7048fc3/is_scitech:brier 0.0823
agnews#b7048fc3/is_scitech:ece   0.2869
agnews#b7048fc3/topic            1.0000
agnews#b7048fc3/topic:ece        0.5952
agnews#bac407f2/topic            0.0000
agnews#bac407f2/topic:ece        0.5838
agnews#bdcd5e67/is_business      1.0000
agnews#bdcd5e67/is_business:brier 0.0353
agnews#bdcd5e67/is_business:ece  0.1878
agnews#bdcd5e67/is_scitech       1.0000
agnews#bdcd5e67/is_scitech:brier 0.0433
agnews#bdcd5e67/is_scitech:ece   0.2080
agnews#bdcd5e67/topic            0.0000
agnews#bdcd5e67/topic:ece        0.5882
agnews#be533bc6/is_business      1.0000
agnews#be533bc6/is_business:brier 0.0440
agnews#be533bc6/is_business:ece  0.2098
agnews#be533bc6/is_sports        1.0000
agnews#be533bc6/is_sports:brier  0.0431
agnews#be533bc6/is_sports:ece    0.2075
agnews#be533bc6/topic            0.0000
agnews#be533bc6/topic:ece        0.6576
agnews#be9902a6/is_scitech       1.0000
agnews#be9902a6/is_scitech:brier 0.0403
agnews#be9902a6/is_scitech:ece   0.2009
agnews#be9902a6/is_sports        1.0000
agnews#be9902a6/is_sports:brier  0.0287
agnews#be9902a6/is_sports:ece    0.1695
agnews#be9902a6/topic            0.0000
agnews#be9902a6/topic:ece        0.8141
agnews#beeab617/is_sports        0.0000
agnews#beeab617/is_sports:brier  0.5888
agnews#beeab617/is_sports:ece    0.7674
agnews#beeab617/is_world         1.0000
agnews#beeab617/is_world:brier   0.0478
agnews#beeab617/is_world:ece     0.2187
agnews#beeab617/topic            1.0000
agnews#beeab617/topic:ece        0.3697
agnews#c18ecfd4/is_business      1.0000
agnews#c18ecfd4/is_business:brier 0.0493
agnews#c18ecfd4/is_business:ece  0.2221
agnews#c18ecfd4/is_scitech       1.0000
agnews#c18ecfd4/is_scitech:brier 0.0562
agnews#c18ecfd4/is_scitech:ece   0.2371
agnews#c18ecfd4/topic            1.0000
agnews#c18ecfd4/topic:ece        0.4204
agnews#c3044452/is_sports        0.0000
agnews#c3044452/is_sports:brier  0.6425
agnews#c3044452/is_sports:ece    0.8016
agnews#c3044452/is_world         1.0000
agnews#c3044452/is_world:brier   0.0330
agnews#c3044452/is_world:ece     0.1818
agnews#c3044452/topic            1.0000
agnews#c3044452/topic:ece        0.4976
agnews#c8562e45/is_sports        1.0000
agnews#c8562e45/is_sports:brier  0.0818
agnews#c8562e45/is_sports:ece    0.2861
agnews#c8562e45/is_world         0.0000
agnews#c8562e45/is_world:brier   0.5177
agnews#c8562e45/is_world:ece     0.7195
agnews#c8562e45/topic            1.0000
agnews#c8562e45/topic:ece        0.5142
agnews#c8903e5a/is_scitech       1.0000
agnews#c8903e5a/is_scitech:brier 0.0452
agnews#c8903e5a/is_scitech:ece   0.2125
agnews#c8903e5a/is_world         1.0000
agnews#c8903e5a/is_world:brier   0.0420
agnews#c8903e5a/is_world:ece     0.2049
agnews#c8903e5a/topic            0.0000
agnews#c8903e5a/topic:ece        0.4809
agnews#c937dfad/topic            1.0000
agnews#c937dfad/topic:ece        0.6670
agnews#cad4f208/is_business      1.0000
agnews#cad4f208/is_business:brier 0.0787
agnews#cad4f208/is_business:ece  0.2805
agnews#cad4f208/is_sports        1.0000
agnews#cad4f208/is_sports:brier  0.0816
agnews#cad4f208/is_sports:ece    0.2857
agnews#cad4f208/topic            0.0000
agnews#cad4f208/topic:ece        0.4164
agnews#ce70d07a/is_scitech       1.0000
agnews#ce70d07a/is_scitech:brier 0.0344
agnews#ce70d07a/is_scitech:ece   0.1855
agnews#ce70d07a/is_sports        1.0000
agnews#ce70d07a/is_sports:brier  0.0387
agnews#ce70d07a/is_sports:ece    0.1967
agnews#ce70d07a/topic            1.0000
agnews#ce70d07a/topic:ece        0.3159
agnews#d14c7f8f/topic            0.0000
agnews#d14c7f8f/topic:ece        0.3588
agnews#d77faf0e/is_scitech       0.0000
agnews#d77faf0e/is_scitech:brier 0.4940
agnews#d77faf0e/is_scitech:ece   0.7028
agnews#d77faf0e/is_world         1.0000
agnews#d77faf0e/is_world:brier   0.0739
agnews#d77faf0e/is_world:ece     0.2718
agnews#d77faf0e/topic            1.0000
agnews#d77faf0e/topic:ece        0.3539
agnews#d890857a/is_business      0.0000
agnews#d890857a/is_business:brier 0.6738
agnews#d890857a/is_business:ece  0.8209
agnews#d890857a/is_scitech       1.0000
agnews#d890857a/is_scitech:brier 0.0325
agnews#d890857a/is_scitech:ece   0.1802
agnews#d890857a/topic            1.0000
agnews#d890857a/topic:ece        0.5093
agnews#db2cb2ea/is_business      1.0000
agnews#db2cb2ea/is_business:brier 0.0518
agnews#db2cb2ea/is_business:ece  0.2277
agnews#db2cb2ea/is_scitech       0.0000
agnews#db2cb2ea/is_scitech:brier 0.6118
agnews#db2cb2ea/is_scitech:ece   0.7821
agnews#db2cb2ea/topic            0.0000
agnews#db2cb2ea/topic:ece        0.4647
agnews#db8eeff0/is_business      1.0000
agnews#db8eeff0/is_business:brier 0.1113
agnews#db8eeff0/is_business:ece  0.3335
agnews#db8eeff0/is_sports        1.0000
agnews#db8eeff0/is_sports:brier  0.1079
agnews#db8eeff0/is_sports:ece    0.3285
agnews#db8eeff0/topic            0.0000
agnews#db8eeff0/topic:ece        0.3504
agnews#dc2415f6/topic            0.0000
agnews#dc2415f6/topic:ece        0.4742
agnews#e78b565a/topic            0.0000
agnews#e78b565a/topic:ece        0.4444
agnews#e808c625/is_business      1.0000
agnews#e808c625/is_business:brier 0.1079
agnews#e808c625/is_business:ece  0.3285
agnews#e808c625/is_world         1.0000
agnews#e808c625/is_world:brier   0.0947
agnews#e808c625/is_world:ece     0.3077
agnews#e808c625/topic            1.0000
agnews#e808c625/topic:ece        0.4400
agnews#f33602d4/is_sports        1.0000
agnews#f33602d4/is_sports:brier  0.0602
agnews#f33602d4/is_sports:ece    0.2453
agnews#f33602d4/is_world         1.0000
agnews#f33602d4/is_world:brier   0.0579
agnews#f33602d4/is_world:ece     0.2406
agnews#f33602d4/topic            1.0000
agnews#f33602d4/topic:ece        0.5504
agnews#f442f0d8/is_scitech       0.0000
agnews#f442f0d8/is_scitech:brier 0.5024
agnews#f442f0d8/is_scitech:ece   0.7088
agnews#f442f0d8/is_sports        1.0000
agnews#f442f0d8/is_sports:brier  0.0860
agnews#f442f0d8/is_sports:ece    0.2933
agnews#f442f0d8/topic            0.0000
agnews#f442f0d8/topic:ece        0.6251
agnews#fbffc97b/is_business      0.0000
agnews#fbffc97b/is_business:brier 0.4491
agnews#fbffc97b/is_business:ece  0.6702
agnews#fbffc97b/is_world         1.0000
agnews#fbffc97b/is_world:brier   0.0929
agnews#fbffc97b/is_world:ece     0.3049
agnews#fbffc97b/topic            1.0000
agnews#fbffc97b/topic:ece        0.4350
agnews#fdbcea81/is_sports        1.0000
agnews#fdbcea81/is_sports:brier  0.1336
agnews#fdbcea81/is_sports:ece    0.3632
agnews#fdbcea81/is_world         1.0000
agnews#fdbcea81/is_world:brier   0.1246
agnews#fdbcea81/is_world:ece     0.3508
agnews#fdbcea81/topic            0.5000
agnews#fdbcea81/topic:ece        0.1061
agnews#fe8c9911/topic            0.0000
agnews#fe8c9911/topic:ece        0.7117
amazon#f0181fef/stars            0.3750
amazon#f0181fef/stars:ece        0.0166
banking77#0030899d/intent        0.0000
banking77#0030899d/intent:ece    0.0222
banking77#008db419/intent        0.0000
banking77#008db419/intent:ece    0.0192
banking77#0408f611/intent        0.0000
banking77#0408f611/intent:ece    0.0169
banking77#05ae7866/intent        0.0000
banking77#05ae7866/intent:ece    0.0169
banking77#0dfa94b9/intent        0.0000
banking77#0dfa94b9/intent:ece    0.0211
banking77#0f1b8392/intent        0.0000
banking77#0f1b8392/intent:ece    0.0179
banking77#0f4e7713/intent        0.0000
banking77#0f4e7713/intent:ece    0.0191
banking77#0f827c24/intent        0.0000
banking77#0f827c24/intent:ece    0.0213
banking77#1202032f/intent        0.0000
banking77#1202032f/intent:ece    0.0199
banking77#139509a6/intent        0.0000
banking77#139509a6/intent:ece    0.0196
banking77#17b3de11/intent        0.0000
banking77#17b3de11/intent:ece    0.0214
banking77#1b6f4b2d/intent        0.0000
banking77#1b6f4b2d/intent:ece    0.0250
banking77#1deead88/intent        0.0000
banking77#1deead88/intent:ece    0.0196
banking77#1f47e8f8/intent        0.0000
banking77#1f47e8f8/intent:ece    0.0193
banking77#1f9127d9/intent        0.0000
banking77#1f9127d9/intent:ece    0.0217
banking77#204a6797/intent        0.0000
banking77#204a6797/intent:ece    0.0173
banking77#2066c7e1/intent        0.0000
banking77#2066c7e1/intent:ece    0.0215
banking77#237d59bc/intent        0.0000
banking77#237d59bc/intent:ece    0.0246
banking77#24bc284f/intent        1.0000
banking77#24bc284f/intent:ece    0.9780
banking77#2cdd3973/intent        0.0000
banking77#2cdd3973/intent:ece    0.0202
banking77#30c48d76/intent        0.0000
banking77#30c48d76/intent:ece    0.0224
banking77#319c6698/intent        0.0000
banking77#319c6698/intent:ece    0.0199
banking77#3606ded6/intent        0.0000
banking77#3606ded6/intent:ece    0.0285
banking77#36896c50/intent        0.0000
banking77#36896c50/intent:ece    0.0201
banking77#36e0311f/intent        0.0000
banking77#36e0311f/intent:ece    0.0201
banking77#3bb5e7ba/intent        0.0000
banking77#3bb5e7ba/intent:ece    0.0205
banking77#3f6d60bf/intent        0.0000
banking77#3f6d60bf/intent:ece    0.0199
banking77#419af110/intent        0.0000
banking77#419af110/intent:ece    0.0184
banking77#4263e274/intent        1.0000
banking77#4263e274/intent:ece    0.9838
banking77#436a15d3/intent        0.0000
banking77#436a15d3/intent:ece    0.0178
banking77#4653dca7/intent        0.0000
banking77#4653dca7/intent:ece    0.0182
banking77#4882b82b/intent        0.0000
banking77#4882b82b/intent:ece    0.0183
banking77#4c60bbc0/intent        0.0000
banking77#4c60bbc0/intent:ece    0.0223
banking77#4e1732ff/intent        0.0000
banking77#4e1732ff/intent:ece    0.0225
banking77#516ad34b/intent        0.0000
banking77#516ad34b/intent:ece    0.0192
banking77#51f5303d/intent        0.0000
banking77#51f5303d/intent:ece    0.0175
banking77#52677129/intent        0.0000
banking77#52677129/intent:ece    0.0231
banking77#53874ada/intent        0.0000
banking77#53874ada/intent:ece    0.0200
banking77#55e67b19/intent        0.0000
banking77#55e67b19/intent:ece    0.0186
banking77#57173cf8/intent        0.0000
banking77#57173cf8/intent:ece    0.0223
banking77#5724651e/intent        0.0000
banking77#5724651e/intent:ece    0.0238
banking77#5c88a54f/intent        0.0000
banking77#5c88a54f/intent:ece    0.0214
banking77#63ae4845/intent        0.0000
banking77#63ae4845/intent:ece    0.0213
banking77#683f6354/intent        0.0000
banking77#683f6354/intent:ece    0.0224
banking77#6c105e86/intent        0.0000
banking77#6c105e86/intent:ece    0.0197
banking77#6d310557/intent        0.0000
banking77#6d310557/intent:ece    0.0220
banking77#6f21057f/intent        0.0000
banking77#6f21057f/intent:ece    0.0198
banking77#70292a4e/intent        0.0000
banking77#70292a4e/intent:ece    0.0201
banking77#71a620c3/intent        0.0000
banking77#71a620c3/intent:ece    0.0238
banking77#721d459f/intent        0.0000
banking77#721d459f/intent:ece    0.0205
banking77#73f371cd/intent        0.0000
banking77#73f371cd/intent:ece    0.0250
banking77#76191aea/intent        0.0000
banking77#76191aea/intent:ece    0.0223
banking77#7643f09d/intent        0.0000
banking77#7643f09d/intent:ece    0.0177
banking77#766ff999/intent        0.0000
banking77#766ff999/intent:ece    0.0188
banking77#7a3715e7/intent        0.0000
banking77#7a3715e7/intent:ece    0.0209
banking77#7c073457/intent        0.0000
banking77#7c073457/intent:ece    0.0206
banking77#7e6f30f3/intent        0.0000
banking77#7e6f30f3/intent:ece    0.0191
banking77#81348c80/intent        0.0000
banking77#81348c80/intent:ece    0.0226
banking77#83eaa89b/intent        0.0000
banking77#83eaa89b/intent:ece    0.0216
banking77#8439b351/intent        0.0000
banking77#8439b351/intent:ece    0.0358
banking77#866a0b0f/intent        0.0000
banking77#866a0b0f/intent:ece    0.0187
banking77#87736e39/intent        0.0000
banking77#87736e39/intent:ece    0.0176
banking77#8ac41824/intent        0.0000
banking77#8ac41824/intent:ece    0.0228
banking77#8ac50d1f/intent        0.0000
banking77#8ac50d1f/intent:ece    0.0217
banking77#8b62f4cb/intent        0.0000
banking77#8b62f4cb/intent:ece    0.0182
banking77#8cf60dcc/intent        0.0000
banking77#8cf60dcc/intent:ece    0.0200
banking77#8f2de7e7/intent        0.0000
banking77#8f2de7e7/intent:ece    0.0165
banking77#9013836e/intent        0.0000
banking77#9013836e/intent:ece    0.0171
banking77#91d8abf8/intent        0.0000
banking77#91d8abf8/intent:ece    0.0196
banking77#982b8536/intent        0.0000
banking77#982b8536/intent:ece    0.0205
banking77#9949857a/intent        0.0000
banking77#9949857a/intent:ece    0.0254
banking77#99b33866/intent        0.0000
banking77#99b33866/intent:ece    0.0204
banking77#99bfb9c8/intent        0.0000
banking77#99bfb9c8/intent:ece    0.0210
banking77#9a15def9/intent        0.0000
banking77#9a15def9/intent:ece    0.0224
banking77#9bdef398/intent        0.0000
banking77#9bdef398/intent:ece    0.0202
banking77#9c8fe442/intent        0.0000
banking77#9c8fe442/intent:ece    0.0198
banking77#9d3fad97/intent        0.0000
banking77#9d3fad97/intent:ece    0.0205
banking77#9f20a73a/intent        0.0000
banking77#9f20a73a/intent:ece    0.0171
banking77#9ff5a41a/intent        0.0000
banking77#9ff5a41a/intent:ece    0.0218
banking77#a2711965/intent        0.0000
banking77#a2711965/intent:ece    0.0179
banking77#a623522c/intent        0.0000
banking77#a623522c/intent:ece    0.0199
banking77#abc7932c/intent        0.0000
banking77#abc7932c/intent:ece    0.0167
banking77#ad2e4a42/intent        0.0000
banking77#ad2e4a42/intent:ece    0.0196
banking77#af5b1652/intent        0.0000
banking77#af5b1652/intent:ece    0.0173
banking77#b2aa8697/intent        0.0000
banking77#b2aa8697/intent:ece    0.0169
banking77#b4e654d1/intent        0.0000
banking77#b4e654d1/intent:ece    0.0182
banking77#b6e4d687/intent        0.0000
banking77#b6e4d687/intent:ece    0.0214
banking77#ba7bd332/intent        0.0000
banking77#ba7bd332/intent:ece    0.0162
banking77#bc83b188/intent        0.0000
banking77#bc83b188/intent:ece    0.0215
banking77#be0f3ad3/intent        0.0000
banking77#be0f3ad3/intent:ece    0.0165
banking77#be83650b/intent        0.0000
banking77#be83650b/intent:ece    0.0199
banking77#bf9f4c54/intent        0.0000
banking77#bf9f4c54/intent:ece    0.0211
banking77#c054c858/intent        1.0000
banking77#c054c858/intent:ece    0.9803
banking77#c4464c8d/intent        0.0000
banking77#c4464c8d/intent:ece    0.0183
banking77#cb0e454b/intent        0.0000
banking77#cb0e454b/intent:ece    0.0173
banking77#d513113e/intent        0.0000
banking77#d513113e/intent:ece    0.0195
banking77#d662127c/intent        0.0000
banking77#d662127c/intent:ece    0.0178
banking77#d79e56ae/intent        0.0000
banking77#d79e56ae/intent:ece    0.0184
banking77#da1a0c57/intent        0.0000
banking77#da1a0c57/intent:ece    0.0173
banking77#da6ea4f2/intent        0.0000
banking77#da6ea4f2/intent:ece    0.0183
banking77#dad4e9ce/intent        0.0000
banking77#dad4e9ce/intent:ece    0.0204
banking77#dbb070fa/intent        0.0000
banking77#dbb070fa/intent:ece    0.0191
banking77#dc4f17c1/intent        0.0000
banking77#dc4f17c1/intent:ece    0.0184
banking77#df8ea226/intent        0.0000
banking77#df8ea226/intent:ece    0.0192
banking77#dfb2ceb7/intent        0.0000
banking77#dfb2ceb7/intent:ece    0.0192
banking77#dfb61426/intent        0.0000
banking77#dfb61426/intent:ece    0.0253
banking77#e8b7ad9f/intent        0.0000
banking77#e8b7ad9f/intent:ece    0.0205
banking77#ea0decda/intent        0.0000
banking77#ea0decda/intent:ece    0.0210
banking77#ebe84220/intent        0.0000
banking77#ebe84220/intent:ece    0.0217
banking77#ef3b4c29/intent        0.0000
banking77#ef3b4c29/intent:ece    0.0173
banking77#efc91803/intent        0.0000
banking77#efc91803/intent:ece    0.0189
banking77#f34bad9e/intent        0.0000
banking77#f34bad9e/intent:ece    0.0220
banking77#f9e31b28/intent        0.0000
banking77#f9e31b28/intent:ece    0.0202
banking77#f9f812c9/intent        0.0000
banking77#f9f812c9/intent:ece    0.0201
banking77#fa9c7b08/intent        0.0000
banking77#fa9c7b08/intent:ece    0.0214
banking77#fbfa0c95/intent        0.0000
banking77#fbfa0c95/intent:ece    0.0178
boolq#00d55ea1/answer            1.0000
boolq#00d55ea1/answer:brier      0.1763
boolq#00d55ea1/answer:ece        0.4199
boolq#018e66e5/answer            1.0000
boolq#018e66e5/answer:brier      0.0990
boolq#018e66e5/answer:ece        0.3146
boolq#03877994/answer            0.0000
boolq#03877994/answer:brier      0.6553
boolq#03877994/answer:ece        0.8095
boolq#05faff23/answer            1.0000
boolq#05faff23/answer:brier      0.0014
boolq#05faff23/answer:ece        0.0374
boolq#0934a49b/answer            0.0000
boolq#0934a49b/answer:brier      0.9426
boolq#0934a49b/answer:ece        0.9709
boolq#0a0bbc1b/answer            0.0000
boolq#0a0bbc1b/answer:brier      0.8085
boolq#0a0bbc1b/answer:ece        0.8992
boolq#0ebd58ba/answer            1.0000
boolq#0ebd58ba/answer:brier      0.0463
boolq#0ebd58ba/answer:ece        0.2152
boolq#0f4bdd51/answer            1.0000
boolq#0f4bdd51/answer:brier      0.1361
boolq#0f4bdd51/answer:ece        0.3689
boolq#115b85b0/answer            1.0000
boolq#115b85b0/answer:brier      0.0194
boolq#115b85b0/answer:ece        0.1392
boolq#1343dc74/answer            1.0000
boolq#1343dc74/answer:brier      0.0204
boolq#1343dc74/answer:ece        0.1429
boolq#18ce2044/answer            1.0000
boolq#18ce2044/answer:brier      0.1789
boolq#18ce2044/answer:ece        0.4230
boolq#1e836be0/answer            0.0000
boolq#1e836be0/answer:brier      0.2965
boolq#1e836be0/answer:ece        0.5445
boolq#21a995fa/answer            1.0000
boolq#21a995fa/answer:brier      0.1592
boolq#21a995fa/answer:ece        0.3990
boolq#22a77611/answer            0.0000
boolq#22a77611/answer:brier      0.6276
boolq#22a77611/answer:ece        0.7922
boolq#22c6724b/answer            1.0000
boolq#22c6724b/answer:brier      0.0217
boolq#22c6724b/answer:ece        0.1472
boolq#2a294a00/answer            1.0000
boolq#2a294a00/answer:brier      0.1584
boolq#2a294a00/answer:ece        0.3980
boolq#30f4b87a/answer            0.0000
boolq#30f4b87a/answer:brier      0.7241
boolq#30f4b87a/answer:ece        0.8509
boolq#3b81ba63/answer            0.0000
boolq#3b81ba63/answer:brier      0.5777
boolq#3b81ba63/answer:ece        0.7601
boolq#3d8d18d0/answer            0.0000
boolq#3d8d18d0/answer:brier      0.4252
boolq#3d8d18d0/answer:ece        0.6521
boolq#3eeb7a8b/answer            1.0000
boolq#3eeb7a8b/answer:brier      0.1822
boolq#3eeb7a8b/answer:ece        0.4269
boolq#47e432ec/answer            0.0000
boolq#47e432ec/answer:brier      0.4673
boolq#47e432ec/answer:ece        0.6836
boolq#4937f9ff/answer            1.0000
boolq#4937f9ff/answer:brier      0.0766
boolq#4937f9ff/answer:ece        0.2768
boolq#49a8dd92/answer            1.0000
boolq#49a8dd92/answer:brier      0.2286
boolq#49a8dd92/answer:ece        0.4781
boolq#4a2bf04d/answer            1.0000
boolq#4a2bf04d/answer:brier      0.0000
boolq#4a2bf04d/answer:ece        0.0031
boolq#535bad5f/answer            0.0000
boolq#535bad5f/answer:brier      0.5248
boolq#535bad5f/answer:ece        0.7244
boolq#55432011/answer            0.0000
boolq#55432011/answer:brier      0.7767
boolq#55432011/answer:ece        0.8813
boolq#56895bb2/answer            0.0000
boolq#56895bb2/answer:brier      0.2504
boolq#56895bb2/answer:ece        0.5004
boolq#58465e53/answer            1.0000
boolq#58465e53/answer:brier      0.0184
boolq#58465e53/answer:ece        0.1356
boolq#5a26ef8e/answer            1.0000
boolq#5a26ef8e/answer:brier      0.1601
boolq#5a26ef8e/answer:ece        0.4002
boolq#5a50b162/answer            0.0000
boolq#5a50b162/answer:brier      0.8780
boolq#5a50b162/answer:ece        0.9370
boolq#5b305eb3/answer            0.0000
boolq#5b305eb3/answer:brier      0.3881
boolq#5b305eb3/answer:ece        0.6230
boolq#5baa1255/answer            1.0000
boolq#5baa1255/answer:brier      0.0213
boolq#5baa1255/answer:ece        0.1461
boolq#5d50034b/answer            1.0000
boolq#5d50034b/answer:brier      0.1309
boolq#5d50034b/answer:ece        0.3618
boolq#5e64dc71/answer            1.0000
boolq#5e64dc71/answer:brier      0.0442
boolq#5e64dc71/answer:ece        0.2101
boolq#65309635/answer            0.0000
boolq#65309635/answer:brier      0.3981
boolq#65309635/answer:ece        0.6309
boolq#7203a905/answer            1.0000
boolq#7203a905/answer:brier      0.0720
boolq#7203a905/answer:ece        0.2684
boolq#74424c3c/answer            0.0000
boolq#74424c3c/answer:brier      0.5239
boolq#74424c3c/answer:ece        0.7238
boolq#74a50a48/answer            0.0000
boolq#74a50a48/answer:brier      0.4667
boolq#74a50a48/answer:ece        0.6831
boolq#78d2a6b9/answer            1.0000
boolq#78d2a6b9/answer:brier      0.0305
boolq#78d2a6b9/answer:ece        0.1746
boolq#809d0976/answer            0.0000
boolq#809d0976/answer:brier      0.5251
boolq#809d0976/answer:ece        0.7246
boolq#83c2a69a/answer            1.0000
boolq#83c2a69a/answer:brier      0.1872
boolq#83c2a69a/answer:ece        0.4327
boolq#85dddf85/answer            0.0000
boolq#85dddf85/answer:brier      0.4595
boolq#85dddf85/answer:ece        0.6779
boolq#8a54fb08/answer            1.0000
boolq#8a54fb08/answer:brier      0.0295
boolq#8a54fb08/answer:ece        0.1716
boolq#8c41ce7f/answer            0.0000
boolq#8c41ce7f/answer:brier      0.3955
boolq#8c41ce7f/answer:ece        0.6288
boolq#8ce6b560/answer            1.0000
boolq#8ce6b560/answer:brier      0.2455
boolq#8ce6b560/answer:ece        0.4955
boolq#92e0dcae/answer            1.0000
boolq#92e0dcae/answer:brier      0.0312
boolq#92e0dcae/answer:ece        0.1767
boolq#98f37974/answer            0.0000
boolq#98f37974/answer:brier      0.4003
boolq#98f37974/answer:ece        0.6327
boolq#a50db81c/answer            0.0000
boolq#a50db81c/answer:brier      0.5564
boolq#a50db81c/answer:ece        0.7459
boolq#a76df849/answer            0.0000
boolq#a76df849/answer:brier      0.4573
boolq#a76df849/answer:ece        0.6762
boolq#a773bc12/answer            1.0000
boolq#a773bc12/answer:brier      0.0231
boolq#a773bc12/answer:ece        0.1520
boolq#abc5c0ba/answer            0.0000
boolq#abc5c0ba/answer:brier      0.3653
boolq#abc5c0ba/answer:ece        0.6044
boolq#ae3327d9/answer            1.0000
boolq#ae3327d9/answer:brier      0.0103
boolq#ae3327d9/answer:ece        0.1013
boolq#b2d85591/answer            0.0000
boolq#b2d85591/answer:brier      0.7174
boolq#b2d85591/answer:ece        0.8470
boolq#b39525d9/answer            0.0000
boolq#b39525d9/answer:brier      0.9479
boolq#b39525d9/answer:ece        0.9736
boolq#bc3ba948/answer            0.0000
boolq#bc3ba948/answer:brier      0.3718
boolq#bc3ba948/answer:ece        0.6097
boolq#bca198f8/answer            0.0000
boolq#bca198f8/answer:brier      0.2607
boolq#bca198f8/answer:ece        0.5106
boolq#bd0f68d5/answer            0.0000
boolq#bd0f68d5/answer:brier      0.4747
boolq#bd0f68d5/answer:ece        0.6890
boolq#be03ca9b/answer            0.0000
boolq#be03ca9b/answer:brier      0.4952
boolq#be03ca9b/answer:ece        0.7037
boolq#bfcd9fe1/answer            1.0000
boolq#bfcd9fe1/answer:brier      0.2369
boolq#bfcd9fe1/answer:ece        0.4867
boolq#c2972f82/answer            0.0000
boolq#c2972f82/answer:brier      0.6739
boolq#c2972f82/answer:ece        0.8209
boolq#c5f1d021/answer            0.0000
boolq#c5f1d021/answer:brier      0.5956
boolq#c5f1d021/answer:ece        0.7718
boolq#c737699b/answer            1.0000
boolq#c737699b/answer:brier      0.0623
boolq#c737699b/answer:ece        0.2495
boolq#cda54817/answer            0.0000
boolq#cda54817/answer:brier      0.7761
boolq#cda54817/answer:ece        0.8809
boolq#ced779be/answer            0.0000
boolq#ced779be/answer:brier      0.6418
boolq#ced779be/answer:ece        0.8011
boolq#d5ef22e5/answer            0.0000
boolq#d5ef22e5/answer:brier      0.3492
boolq#d5ef22e5/answer:ece        0.5910
boolq#e41320a8/answer            1.0000
boolq#e41320a8/answer:brier      0.0332
boolq#e41320a8/answer:ece        0.1822
boolq#e5ef74e7/answer            1.0000
boolq#e5ef74e7/answer:brier      0.0104
boolq#e5ef74e7/answer:ece        0.1018
boolq#e6d656e9/answer            0.0000
boolq#e6d656e9/answer:brier      0.6197
boolq#e6d656e9/answer:ece        0.7872
boolq#ea017113/answer            1.0000
boolq#ea017113/answer:brier      0.1189
boolq#ea017113/answer:ece        0.3448
boolq#eb03bb35/answer            1.0000
boolq#eb03bb35/answer:brier      0.0552
boolq#eb03bb35/answer:ece        0.2349
boolq#ef432715/answer            0.0000
boolq#ef432715/answer:brier      0.3592
boolq#ef432715/answer:ece        0.5993
boolq#f1cf33bc/answer            1.0000
boolq#f1cf33bc/answer:brier      0.0168
boolq#f1cf33bc/answer:ece        0.1295
boolq#f58004d7/answer            1.0000
boolq#f58004d7/answer:brier      0.0173
boolq#f58004d7/answer:ece        0.1317
boolq#f7937c4b/answer            0.0000
boolq#f7937c4b/answer:brier      0.6865
boolq#f7937c4b/answer:ece        0.8286
boolq#f867a6ea/answer            0.0000
boolq#f867a6ea/answer:brier      0.3776
boolq#f867a6ea/answer:ece        0.6145
boolq#f8e9ead8/answer            1.0000
boolq#f8e9ead8/answer:brier      0.0646
boolq#f8e9ead8/answer:ece        0.2543
boolq#f9781ea7/answer            0.0000
boolq#f9781ea7/answer:brier      0.3083
boolq#f9781ea7/answer:ece        0.5553
boolq#fb4adadd/answer            1.0000
boolq#fb4adadd/answer:brier      0.0938
boolq#fb4adadd/answer:ece        0.3063
boolq#fc86ea21/answer            0.0000
boolq#fc86ea21/answer:brier      0.5186
boolq#fc86ea21/answer:ece        0.7202
boolq#ffbcffee/answer            0.0000
boolq#ffbcffee/answer:brier      0.3725
boolq#ffbcffee/answer:ece        0.6103
contrastive#0acf14a6/decision    1.0000
contrastive#0acf14a6/decision:ece 0.4538
contrastive#13f5d2df/decision    0.0000
contrastive#13f5d2df/decision:ece 0.9588
contrastive#17016bfa/decision    1.0000
contrastive#17016bfa/decision:ece 0.4997
contrastive#427f4f76/decision    0.0000
contrastive#427f4f76/decision:ece 0.9191
contrastive#43be2646/decision    1.0000
contrastive#43be2646/decision:ece 0.4888
contrastive#47b9d154/decision    0.0000
contrastive#47b9d154/decision:ece 0.9645
contrastive#4bf36406/decision    1.0000
contrastive#4bf36406/decision:ece 0.4958
contrastive#4fc008be/decision    0.0000
contrastive#4fc008be/decision:ece 0.9704
contrastive#5027ab28/decision    0.0000
contrastive#5027ab28/decision:ece 0.9456
contrastive#58eb02cd/decision    1.0000
contrastive#58eb02cd/decision:ece 0.4893
contrastive#5cbe51fa/decision    1.0000
contrastive#5cbe51fa/decision:ece 0.5028
contrastive#5d7b23a6/decision    0.0000
contrastive#5d7b23a6/decision:ece 0.4948
contrastive#7515fc21/decision    0.3333
contrastive#7515fc21/decision:ece 0.1745
contrastive#91477361/decision    1.0000
contrastive#91477361/decision:ece 0.4964
contrastive#a40890cc/decision    0.5366
contrastive#a40890cc/decision:ece 0.0324
contrastive#ae558619/decision    0.0000
contrastive#ae558619/decision:ece 0.5137
contrastive#b6fe76ef/decision    0.0000
contrastive#b6fe76ef/decision:ece 0.9399
contrastive#b81fb4d6/decision    0.0000
contrastive#b81fb4d6/decision:ece 0.9562
contrastive#bf106c75/decision    0.5000
contrastive#bf106c75/decision:ece 0.0157
contrastive#d8b21ca9/decision    0.5500
contrastive#d8b21ca9/decision:brier 0.2463
contrastive#d8b21ca9/decision:ece 0.0355
contrastive#dd2530a8/decision    0.5000
contrastive#dd2530a8/decision:ece 0.0142
contrastive#dfe18e65/decision    1.0000
contrastive#dfe18e65/decision:ece 0.4723
contrastive#ee347cff/decision    0.0000
contrastive#ee347cff/decision:ece 0.5060
contrastive#f64d6e70/decision    0.5000
contrastive#f64d6e70/decision:ece 0.0004
contrastive#f959b3a9/decision    0.0000
contrastive#f959b3a9/decision:ece 0.9164
contrastive#fbeb1993/decision    0.5500
contrastive#fbeb1993/decision:brier 0.2465
contrastive#fbeb1993/decision:ece 0.0105
contrastive#ff24ddab/decision    1.0000
contrastive#ff24ddab/decision:ece 0.5061
dbpedia14#036f9f16/category      0.0000
dbpedia14#036f9f16/category:ece  0.7968
dbpedia14#17002816/category      0.0000
dbpedia14#17002816/category:ece  0.9417
dbpedia14#19a86d1f/category      0.0000
dbpedia14#19a86d1f/category:ece  0.3794
dbpedia14#19e1ead0/category      0.0000
dbpedia14#19e1ead0/category:ece  0.3541
dbpedia14#28835e4a/category      1.0000
dbpedia14#28835e4a/category:ece  0.3819
dbpedia14#289a7ea8/category      0.0000
dbpedia14#289a7ea8/category:ece  0.9500
dbpedia14#28b39607/category      1.0000
dbpedia14#28b39607/category:ece  0.5437
dbpedia14#480f6ba3/category      1.0000
dbpedia14#480f6ba3/category:ece  0.5657
dbpedia14#4883df51/category      0.0000
dbpedia14#4883df51/category:ece  0.6052
dbpedia14#5490b2af/category      1.0000
dbpedia14#5490b2af/category:ece  0.5433
dbpedia14#5ced3615/category      1.0000
dbpedia14#5ced3615/category:ece  0.5417
dbpedia14#608d1949/category      1.0000
dbpedia14#608d1949/category:ece  0.1067
dbpedia14#60d1fc93/category      0.0000
dbpedia14#60d1fc93/category:ece  0.9637
dbpedia14#6f0ae8a1/category      0.0000
dbpedia14#6f0ae8a1/category:ece  0.4299
dbpedia14#70c7971c/category      0.0000
dbpedia14#70c7971c/category:ece  0.3508
dbpedia14#71c192d7/category      0.0000
dbpedia14#71c192d7/category:ece  0.4823
dbpedia14#7d75e6db/category      1.0000
dbpedia14#7d75e6db/category:ece  0.2762
dbpedia14#8e657e8a/category      1.0000
dbpedia14#8e657e8a/category:ece  0.0700
dbpedia14#91cbb9ee/category      1.0000
dbpedia14#91cbb9ee/category:ece  0.0592
dbpedia14#932982fb/category      0.0000
dbpedia14#932982fb/category:ece  0.4643
dbpedia14#93f82e2b/category      0.7000
dbpedia14#93f82e2b/category:ece  0.0197
dbpedia14#9c6d2fae/category      1.0000
dbpedia14#9c6d2fae/category:ece  0.3656
dbpedia14#ab6bda37/category      0.0000
dbpedia14#ab6bda37/category:ece  0.4871
dbpedia14#b5f27802/category      1.0000
dbpedia14#b5f27802/category:ece  0.1085
dbpedia14#bb258d72/category      1.0000
dbpedia14#bb258d72/category:ece  0.0796
dbpedia14#bf10489d/category      0.0000
dbpedia14#bf10489d/category:ece  0.4551
dbpedia14#bf2b2066/category      0.0000
dbpedia14#bf2b2066/category:ece  0.5747
dbpedia14#c0d70538/category      1.0000
dbpedia14#c0d70538/category:ece  0.1706
dbpedia14#c468cc37/category      1.0000
dbpedia14#c468cc37/category:ece  0.4017
dbpedia14#c78ec0a5/category      1.0000
dbpedia14#c78ec0a5/category:ece  0.2967
dbpedia14#cbf52dc1/category      1.0000
dbpedia14#cbf52dc1/category:ece  0.3210
dbpedia14#cf32ed1d/category      1.0000
dbpedia14#cf32ed1d/category:ece  0.0433
dbpedia14#d3b52e04/category      1.0000
dbpedia14#d3b52e04/category:ece  0.0945
dbpedia14#dd128584/category      1.0000
dbpedia14#dd128584/category:ece  0.1044
dbpedia14#ebc0c54b/category      0.0000
dbpedia14#ebc0c54b/category:ece  0.6823
dbpedia14#f450b829/category      0.0000
dbpedia14#f450b829/category:ece  0.2066
dbpedia14#f6d7c4e9/category      0.0000
dbpedia14#f6d7c4e9/category:ece  0.4396
imdb#457dae02/positive           0.6750
imdb#457dae02/positive:brier     0.2272
imdb#457dae02/positive:ece       0.0840
mnli#00d35919/relation           0.0000
mnli#00d35919/relation:ece       0.4224
mnli#00d5afb3/relation           0.0000
mnli#00d5afb3/relation:ece       0.3860
mnli#01a1b96b/relation           1.0000
mnli#01a1b96b/relation:ece       0.6285
mnli#02bd2dcd/relation           1.0000
mnli#02bd2dcd/relation:ece       0.6637
mnli#0459957d/relation           1.0000
mnli#0459957d/relation:ece       0.5389
mnli#06816551/relation           0.0000
mnli#06816551/relation:ece       0.4313
mnli#084deed8/relation           0.0000
mnli#084deed8/relation:ece       0.3722
mnli#0b770d98/relation           0.0000
mnli#0b770d98/relation:ece       0.3895
mnli#0c337c2c/relation           0.0000
mnli#0c337c2c/relation:ece       0.3809
mnli#1565f4d5/relation           1.0000
mnli#1565f4d5/relation:ece       0.6464
mnli#18a15071/relation           0.0000
mnli#18a15071/relation:ece       0.3454
mnli#1999a0ea/relation           0.0000
mnli#1999a0ea/relation:ece       0.4726
mnli#1a90348b/relation           0.0000
mnli#1a90348b/relation:ece       0.3685
mnli#20ec31a7/relation           1.0000
mnli#20ec31a7/relation:ece       0.6476
mnli#21cc0c43/relation           1.0000
mnli#21cc0c43/relation:ece       0.6273
mnli#24c2016e/relation           0.0000
mnli#24c2016e/relation:ece       0.3518
mnli#26150d9b/relation           0.0000
mnli#26150d9b/relation:ece       0.3483
mnli#26b58898/relation           1.0000
mnli#26b58898/relation:ece       0.6497
mnli#26db7e1f/relation           0.0000
mnli#26db7e1f/relation:ece       0.4102
mnli#30046b1f/relation           0.0000
mnli#30046b1f/relation:ece       0.3988
mnli#3455f10b/relation           0.0000
mnli#3455f10b/relation:ece       0.3302
mnli#371f68d8/relation           0.0000
mnli#371f68d8/relation:ece       0.3917
mnli#37e7f9e0/relation           0.0000
mnli#37e7f9e0/relation:ece       0.3572
mnli#3f2a72b0/relation           0.0000
mnli#3f2a72b0/relation:ece       0.3526
mnli#3f7b3dbf/relation           0.0000
mnli#3f7b3dbf/relation:ece       0.4068
mnli#40f8ef32/relation           0.0000
mnli#40f8ef32/relation:ece       0.3998
mnli#421e3dc4/relation           0.0000
mnli#421e3dc4/relation:ece       0.4217
mnli#429e1af1/relation           0.0000
mnli#429e1af1/relation:ece       0.3527
mnli#43644bad/relation           0.0000
mnli#43644bad/relation:ece       0.3933
mnli#44d905f5/relation           0.0000
mnli#44d905f5/relation:ece       0.3772
mnli#455873bb/relation           0.0000
mnli#455873bb/relation:ece       0.3660
mnli#4b7c3e9a/relation           1.0000
mnli#4b7c3e9a/relation:ece       0.6434
mnli#4e36c181/relation           0.0000
mnli#4e36c181/relation:ece       0.3698
mnli#4fb06c82/relation           0.0000
mnli#4fb06c82/relation:ece       0.4213
mnli#52e0a780/relation           1.0000
mnli#52e0a780/relation:ece       0.6233
mnli#5732221d/relation           0.0000
mnli#5732221d/relation:ece       0.4443
mnli#58182aa0/relation           1.0000
mnli#58182aa0/relation:ece       0.6482
mnli#5a98ce9d/relation           1.0000
mnli#5a98ce9d/relation:ece       0.5276
mnli#5b0a5c58/relation           1.0000
mnli#5b0a5c58/relation:ece       0.6462
mnli#5b0b5850/relation           1.0000
mnli#5b0b5850/relation:ece       0.5607
mnli#5bf94280/relation           1.0000
mnli#5bf94280/relation:ece       0.6394
mnli#5dcf0f51/relation           0.0000
mnli#5dcf0f51/relation:ece       0.3542
mnli#634b68c6/relation           0.0000
mnli#634b68c6/relation:ece       0.3639
mnli#63d74237/relation           0.0000
mnli#63d74237/relation:ece       0.3846
mnli#67992009/relation           1.0000
mnli#67992009/relation:ece       0.6535
mnli#6872f6a8/relation           0.0000
mnli#6872f6a8/relation:ece       0.4424
mnli#6b1b2e65/relation           0.0000
mnli#6b1b2e65/relation:ece       0.5384
mnli#6db4a98d/relation           0.0000
mnli#6db4a98d/relation:ece       0.4892
mnli#6fb0e330/relation           0.0000
mnli#6fb0e330/relation:ece       0.3590
mnli#7170a565/relation           1.0000
mnli#7170a565/relation:ece       0.5545
mnli#71f5906b/relation           0.0000
mnli#71f5906b/relation:ece       0.3932
mnli#771af2be/relation           0.0000
mnli#771af2be/relation:ece       0.2793
mnli#7ac03cb2/relation           1.0000
mnli#7ac03cb2/relation:ece       0.6486
mnli#7c9214a0/relation           0.0000
mnli#7c9214a0/relation:ece       0.3631
mnli#7fcdc59a/relation           0.0000
mnli#7fcdc59a/relation:ece       0.4463
mnli#82a8c0d4/relation           0.0000
mnli#82a8c0d4/relation:ece       0.3951
mnli#84245787/relation           0.0000
mnli#84245787/relation:ece       0.3824
mnli#897280cd/relation           1.0000
mnli#897280cd/relation:ece       0.5686
mnli#89ad17bc/relation           1.0000
mnli#89ad17bc/relation:ece       0.6489
mnli#8c0c660d/relation           0.0000
mnli#8c0c660d/relation:ece       0.5665
mnli#8dd33dfc/relation           0.0000
mnli#8dd33dfc/relation:ece       0.3787
mnli#918d1f86/relation           1.0000
mnli#918d1f86/relation:ece       0.5871
mnli#958b8788/relation           0.0000
mnli#958b8788/relation:ece       0.3683
mnli#9ab2ef23/relation           0.0000
mnli#9ab2ef23/relation:ece       0.3456
mnli#9e986785/relation           1.0000
mnli#9e986785/relation:ece       0.7268
mnli#a102d265/relation           0.0000
mnli#a102d265/relation:ece       0.3667
mnli#a145ccb6/relation           1.0000
mnli#a145ccb6/relation:ece       0.6000
mnli#a15c49af/relation           1.0000
mnli#a15c49af/relation:ece       0.6848
mnli#a20078c2/relation           0.0000
mnli#a20078c2/relation:ece       0.3988
mnli#a2896476/relation           0.0000
mnli#a2896476/relation:ece       0.3755
mnli#a577cb43/relation           0.0000
mnli#a577cb43/relation:ece       0.4116
mnli#a60e5471/relation           0.0000
mnli#a60e5471/relation:ece       0.3618
mnli#a7f25af9/relation           0.0000
mnli#a7f25af9/relation:ece       0.4163
mnli#aba2abc3/relation           1.0000
mnli#aba2abc3/relation:ece       0.5225
mnli#abd8e3d5/relation           1.0000
mnli#abd8e3d5/relation:ece       0.6341
mnli#adfbd36d/relation           0.0000
mnli#adfbd36d/relation:ece       0.3640
mnli#aeed051f/relation           0.0000
mnli#aeed051f/relation:ece       0.3555
mnli#af4bae46/relation           0.0000
mnli#af4bae46/relation:ece       0.4157
mnli#b3e71a79/relation           0.0000
mnli#b3e71a79/relation:ece       0.4515
mnli#b5c76954/relation           0.0000
mnli#b5c76954/relation:ece       0.3627
mnli#b627ba10/relation           0.0000
mnli#b627ba10/relation:ece       0.3800
mnli#b76a15ac/relation           0.0000
mnli#b76a15ac/relation:ece       0.3905
mnli#bab2e6bf/relation           0.0000
mnli#bab2e6bf/relation:ece       0.5093
mnli#bdfa5f5f/relation           0.0000
mnli#bdfa5f5f/relation:ece       0.3793
mnli#be72238b/relation           0.0000
mnli#be72238b/relation:ece       0.3618
mnli#bf5e3a53/relation           0.0000
mnli#bf5e3a53/relation:ece       0.3126
mnli#c1c7b9d6/relation           0.0000
mnli#c1c7b9d6/relation:ece       0.5128
mnli#c3f6a3f8/relation           0.0000
mnli#c3f6a3f8/relation:ece       0.4624
mnli#c54a4b51/relation           0.0000
mnli#c54a4b51/relation:ece       0.3565
mnli#c9bdc1e2/relation           0.0000
mnli#c9bdc1e2/relation:ece       0.3624
mnli#cd46df76/relation           0.0000
mnli#cd46df76/relation:ece       0.4584
mnli#d0088215/relation           0.0000
mnli#d0088215/relation:ece       0.4083
mnli#d21838a8/relation           0.0000
mnli#d21838a8/relation:ece       0.3972
mnli#d390c67b/relation           0.0000
mnli#d390c67b/relation:ece       0.3579
mnli#d4ceb2af/relation           0.0000
mnli#d4ceb2af/relation:ece       0.4310
mnli#d6b852ae/relation           1.0000
mnli#d6b852ae/relation:ece       0.6414
mnli#dc274b98/relation           0.0000
mnli#dc274b98/relation:ece       0.3889
mnli#e0aeff68/relation           0.0000
mnli#e0aeff68/relation:ece       0.3873
mnli#ea765930/relation           0.0000
mnli#ea765930/relation:ece       0.3412
mnli#eadbd99c/relation           0.0000
mnli#eadbd99c/relation:ece       0.3851
mnli#eb6fe23f/relation           0.0000
mnli#eb6fe23f/relation:ece       0.4920
mnli#ed1460d1/relation           0.0000
mnli#ed1460d1/relation:ece       0.3839
mnli#ef14582f/relation           0.0000
mnli#ef14582f/relation:ece       0.3971
mnli#f0ef79eb/relation           0.0000
mnli#f0ef79eb/relation:ece       0.3837
mnli#f1975a8c/relation           0.0000
mnli#f1975a8c/relation:ece       0.4081
mnli#f27d3029/relation           0.0000
mnli#f27d3029/relation:ece       0.3056
mnli#f3e416cf/relation           1.0000
mnli#f3e416cf/relation:ece       0.5528
mnli#f6d42771/relation           1.0000
mnli#f6d42771/relation:ece       0.6468
mnli#fbc4d87c/relation           1.0000
mnli#fbc4d87c/relation:ece       0.7177
mnli#fed85166/relation           0.0000
mnli#fed85166/relation:ece       0.5298
mnli#ff4840f3/relation           1.0000
mnli#ff4840f3/relation:ece       0.5967
mnli#ff843727/relation           1.0000
mnli#ff843727/relation:ece       0.6400
sst5#16640a13/sentiment          0.6667
sst5#16640a13/sentiment:ece      0.3586
sst5#ad14f5a1/sentiment          0.4000
sst5#ad14f5a1/sentiment:ece      0.0186
sst5#aeaad687/sentiment          0.4429
sst5#aeaad687/sentiment:ece      0.1139
sst5#dd4ece86/sentiment          0.5000
sst5#dd4ece86/sentiment:ece      0.1531
trec#0e640ac4/answer_type        0.0000
trec#0e640ac4/answer_type:ece    0.2938
trec#10c79e92/answer_type        0.0000
trec#10c79e92/answer_type:ece    0.2616
trec#121700c4/answer_type        0.0000
trec#121700c4/answer_type:ece    0.2975
trec#140e215b/answer_type        0.0000
trec#140e215b/answer_type:ece    0.2976
trec#16124def/answer_type        0.0000
trec#16124def/answer_type:ece    0.2708
trec#352125e7/answer_type        0.0000
trec#352125e7/answer_type:ece    0.2355
trec#3e00ed5b/answer_type        0.0000
trec#3e00ed5b/answer_type:ece    0.2220
trec#410336bf/answer_type        0.0000
trec#410336bf/answer_type:ece    0.2111
trec#48cd7df9/answer_type        0.0000
trec#48cd7df9/answer_type:ece    0.2417
trec#5dc8f7b4/answer_type        0.0000
trec#5dc8f7b4/answer_type:ece    0.2202
trec#5f16173a/answer_type        1.0000
trec#5f16173a/answer_type:ece    0.7624
trec#68f7ad90/answer_type        0.3250
trec#68f7ad90/answer_type:ece    0.0672
trec#69458d00/answer_type        0.0000
trec#69458d00/answer_type:ece    0.2220
trec#831dbd1c/answer_type        0.0000
trec#831dbd1c/answer_type:ece    0.3031
trec#861abd9d/answer_type        0.0000
trec#861abd9d/answer_type:ece    0.1967
trec#8673b811/answer_type        1.0000
trec#8673b811/answer_type:ece    0.5346
trec#9a1d6c10/answer_type        0.0000
trec#9a1d6c10/answer_type:ece    0.2611
trec#9a5e2fa7/answer_type        0.0000
trec#9a5e2fa7/answer_type:ece    0.3191
trec#9ecbd630/answer_type        0.0000
trec#9ecbd630/answer_type:ece    0.1819
trec#ad3cee14/answer_type        0.0000
trec#ad3cee14/answer_type:ece    0.2372
trec#adc098dc/answer_type        0.0000
trec#adc098dc/answer_type:ece    0.2597
trec#ae1086cc/answer_type        0.0000
trec#ae1086cc/answer_type:ece    0.2597
trec#b28c171f/answer_type        0.0000
trec#b28c171f/answer_type:ece    0.2888
trec#b2f72d20/answer_type        0.0000
trec#b2f72d20/answer_type:ece    0.3240
trec#b43f8ece/answer_type        1.0000
trec#b43f8ece/answer_type:ece    0.7557
trec#bd7e8ff9/answer_type        1.0000
trec#bd7e8ff9/answer_type:ece    0.7801
trec#c6cd5034/answer_type        0.0000
trec#c6cd5034/answer_type:ece    0.2571
trec#cb4d51f0/answer_type        0.0000
trec#cb4d51f0/answer_type:ece    0.2688
trec#cfab4ba7/answer_type        0.0000
trec#cfab4ba7/answer_type:ece    0.2668
trec#de2ffce9/answer_type        0.0000
trec#de2ffce9/answer_type:ece    0.2911
trec#e1c8b431/answer_type        1.0000
trec#e1c8b431/answer_type:ece    0.7417
trec#e99f5f25/answer_type        0.0000
trec#e99f5f25/answer_type:ece    0.2346
trec#f239f3f2/answer_type        0.0000
trec#f239f3f2/answer_type:ece    0.3706
trec#f3224657/answer_type        0.0000
trec#f3224657/answer_type:ece    0.2341
trec#f6d35d03/answer_type        0.0000
trec#f6d35d03/answer_type:ece    0.2332
trec#f8991c0b/answer_type        0.0000
trec#f8991c0b/answer_type:ece    0.2622
trec#f9c2795f/answer_type        1.0000
trec#f9c2795f/answer_type:ece    0.7865
yelp#072f2812/rating             0.4366
yelp#072f2812/rating:ece         0.0168
yelp#072f2812/recommend          0.7324
yelp#072f2812/recommend:brier    0.1653
yelp#072f2812/recommend:ece      0.0444
yelp#86092e6d/rating             0.0000
yelp#86092e6d/rating:ece         0.3148
yelp#86092e6d/recommend          0.0000
yelp#86092e6d/recommend:brier    0.5143
yelp#86092e6d/recommend:ece      0.7099
yelp#bdb69480/rating             0.7500
yelp#bdb69480/rating:ece         0.3691
yelp#bdb69480/recommend          1.0000
yelp#bdb69480/recommend:brier    0.0906
yelp#bdb69480/recommend:ece      0.2244
yelp#f36e769b/rating             0.5000
yelp#f36e769b/rating:ece         0.1675
yelp#f36e769b/recommend          1.0000
yelp#f36e769b/recommend:brier    0.1690
yelp#f36e769b/recommend:ece      0.4097
=== test ===
agnews#01fa9dc5/is_scitech       1.0000
agnews#01fa9dc5/is_scitech:brier 0.0799
agnews#01fa9dc5/is_scitech:ece   0.2827
agnews#01fa9dc5/is_world         0.0000
agnews#01fa9dc5/is_world:brier   0.5399
agnews#01fa9dc5/is_world:ece     0.7348
agnews#01fa9dc5/topic            0.0000
agnews#01fa9dc5/topic:ece        0.3510
agnews#0609f71e/is_business      0.5000
agnews#0609f71e/is_business:brier 0.2238
agnews#0609f71e/is_business:ece  0.1560
agnews#0609f71e/is_scitech       0.0000
agnews#0609f71e/is_scitech:brier 0.4117
agnews#0609f71e/is_scitech:ece   0.6390
agnews#0609f71e/topic            1.0000
agnews#0609f71e/topic:ece        0.5903
agnews#075efaa5/is_scitech       1.0000
agnews#075efaa5/is_scitech:brier 0.0699
agnews#075efaa5/is_scitech:ece   0.2645
agnews#075efaa5/is_sports        1.0000
agnews#075efaa5/is_sports:brier  0.0705
agnews#075efaa5/is_sports:ece    0.2655
agnews#075efaa5/topic            1.0000
agnews#075efaa5/topic:ece        0.3603
agnews#08b8eab8/topic            1.0000
agnews#08b8eab8/topic:ece        0.5321
agnews#09f87e78/is_scitech       0.0000
agnews#09f87e78/is_scitech:brier 0.6051
agnews#09f87e78/is_scitech:ece   0.7779
agnews#09f87e78/is_sports        1.0000
agnews#09f87e78/is_sports:brier  0.0574
agnews#09f87e78/is_sports:ece    0.2395
agnews#09f87e78/topic            0.0000
agnews#09f87e78/topic:ece        0.4553
agnews#0dac348d/is_business      1.0000
agnews#0dac348d/is_business:brier 0.0673
agnews#0dac348d/is_business:ece  0.2594
agnews#0dac348d/is_sports        1.0000
agnews#0dac348d/is_sports:brier  0.0740
agnews#0dac348d/is_sports:ece    0.2720
agnews#0dac348d/topic            1.0000
agnews#0dac348d/topic:ece        0.2811
agnews#0f5c2a4c/is_business      1.0000
agnews#0f5c2a4c/is_business:brier 0.0715
agnews#0f5c2a4c/is_business:ece  0.2673
agnews#0f5c2a4c/is_scitech       1.0000
agnews#0f5c2a4c/is_scitech:brier 0.0701
agnews#0f5c2a4c/is_scitech:ece   0.2648
agnews#0f5c2a4c/topic            1.0000
agnews#0f5c2a4c/topic:ece        0.4285
agnews#13c6d562/is_sports        1.0000
agnews#13c6d562/is_sports:brier  0.0652
agnews#13c6d562/is_sports:ece    0.2554
agnews#13c6d562/is_world         1.0000
agnews#13c6d562/is_world:brier   0.0705
agnews#13c6d562/is_world:ece     0.2655
agnews#13c6d562/topic            1.0000
agnews#13c6d562/topic:ece        0.1706
agnews#16ffeb9d/is_business      1.0000
agnews#16ffeb9d/is_business:brier 0.0788
agnews#16ffeb9d/is_business:ece  0.2806
agnews#16ffeb9d/is_scitech       1.0000
agnews#16ffeb9d/is_scitech:brier 0.0873
agnews#16ffeb9d/is_scitech:ece   0.2955
agnews#16ffeb9d/topic            0.0000
agnews#16ffeb9d/topic:ece        0.3858
agnews#1774461d/is_sports        1.0000
agnews#1774461d/is_sports:brier  0.0965
agnews#1774461d/is_sports:ece    0.3106
agnews#1774461d/is_world         0.0000
agnews#1774461d/is_world:brier   0.4757
agnews#1774461d/is_world:ece     0.6897
agnews#1774461d/topic            1.0000
agnews#1774461d/topic:ece        0.4360
agnews#1a188752/is_business      1.0000
agnews#1a188752/is_business:brier 0.0411
agnews#1a188752/is_business:ece  0.2026
agnews#1a188752/is_world         1.0000
agnews#1a188752/is_world:brier   0.0403
agnews#1a188752/is_world:ece     0.2007
agnews#1a188752/topic            0.0000
agnews#1a188752/topic:ece        0.3062
agnews#1f095fad/is_scitech       0.0000
agnews#1f095fad/is_scitech:brier 0.5943
agnews#1f095fad/is_scitech:ece   0.7709
agnews#1f095fad/is_sports        1.0000
agnews#1f095fad/is_sports:brier  0.0471
agnews#1f095fad/is_sports:ece    0.2171
agnews#1f095fad/topic            1.0000
agnews#1f095fad/topic:ece        0.5150
agnews#1f894074/topic            0.0000
agnews#1f894074/topic:ece        0.5079
agnews#21779857/is_scitech       1.0000
agnews#21779857/is_scitech:brier 0.0621
agnews#21779857/is_scitech:ece   0.2491
agnews#21779857/is_sports        1.0000
agnews#21779857/is_sports:brier  0.0457
agnews#21779857/is_sports:ece    0.2137
agnews#21779857/topic            0.0000
agnews#21779857/topic:ece        0.6416
agnews#21ea3728/is_business      1.0000
agnews#21ea3728/is_business:brier 0.0685
agnews#21ea3728/is_business:ece  0.2290
agnews#21ea3728/is_world         1.0000
agnews#21ea3728/is_world:brier   0.0588
agnews#21ea3728/is_world:ece     0.2135
agnews#21ea3728/topic            0.5000
agnews#21ea3728/topic:ece        0.0409
agnews#277f401d/is_business      0.0000
agnews#277f401d/is_business:brier 0.4742
agnews#277f401d/is_business:ece  0.6886
agnews#277f401d/is_world         1.0000
agnews#277f401d/is_world:brier   0.0882
agnews#277f401d/is_world:ece     0.2971
agnews#277f401d/topic            0.0000
agnews#277f401d/topic:ece        0.6909
agnews#2aae2eb9/is_business      1.0000
agnews#2aae2eb9/is_business:brier 0.0858
agnews#2aae2eb9/is_business:ece  0.2930
agnews#2aae2eb9/is_sports        0.0000
agnews#2aae2eb9/is_sports:brier  0.4954
agnews#2aae2eb9/is_sports:ece    0.7039
agnews#2aae2eb9/topic            0.0000
agnews#2aae2eb9/topic:ece        0.4638
agnews#2bd69912/is_scitech       0.0000
agnews#2bd69912/is_scitech:brier 0.5327
agnews#2bd69912/is_scitech:ece   0.7299
agnews#2bd69912/is_world         1.0000
agnews#2bd69912/is_world:brier   0.0661
agnews#2bd69912/is_world:ece     0.2572
agnews#2bd69912/topic            0.0000
agnews#2bd69912/topic:ece        0.4965
agnews#2c484a66/is_business      0.0000
agnews#2c484a66/is_business:brier 0.3562
agnews#2c484a66/is_business:ece  0.5968
agnews#2c484a66/is_scitech       0.0000
agnews#2c484a66/is_scitech:brier 0.3854
agnews#2c484a66/is_scitech:ece   0.6208
agnews#2c484a66/topic            1.0000
agnews#2c484a66/topic:ece        0.6175
agnews#2c7340ad/topic            0.0000
agnews#2c7340ad/topic:ece        0.4752
agnews#2ed19a07/is_business      1.0000
agnews#2ed19a07/is_business:brier 0.0325
agnews#2ed19a07/is_business:ece  0.1803
agnews#2ed19a07/is_sports        0.0000
agnews#2ed19a07/is_sports:brier  0.6733
agnews#2ed19a07/is_sports:ece    0.8205
agnews#2ed19a07/topic            1.0000
agnews#2ed19a07/topic:ece        0.4933
agnews#317000f4/topic            0.0000
agnews#317000f4/topic:ece        0.3729
agnews#373f775f/is_business      0.0000
agnews#373f775f/is_business:brier 0.5927
agnews#373f775f/is_business:ece  0.7699
agnews#373f775f/is_world         1.0000
agnews#373f775f/is_world:brier   0.0454
agnews#373f775f/is_world:ece     0.2130
agnews#373f775f/topic            1.0000
agnews#373f775f/topic:ece        0.3093
agnews#3a8e783a/is_business      1.0000
agnews#3a8e783a/is_business:brier 0.0530
agnews#3a8e783a/is_business:ece  0.2303
agnews#3a8e783a/is_scitech       0.0000
agnews#3a8e783a/is_scitech:brier 0.5750
agnews#3a8e783a/is_scitech:ece   0.7583
agnews#3a8e783a/topic            1.0000
agnews#3a8e783a/topic:ece        0.2881
agnews#41109d51/is_business      1.0000
agnews#41109d51/is_business:brier 0.0788
agnews#41109d51/is_business:ece  0.2806
agnews#41109d51/is_scitech       1.0000
agnews#41109d51/is_scitech:brier 0.0873
agnews#41109d51/is_scitech:ece   0.2955
agnews#41109d51/topic            1.0000
agnews#41109d51/topic:ece        0.6555
agnews#44693467/is_scitech       1.0000
agnews#44693467/is_scitech:brier 0.0730
agnews#44693467/is_scitech:ece   0.2702
agnews#44693467/is_sports        1.0000
agnews#44693467/is_sports:brier  0.0929
agnews#44693467/is_sports:ece    0.3048
agnews#44693467/topic            0.0000
agnews#44693467/topic:ece        0.6115
agnews#4bc55827/is_scitech       1.0000
agnews#4bc55827/is_scitech:brier 0.0507
agnews#4bc55827/is_scitech:ece   0.2253
agnews#4bc55827/is_sports        1.0000
agnews#4bc55827/is_sports:brier  0.0424
agnews#4bc55827/is_sports:ece    0.2058
agnews#4bc55827/topic            1.0000
agnews#4bc55827/topic:ece        0.2996
agnews#51019895/is_sports        1.0000
agnews#51019895/is_sports:brier  0.0286
agnews#51019895/is_sports:ece    0.1690
agnews#51019895/is_world         1.0000
agnews#51019895/is_world:brier   0.0250
agnews#51019895/is_world:ece     0.1581
agnews#51019895/topic            0.0000
agnews#51019895/topic:ece        0.6144
agnews#52038b95/is_business      0.0000
agnews#52038b95/is_business:brier 0.4428
agnews#52038b95/is_business:ece  0.6654
agnews#52038b95/is_sports        1.0000
agnews#52038b95/is_sports:brier  0.1108
agnews#52038b95/is_sports:ece    0.3328
agnews#52038b95/topic            0.0000
agnews#52038b95/topic:ece        0.6384
agnews#536693dd/is_scitech       0.0000
agnews#536693dd/is_scitech:brier 0.3546
agnews#536693dd/is_scitech:ece   0.5954
agnews#536693dd/is_sports        1.0000
agnews#536693dd/is_sports:brier  0.1658
agnews#536693dd/is_sports:ece    0.4072
agnews#536693dd/topic            1.0000
agnews#536693dd/topic:ece        0.3590
agnews#5601a8d0/topic            0.0000
agnews#5601a8d0/topic:ece        0.7249
agnews#570767dc/is_business      1.0000
agnews#570767dc/is_business:brier 0.1557
agnews#570767dc/is_business:ece  0.3946
agnews#570767dc/is_scitech       1.0000
agnews#570767dc/is_scitech:brier 0.1334
agnews#570767dc/is_scitech:ece   0.3653
agnews#570767dc/topic            1.0000
agnews#570767dc/topic:ece        0.4602
agnews#5929cd09/topic            0.0000
agnews#5929cd09/topic:ece        0.4227
agnews#59378dfe/is_sports        0.0000
agnews#59378dfe/is_sports:brier  0.8672
agnews#59378dfe/is_sports:ece    0.9313
agnews#59378dfe/is_world         1.0000
agnews#59378dfe/is_world:brier   0.0047
agnews#59378dfe/is_world:ece     0.0686
agnews#59378dfe/topic            0.0000
agnews#59378dfe/topic:ece        0.8007
agnews#5c52d0a1/is_scitech       0.0000
agnews#5c52d0a1/is_scitech:brier 0.5811
agnews#5c52d0a1/is_scitech:ece   0.7623
agnews#5c52d0a1/is_sports        1.0000
agnews#5c52d0a1/is_sports:brier  0.0644
agnews#5c52d0a1/is_sports:ece    0.2537
agnews#5c52d0a1/topic            1.0000
agnews#5c52d0a1/topic:ece        0.6335
agnews#5c67bb99/is_business      1.0000
agnews#5c67bb99/is_business:brier 0.0870
agnews#5c67bb99/is_business:ece  0.2949
agnews#5c67bb99/is_scitech       1.0000
agnews#5c67bb99/is_scitech:brier 0.0929
agnews#5c67bb99/is_scitech:ece   0.3049
agnews#5c67bb99/topic            0.0000
agnews#5c67bb99/topic:ece        0.4658
agnews#5de63a15/is_scitech       1.0000
agnews#5de63a15/is_scitech:brier 0.1144
agnews#5de63a15/is_scitech:ece   0.3382
agnews#5de63a15/is_sports        1.0000
agnews#5de63a15/is_sports:brier  0.1051
agnews#5de63a15/is_sports:ece    0.3242
agnews#5de63a15/topic            0.0000
agnews#5de63a15/topic:ece        0.4632
agnews#5e764759/is_scitech       1.0000
agnews#5e764759/is_scitech:brier 0.1264
agnews#5e764759/is_scitech:ece   0.3555
agnews#5e764759/is_world         0.0000
agnews#5e764759/is_world:brier   0.3971
agnews#5e764759/is_world:ece     0.6302
agnews#5e764759/topic            0.0000
agnews#5e764759/topic:ece        0.6321
agnews#6074b702/topic            0.0000
agnews#6074b702/topic:ece        0.4846
agnews#62073e99/is_scitech       1.0000
agnews#62073e99/is_scitech:brier 0.0764
agnews#62073e99/is_scitech:ece   0.2765
agnews#62073e99/is_sports        0.0000
agnews#62073e99/is_sports:brier  0.5149
agnews#62073e99/is_sports:ece    0.7176
agnews#62073e99/topic            1.0000
agnews#62073e99/topic:ece        0.1522
agnews#6871fe4b/is_business      1.0000
agnews#6871fe4b/is_business:brier 0.1128
agnews#6871fe4b/is_business:ece  0.3358
agnews#6871fe4b/is_world         1.0000
agnews#6871fe4b/is_world:brier   0.0920
agnews#6871fe4b/is_world:ece     0.3034
agnews#6871fe4b/topic            1.0000
agnews#6871fe4b/topic:ece        0.3103
agnews#69c94816/is_scitech       1.0000
agnews#69c94816/is_scitech:brier 0.0607
agnews#69c94816/is_scitech:ece   0.2463
agnews#69c94816/is_world         1.0000
agnews#69c94816/is_world:brier   0.0790
agnews#69c94816/is_world:ece     0.2811
agnews#69c94816/topic            0.0000
agnews#69c94816/topic:ece        0.9139
agnews#6ef964f3/is_scitech       1.0000
agnews#6ef964f3/is_scitech:brier 0.0833
agnews#6ef964f3/is_scitech:ece   0.2885
agnews#6ef964f3/is_world         1.0000
agnews#6ef964f3/is_world:brier   0.0721
agnews#6ef964f3/is_world:ece     0.2686
agnews#6ef964f3/topic            0.0000
agnews#6ef964f3/topic:ece        0.3669
agnews#6fb541fd/is_sports        1.0000
agnews#6fb541fd/is_sports:brier  0.0752
agnews#6fb541fd/is_sports:ece    0.2742
agnews#6fb541fd/is_world         1.0000
agnews#6fb541fd/is_world:brier   0.0920
agnews#6fb541fd/is_world:ece     0.3033
agnews#6fb541fd/topic            1.0000
agnews#6fb541fd/topic:ece        0.6137
agnews#7265edf1/is_business      1.0000
agnews#7265edf1/is_business:brier 0.1025
agnews#7265edf1/is_business:ece  0.3202
agnews#7265edf1/is_sports        1.0000
agnews#7265edf1/is_sports:brier  0.1106
agnews#7265edf1/is_sports:ece    0.3325
agnews#7265edf1/topic            1.0000
agnews#7265edf1/topic:ece        0.5838
agnews#73a5777a/is_business      0.0000
agnews#73a5777a/is_business:brier 0.4175
agnews#73a5777a/is_business:ece  0.6461
agnews#73a5777a/is_world         1.0000
agnews#73a5777a/is_world:brier   0.1292
agnews#73a5777a/is_world:ece     0.3595
agnews#73a5777a/topic            0.0000
agnews#73a5777a/topic:ece        0.4913
agnews#763c225e/is_sports        1.0000
agnews#763c225e/is_sports:brier  0.1071
agnews#763c225e/is_sports:ece    0.3272
agnews#763c225e/is_world         1.0000
agnews#763c225e/is_world:brier   0.0980
agnews#763c225e/is_world:ece     0.3130
agnews#763c225e/topic            0.0000
agnews#763c225e/topic:ece        0.5167
agnews#77784705/is_business      1.0000
agnews#77784705/is_business:brier 0.0560
agnews#77784705/is_business:ece  0.2367
agnews#77784705/is_sports        1.0000
agnews#77784705/is_sports:brier  0.0586
agnews#77784705/is_sports:ece    0.2421
agnews#77784705/topic            0.0000
agnews#77784705/topic:ece        0.8238
agnews#7d99fbd3/is_business      0.0000
agnews#7d99fbd3/is_business:brier 0.5732
agnews#7d99fbd3/is_business:ece  0.7571
agnews#7d99fbd3/is_scitech       1.0000
agnews#7d99fbd3/is_scitech:brier 0.0584
agnews#7d99fbd3/is_scitech:ece   0.2417
agnews#7d99fbd3/topic            0.0000
agnews#7d99fbd3/topic:ece        0.3657
agnews#82e42bd1/is_scitech       1.0000
agnews#82e42bd1/is_scitech:brier 0.0685
agnews#82e42bd1/is_scitech:ece   0.2618
agnews#82e42bd1/is_world         1.0000
agnews#82e42bd1/is_world:brier   0.0631
agnews#82e42bd1/is_world:ece     0.2511
agnews#82e42bd1/topic            1.0000
agnews#82e42bd1/topic:ece        0.5190
agnews#8418dcbc/is_scitech       1.0000
agnews#8418dcbc/is_scitech:brier 0.0925
agnews#8418dcbc/is_scitech:ece   0.3042
agnews#8418dcbc/is_sports        1.0000
agnews#8418dcbc/is_sports:brier  0.0790
agnews#8418dcbc/is_sports:ece    0.2811
agnews#8418dcbc/topic            0.0000
agnews#8418dcbc/topic:ece        0.4984
agnews#8950dfa8/is_scitech       1.0000
agnews#8950dfa8/is_scitech:brier 0.0584
agnews#8950dfa8/is_scitech:ece   0.2416
agnews#8950dfa8/is_world         0.0000
agnews#8950dfa8/is_world:brier   0.5968
agnews#8950dfa8/is_world:ece     0.7725
agnews#8950dfa8/topic            1.0000
agnews#8950dfa8/topic:ece        0.4730
agnews#8d729d23/topic            0.0000
agnews#8d729d23/topic:ece        0.5110
agnews#8d899a94/is_business      0.0000
agnews#8d899a94/is_business:brier 0.4428
agnews#8d899a94/is_business:ece  0.6654
agnews#8d899a94/is_sports        1.0000
agnews#8d899a94/is_sports:brier  0.1108
agnews#8d899a94/is_sports:ece    0.3328
agnews#8d899a94/topic            0.0000
agnews#8d899a94/topic:ece        0.6782
agnews#8d923ea6/is_business      1.0000
agnews#8d923ea6/is_business:brier 0.1098
agnews#8d923ea6/is_business:ece  0.3314
agnews#8d923ea6/is_scitech       0.0000
agnews#8d923ea6/is_scitech:brier 0.4894
agnews#8d923ea6/is_scitech:ece   0.6995
agnews#8d923ea6/topic            1.0000
agnews#8d923ea6/topic:ece        0.2442
agnews#8eab5c58/is_business      1.0000
agnews#8eab5c58/is_business:brier 0.0542
agnews#8eab5c58/is_business:ece  0.2327
agnews#8eab5c58/is_scitech       1.0000
agnews#8eab5c58/is_scitech:brier 0.0396
agnews#8eab5c58/is_scitech:ece   0.1991
agnews#8eab5c58/topic            1.0000
agnews#8eab5c58/topic:ece        0.6050
agnews#91298eb9/is_business      0.0000
agnews#91298eb9/is_business:brier 0.6955
agnews#91298eb9/is_business:ece  0.8340
agnews#91298eb9/is_world         1.0000
agnews#91298eb9/is_world:brier   0.0261
agnews#91298eb9/is_world:ece     0.1617
agnews#91298eb9/topic            0.0000
agnews#91298eb9/topic:ece        0.4511
agnews#93d10b4c/is_scitech       1.0000
agnews#93d10b4c/is_scitech:brier 0.1274
agnews#93d10b4c/is_scitech:ece   0.3570
agnews#93d10b4c/is_world         1.0000
agnews#93d10b4c/is_world:brier   0.1152
agnews#93d10b4c/is_world:ece     0.3395
agnews#93d10b4c/topic            1.0000
agnews#93d10b4c/topic:ece        0.4435
agnews#93ef07e2/is_sports        0.0000
agnews#93ef07e2/is_sports:brier  0.6012
agnews#93ef07e2/is_sports:ece    0.7754
agnews#93ef07e2/is_world         1.0000
agnews#93ef07e2/is_world:brier   0.0453
agnews#93ef07e2/is_world:ece     0.2128
agnews#93ef07e2/topic            0.0000
agnews#93ef07e2/topic:ece        0.3806
agnews#946925c6/is_sports        0.0000
agnews#946925c6/is_sports:brier  0.3977
agnews#946925c6/is_sports:ece    0.6306
agnews#946925c6/is_world         1.0000
agnews#946925c6/is_world:brier   0.1352
agnews#946925c6/is_world:ece     0.3677
agnews#946925c6/topic            1.0000
agnews#946925c6/topic:ece        0.5303
agnews#963aaf05/is_scitech       0.0000
agnews#963aaf05/is_scitech:brier 0.5327
agnews#963aaf05/is_scitech:ece   0.7299
agnews#963aaf05/is_world         1.0000
agnews#963aaf05/is_world:brier   0.0661
agnews#963aaf05/is_world:ece     0.2572
agnews#963aaf05/topic            0.0000
agnews#963aaf05/topic:ece        0.3955
agnews#966f132b/is_business      0.0000
agnews#966f132b/is_business:brier 0.4761
agnews#966f132b/is_business:ece  0.6900
agnews#966f132b/is_sports        1.0000
agnews#966f132b/is_sports:brier  0.0971
agnews#966f132b/is_sports:ece    0.3117
agnews#966f132b/topic            0.0000
agnews#966f132b/topic:ece        0.3571
agnews#9799c90f/topic            1.0000
agnews#9799c90f/topic:ece        0.4929
agnews#980b6065/is_scitech       0.0000
agnews#980b6065/is_scitech:brier 0.6051
agnews#980b6065/is_scitech:ece   0.7779
agnews#980b6065/is_sports        1.0000
agnews#980b6065/is_sports:brier  0.0574
agnews#980b6065/is_sports:ece    0.2395
agnews#980b6065/topic            0.0000
agnews#980b6065/topic:ece        0.5198
agnews#9b435c17/is_scitech       1.0000
agnews#9b435c17/is_scitech:brier 0.0496
agnews#9b435c17/is_scitech:ece   0.2227
agnews#9b435c17/is_sports        1.0000
agnews#9b435c17/is_sports:brier  0.0407
agnews#9b435c17/is_sports:ece    0.2017
agnews#9b435c17/topic            0.0000
agnews#9b435c17/topic:ece        0.5861
agnews#9cb1b91b/is_business      1.0000
agnews#9cb1b91b/is_business:brier 0.0982
agnews#9cb1b91b/is_business:ece  0.3134
agnews#9cb1b91b/is_sports        1.0000
agnews#9cb1b91b/is_sports:brier  0.0965
agnews#9cb1b91b/is_sports:ece    0.3107
agnews#9cb1b91b/topic            1.0000
agnews#9cb1b91b/topic:ece        0.5510
agnews#9da70130/topic            0.0000
agnews#9da70130/topic:ece        0.4435
agnews#a05acb8d/topic            0.0000
agnews#a05acb8d/topic:ece        0.4352
agnews#a2869c30/topic            0.0000
agnews#a2869c30/topic:ece        0.6740
agnews#a458bdb7/is_scitech       0.0000
agnews#a458bdb7/is_scitech:brier 0.4489
agnews#a458bdb7/is_scitech:ece   0.6700
agnews#a458bdb7/is_world         1.0000
agnews#a458bdb7/is_world:brier   0.1038
agnews#a458bdb7/is_world:ece     0.3222
agnews#a458bdb7/topic            0.0000
agnews#a458bdb7/topic:ece        0.4208
agnews#a7a4d44f/is_scitech       1.0000
agnews#a7a4d44f/is_scitech:brier 0.0685
agnews#a7a4d44f/is_scitech:ece   0.2618
agnews#a7a4d44f/is_world         1.0000
agnews#a7a4d44f/is_world:brier   0.0631
agnews#a7a4d44f/is_world:ece     0.2511
agnews#a7a4d44f/topic            1.0000
agnews#a7a4d44f/topic:ece        0.5386
agnews#a7f8fe8f/is_business      0.0000
agnews#a7f8fe8f/is_business:brier 0.4812
agnews#a7f8fe8f/is_business:ece  0.6937
agnews#a7f8fe8f/is_world         1.0000
agnews#a7f8fe8f/is_world:brier   0.0741
agnews#a7f8fe8f/is_world:ece     0.2723
agnews#a7f8fe8f/topic            0.0000
agnews#a7f8fe8f/topic:ece        0.6848
agnews#a84cbcda/is_business      1.0000
agnews#a84cbcda/is_business:brier 0.0907
agnews#a84cbcda/is_business:ece  0.3012
agnews#a84cbcda/is_scitech       0.0000
agnews#a84cbcda/is_scitech:brier 0.5056
agnews#a84cbcda/is_scitech:ece   0.7111
agnews#a84cbcda/topic            0.0000
agnews#a84cbcda/topic:ece        0.3247
agnews#a85d65d5/topic            0.0000
agnews#a85d65d5/topic:ece        0.4565
agnews#a9e818e9/is_scitech       1.0000
agnews#a9e818e9/is_scitech:brier 0.0702
agnews#a9e818e9/is_scitech:ece   0.2650
agnews#a9e818e9/is_world         0.0000
agnews#a9e818e9/is_world:brier   0.5509
agnews#a9e818e9/is_world:ece     0.7422
agnews#a9e818e9/topic            0.0000
agnews#a9e818e9/topic:ece        0.6249
agnews#ac6fde13/is_scitech       1.0000
agnews#ac6fde13/is_scitech:brier 0.0805
agnews#ac6fde13/is_scitech:ece   0.2838
agnews#ac6fde13/is_world         0.0000
agnews#ac6fde13/is_world:brier   0.5644
agnews#ac6fde13/is_world:ece     0.7512
agnews#ac6fde13/topic            1.0000
agnews#ac6fde13/topic:ece        0.4058
agnews#ad237cd9/is_scitech       0.0000
agnews#ad237cd9/is_scitech:brier 0.8073
agnews#ad237cd9/is_scitech:ece   0.8985
agnews#ad237cd9/is_world         1.0000
agnews#ad237cd9/is_world:brier   0.0119
agnews#ad237cd9/is_world:ece     0.1091
agnews#ad237cd9/topic            1.0000
agnews#ad237cd9/topic:ece        0.4209
agnews#adb852ac/topic            0.0000
agnews#adb852ac/topic:ece        0.5344
agnews#aee7b51a/is_sports        1.0000
agnews#aee7b51a/is_sports:brier  0.0445
agnews#aee7b51a/is_sports:ece    0.2110
agnews#aee7b51a/is_world         1.0000
agnews#aee7b51a/is_world:brier   0.0312
agnews#aee7b51a/is_world:ece     0.1765
agnews#aee7b51a/topic            1.0000
agnews#aee7b51a/topic:ece        0.6435
agnews#b19664e8/is_scitech       1.0000
agnews#b19664e8/is_scitech:brier 0.0496
agnews#b19664e8/is_scitech:ece   0.2227
agnews#b19664e8/is_sports        1.0000
agnews#b19664e8/is_sports:brier  0.0407
agnews#b19664e8/is_sports:ece    0.2017
agnews#b19664e8/topic            0.0000
agnews#b19664e8/topic:ece        0.5520
agnews#b4fc4e9d/topic            0.0000
agnews#b4fc4e9d/topic:ece        0.4345
agnews#b737ab5b/is_business      1.0000
agnews#b737ab5b/is_business:brier 0.1069
agnews#b737ab5b/is_business:ece  0.3270
agnews#b737ab5b/is_scitech       1.0000
agnews#b737ab5b/is_scitech:brier 0.1139
agnews#b737ab5b/is_scitech:ece   0.3376
agnews#b737ab5b/topic            1.0000
agnews#b737ab5b/topic:ece        0.5763
agnews#b7b21505/topic            0.0000
agnews#b7b21505/topic:ece        0.6326
agnews#b8d8fcae/is_business      1.0000
agnews#b8d8fcae/is_business:brier 0.0719
agnews#b8d8fcae/is_business:ece  0.2682
agnews#b8d8fcae/is_sports        1.0000
agnews#b8d8fcae/is_sports:brier  0.0870
agnews#b8d8fcae/is_sports:ece    0.2949
agnews#b8d8fcae/topic            0.0000
agnews#b8d8fcae/topic:ece        0.5472
agnews#c12a6988/topic            0.0000
agnews#c12a6988/topic:ece        0.3975
agnews#c3044452/is_sports        1.0000
agnews#c3044452/is_sports:brier  0.0284
agnews#c3044452/is_sports:ece    0.1684
agnews#c3044452/is_world         1.0000
agnews#c3044452/is_world:brier   0.0273
agnews#c3044452/is_world:ece     0.1654
agnews#c3044452/topic            0.0000
agnews#c3044452/topic:ece        0.6324
agnews#c658e354/topic            0.0000
agnews#c658e354/topic:ece        0.4800
agnews#c9ca9c51/is_sports        0.0000
agnews#c9ca9c51/is_sports:brier  0.3166
agnews#c9ca9c51/is_sports:ece    0.5627
agnews#c9ca9c51/is_world         1.0000
agnews#c9ca9c51/is_world:brier   0.1965
agnews#c9ca9c51/is_world:ece     0.4432
agnews#c9ca9c51/topic            1.0000
agnews#c9ca9c51/topic:ece        0.2124
agnews#d0a55545/topic            0.0000
agnews#d0a55545/topic:ece        0.5362
agnews#d12cc7e5/is_business      1.0000
agnews#d12cc7e5/is_business:brier 0.0524
agnews#d12cc7e5/is_business:ece  0.2289
agnews#d12cc7e5/is_world         0.0000
agnews#d12cc7e5/is_world:brier   0.5949
agnews#d12cc7e5/is_world:ece     0.7713
agnews#d12cc7e5/topic            0.0000
agnews#d12cc7e5/topic:ece        0.6647
agnews#d2aa5bf3/is_business      0.0000
agnews#d2aa5bf3/is_business:brier 0.6955
agnews#d2aa5bf3/is_business:ece  0.8340
agnews#d2aa5bf3/is_world         1.0000
agnews#d2aa5bf3/is_world:brier   0.0261
agnews#d2aa5bf3/is_world:ece     0.1617
agnews#d2aa5bf3/topic            0.0000
agnews#d2aa5bf3/topic:ece        0.5154
agnews#d575dba9/is_scitech       1.0000
agnews#d575dba9/is_scitech:brier 0.0584
agnews#d575dba9/is_scitech:ece   0.2416
agnews#d575dba9/is_world         0.0000
agnews#d575dba9/is_world:brier   0.5968
agnews#d575dba9/is_world:ece     0.7725
agnews#d575dba9/topic            1.0000
agnews#d575dba9/topic:ece        0.4577
agnews#d75420e4/is_business      1.0000
agnews#d75420e4/is_business:brier 0.0338
agnews#d75420e4/is_business:ece  0.1840
agnews#d75420e4/is_scitech       0.0000
agnews#d75420e4/is_scitech:brier 0.6535
agnews#d75420e4/is_scitech:ece   0.8084
agnews#d75420e4/topic            0.0000
agnews#d75420e4/topic:ece        0.3175
agnews#d7cbec63/is_business      0.0000
agnews#d7cbec63/is_business:brier 0.5032
agnews#d7cbec63/is_business:ece  0.7094
agnews#d7cbec63/is_sports        1.0000
agnews#d7cbec63/is_sports:brier  0.0851
agnews#d7cbec63/is_sports:ece    0.2916
agnews#d7cbec63/topic            0.0000
agnews#d7cbec63/topic:ece        0.3435
agnews#d836d6d1/is_sports        1.0000
agnews#d836d6d1/is_sports:brier  0.0752
agnews#d836d6d1/is_sports:ece    0.2743
agnews#d836d6d1/is_world         1.0000
agnews#d836d6d1/is_world:brier   0.0680
agnews#d836d6d1/is_world:ece     0.2608
agnews#d836d6d1/topic            0.0000
agnews#d836d6d1/topic:ece        0.5456
agnews#d844a364/topic            0.0000
agnews#d844a364/topic:ece        0.4881
agnews#da647556/topic            0.0000
agnews#da647556/topic:ece        0.5740
agnews#db8eeff0/is_business      1.0000
agnews#db8eeff0/is_business:brier 0.0530
agnews#db8eeff0/is_business:ece  0.2302
agnews#db8eeff0/is_sports        0.0000
agnews#db8eeff0/is_sports:brier  0.5824
agnews#db8eeff0/is_sports:ece    0.7631
agnews#db8eeff0/topic            1.0000
agnews#db8eeff0/topic:ece        0.5381
agnews#dbd66a87/is_scitech       1.0000
agnews#dbd66a87/is_scitech:brier 0.1264
agnews#dbd66a87/is_scitech:ece   0.3555
agnews#dbd66a87/is_world         0.0000
agnews#dbd66a87/is_world:brier   0.3971
agnews#dbd66a87/is_world:ece     0.6302
agnews#dbd66a87/topic            0.0000
agnews#dbd66a87/topic:ece        0.6074
agnews#dd67738d/topic            1.0000
agnews#dd67738d/topic:ece        0.7203
agnews#e1b7d9b9/is_business      1.0000
agnews#e1b7d9b9/is_business:brier 0.0719
agnews#e1b7d9b9/is_business:ece  0.2682
agnews#e1b7d9b9/is_sports        1.0000
agnews#e1b7d9b9/is_sports:brier  0.0870
agnews#e1b7d9b9/is_sports:ece    0.2949
agnews#e1b7d9b9/topic            0.0000
agnews#e1b7d9b9/topic:ece        0.4752
agnews#e20d95bb/is_business      1.0000
agnews#e20d95bb/is_business:brier 0.1388
agnews#e20d95bb/is_business:ece  0.3726
agnews#e20d95bb/is_sports        1.0000
agnews#e20d95bb/is_sports:brier  0.1436
agnews#e20d95bb/is_sports:ece    0.3790
agnews#e20d95bb/topic            0.0000
agnews#e20d95bb/topic:ece        0.7624
agnews#e4ee9b7b/is_business      0.0000
agnews#e4ee9b7b/is_business:brier 0.5198
agnews#e4ee9b7b/is_business:ece  0.7209
agnews#e4ee9b7b/is_sports        1.0000
agnews#e4ee9b7b/is_sports:brier  0.0843
agnews#e4ee9b7b/is_sports:ece    0.2903
agnews#e4ee9b7b/topic            0.0000
agnews#e4ee9b7b/topic:ece        0.6660
agnews#e553446f/is_business      0.0000
agnews#e553446f/is_business:brier 0.4678
agnews#e553446f/is_business:ece  0.6839
agnews#e553446f/is_world         1.0000
agnews#e553446f/is_world:brier   0.1041
agnews#e553446f/is_world:ece     0.3227
agnews#e553446f/topic            0.0000
agnews#e553446f/topic:ece        0.5240
agnews#e75398df/is_business      1.0000
agnews#e75398df/is_business:brier 0.0245
agnews#e75398df/is_business:ece  0.1566
agnews#e75398df/is_scitech       1.0000
agnews#e75398df/is_scitech:brier 0.0239
agnews#e75398df/is_scitech:ece   0.1547
agnews#e75398df/topic            0.0000
agnews#e75398df/topic:ece        0.8963
agnews#e8ab6f07/is_sports        0.5000
agnews#e8ab6f07/is_sports:brier  0.2950
agnews#e8ab6f07/is_sports:ece    0.2782
agnews#e8ab6f07/is_world         0.5000
agnews#e8ab6f07/is_world:brier   0.3729
agnews#e8ab6f07/is_world:ece     0.2837
agnews#e8ab6f07/topic            0.5000
agnews#e8ab6f07/topic:ece        0.0558
agnews#ebc16bec/is_scitech       1.0000
agnews#ebc16bec/is_scitech:brier 0.0307
agnews#ebc16bec/is_scitech:ece   0.1753
agnews#ebc16bec/is_world         1.0000
agnews#ebc16bec/is_world:brier   0.0212
agnews#ebc16bec/is_world:ece     0.1456
agnews#ebc16bec/topic            1.0000
agnews#ebc16bec/topic:ece        0.5483
agnews#f71e4d32/topic            0.0000
agnews#f71e4d32/topic:ece        0.4166
agnews#f9780697/is_sports        1.0000
agnews#f9780697/is_sports:brier  0.1091
agnews#f9780697/is_sports:ece    0.3303
agnews#f9780697/is_world         1.0000
agnews#f9780697/is_world:brier   0.1065
agnews#f9780697/is_world:ece     0.3263
agnews#f9780697/topic            1.0000
agnews#f9780697/topic:ece        0.3565
agnews#faf2b6d7/is_scitech       0.0000
agnews#faf2b6d7/is_scitech:brier 0.5811
agnews#faf2b6d7/is_scitech:ece   0.7623
agnews#faf2b6d7/is_sports        1.0000
agnews#faf2b6d7/is_sports:brier  0.0644
agnews#faf2b6d7/is_sports:ece    0.2537
agnews#faf2b6d7/topic            0.0000
agnews#faf2b6d7/topic:ece        0.5556
agnews#fdbcea81/is_sports        1.0000
agnews#fdbcea81/is_sports:brier  0.1709
agnews#fdbcea81/is_sports:ece    0.4134
agnews#fdbcea81/is_world         1.0000
agnews#fdbcea81/is_world:brier   0.1851
agnews#fdbcea81/is_world:ece     0.4302
agnews#fdbcea81/topic            0.0000
agnews#fdbcea81/topic:ece        0.4877
agnews#ff260585/is_scitech       1.0000
agnews#ff260585/is_scitech:brier 0.0730
agnews#ff260585/is_scitech:ece   0.2702
agnews#ff260585/is_sports        1.0000
agnews#ff260585/is_sports:brier  0.0929
agnews#ff260585/is_sports:ece    0.3048
agnews#ff260585/topic            0.0000
agnews#ff260585/topic:ece        0.7412
agnews#ff76fdfd/topic            0.0000
agnews#ff76fdfd/topic:ece        0.5341
amazon#f0181fef/stars            0.2375
amazon#f0181fef/stars:ece        0.1295
banking77#000d3ca1/intent        0.0000
banking77#000d3ca1/intent:ece    0.0200
banking77#02eb72bd/intent        0.0000
banking77#02eb72bd/intent:ece    0.0230
banking77#05cc1bb0/intent        0.0000
banking77#05cc1bb0/intent:ece    0.0203
banking77#0a5d691d/intent        0.0000
banking77#0a5d691d/intent:ece    0.0203
banking77#0a97ce2e/intent        0.0000
banking77#0a97ce2e/intent:ece    0.0168
banking77#0ac7fc57/intent        0.0000
banking77#0ac7fc57/intent:ece    0.0166
banking77#0bd7e5b8/intent        1.0000
banking77#0bd7e5b8/intent:ece    0.9785
banking77#0c5dc206/intent        0.0000
banking77#0c5dc206/intent:ece    0.0179
banking77#0c8e3569/intent        0.0000
banking77#0c8e3569/intent:ece    0.0264
banking77#0fffc40b/intent        0.0000
banking77#0fffc40b/intent:ece    0.0199
banking77#1176c9ce/intent        0.0000
banking77#1176c9ce/intent:ece    0.0219
banking77#146468b6/intent        0.0000
banking77#146468b6/intent:ece    0.0197
banking77#1486c01f/intent        0.0000
banking77#1486c01f/intent:ece    0.0233
banking77#1a1be3c7/intent        0.0000
banking77#1a1be3c7/intent:ece    0.0395
banking77#1a3a9ca6/intent        0.0000
banking77#1a3a9ca6/intent:ece    0.0185
banking77#1ab68a63/intent        0.0000
banking77#1ab68a63/intent:ece    0.0224
banking77#201a4602/intent        0.0000
banking77#201a4602/intent:ece    0.0221
banking77#2164cfa4/intent        0.0000
banking77#2164cfa4/intent:ece    0.0172
banking77#22a26bc2/intent        0.0000
banking77#22a26bc2/intent:ece    0.0232
banking77#249bf3de/intent        0.0000
banking77#249bf3de/intent:ece    0.0172
banking77#267202d0/intent        0.0000
banking77#267202d0/intent:ece    0.0185
banking77#269d229c/intent        0.0000
banking77#269d229c/intent:ece    0.0177
banking77#2a9bca88/intent        0.0000
banking77#2a9bca88/intent:ece    0.0179
banking77#33b0bf14/intent        0.0000
banking77#33b0bf14/intent:ece    0.0204
banking77#34ab7262/intent        0.0000
banking77#34ab7262/intent:ece    0.0193
banking77#37261a48/intent        0.0000
banking77#37261a48/intent:ece    0.0170
banking77#389b6db3/intent        0.0000
banking77#389b6db3/intent:ece    0.0194
banking77#3b9e3663/intent        0.0000
banking77#3b9e3663/intent:ece    0.0169
banking77#3ebccfa0/intent        0.0000
banking77#3ebccfa0/intent:ece    0.0185
banking77#40061735/intent        0.0000
banking77#40061735/intent:ece    0.0235
banking77#4327eddb/intent        0.0000
banking77#4327eddb/intent:ece    0.0220
banking77#472c5bfb/intent        0.0000
banking77#472c5bfb/intent:ece    0.0231
banking77#48f3978d/intent        0.0000
banking77#48f3978d/intent:ece    0.0290
banking77#493c9fcd/intent        0.0000
banking77#493c9fcd/intent:ece    0.0187
banking77#4a8a65b3/intent        0.0000
banking77#4a8a65b3/intent:ece    0.0216
banking77#4bab40a4/intent        0.0000
banking77#4bab40a4/intent:ece    0.0215
banking77#4db08787/intent        0.0000
banking77#4db08787/intent:ece    0.0285
banking77#4f61e44e/intent        0.0000
banking77#4f61e44e/intent:ece    0.0188
banking77#51c22057/intent        0.0000
banking77#51c22057/intent:ece    0.0207
banking77#53eb38d7/intent        0.0000
banking77#53eb38d7/intent:ece    0.0176
banking77#548f5025/intent        0.0000
banking77#548f5025/intent:ece    0.0365
banking77#54b53bfe/intent        0.0000
banking77#54b53bfe/intent:ece    0.0197
banking77#5aed3909/intent        0.0000
banking77#5aed3909/intent:ece    0.0183
banking77#5c8ae03b/intent        0.0000
banking77#5c8ae03b/intent:ece    0.0182
banking77#5fdae191/intent        1.0000
banking77#5fdae191/intent:ece    0.9826
banking77#61afacac/intent        0.0000
banking77#61afacac/intent:ece    0.0198
banking77#61d6e03f/intent        0.0000
banking77#61d6e03f/intent:ece    0.0199
banking77#64286d64/intent        0.0000
banking77#64286d64/intent:ece    0.0200
banking77#6494d6c3/intent        0.0000
banking77#6494d6c3/intent:ece    0.0208
banking77#6c7d1bef/intent        0.0000
banking77#6c7d1bef/intent:ece    0.0205
banking77#6d6da32e/intent        0.0000
banking77#6d6da32e/intent:ece    0.0195
banking77#6d7ce6e5/intent        0.0000
banking77#6d7ce6e5/intent:ece    0.0183
banking77#6d87b9d9/intent        0.0000
banking77#6d87b9d9/intent:ece    0.0164
banking77#6df78297/intent        0.0000
banking77#6df78297/intent:ece    0.0209
banking77#6f283a68/intent        0.0000
banking77#6f283a68/intent:ece    0.0196
banking77#702466f7/intent        0.0000
banking77#702466f7/intent:ece    0.0213
banking77#7060440a/intent        0.0000
banking77#7060440a/intent:ece    0.0202
banking77#73949543/intent        0.0000
banking77#73949543/intent:ece    0.0192
banking77#73de59c9/intent        0.0000
banking77#73de59c9/intent:ece    0.0202
banking77#741bc21c/intent        0.0000
banking77#741bc21c/intent:ece    0.0208
banking77#74750a95/intent        0.0000
banking77#74750a95/intent:ece    0.0448
banking77#75081fda/intent        0.0000
banking77#75081fda/intent:ece    0.0200
banking77#7524ecbd/intent        0.0000
banking77#7524ecbd/intent:ece    0.0195
banking77#762c152c/intent        0.0000
banking77#762c152c/intent:ece    0.0173
banking77#76591519/intent        0.0000
banking77#76591519/intent:ece    0.0216
banking77#7bc07145/intent        0.0000
banking77#7bc07145/intent:ece    0.0210
banking77#7ddc446f/intent        0.0000
banking77#7ddc446f/intent:ece    0.0180
banking77#7e25e5cf/intent        0.0000
banking77#7e25e5cf/intent:ece    0.0204
banking77#7ea6877a/intent        1.0000
banking77#7ea6877a/intent:ece    0.9817
banking77#80da6e2e/intent        0.0000
banking77#80da6e2e/intent:ece    0.0196
banking77#850b4f0e/intent        0.0000
banking77#850b4f0e/intent:ece    0.0205
banking77#85970b3a/intent        0.0000
banking77#85970b3a/intent:ece    0.0192
banking77#85f83235/intent        0.0000
banking77#85f83235/intent:ece    0.0199
banking77#8959c7da/intent        0.0000
banking77#8959c7da/intent:ece    0.0190
banking77#8e0bfb97/intent        0.0000
banking77#8e0bfb97/intent:ece    0.0186
banking77#8e4f39fa/intent        0.0000
banking77#8e4f39fa/intent:ece    0.0424
banking77#8fe494df/intent        0.0000
banking77#8fe494df/intent:ece    0.0390
banking77#95149d29/intent        0.0000
banking77#95149d29/intent:ece    0.0193
banking77#95b0c263/intent        0.0000
banking77#95b0c263/intent:ece    0.0217
banking77#9a779daf/intent        1.0000
banking77#9a779daf/intent:ece    0.9779
banking77#9cb712f1/intent        0.0000
banking77#9cb712f1/intent:ece    0.0226
banking77#9ce3cd58/intent        0.0000
banking77#9ce3cd58/intent:ece    0.0222
banking77#9f5d2478/intent        0.0000
banking77#9f5d2478/intent:ece    0.0183
banking77#a37db7e3/intent        0.0000
banking77#a37db7e3/intent:ece    0.0198
banking77#a626ccb5/intent        0.0000
banking77#a626ccb5/intent:ece    0.0200
banking77#a7f24082/intent        0.0000
banking77#a7f24082/intent:ece    0.0185
banking77#ab693c61/intent        0.0000
banking77#ab693c61/intent:ece    0.0167
banking77#ae5eadd5/intent        0.0000
banking77#ae5eadd5/intent:ece    0.0193
banking77#b3136a2c/intent        0.0000
banking77#b3136a2c/intent:ece    0.0217
banking77#b37075ca/intent        0.0000
banking77#b37075ca/intent:ece    0.0372
banking77#b4eecb36/intent        0.0000
banking77#b4eecb36/intent:ece    0.0405
banking77#b66dc030/intent        0.0000
banking77#b66dc030/intent:ece    0.0192
banking77#bd40f568/intent        0.0000
banking77#bd40f568/intent:ece    0.0161
banking77#cc9e441e/intent        0.0000
banking77#cc9e441e/intent:ece    0.0302
banking77#ceb85ed6/intent        0.0000
banking77#ceb85ed6/intent:ece    0.0219
banking77#d37e5bb6/intent        0.0000
banking77#d37e5bb6/intent:ece    0.0220
banking77#d9a1a285/intent        0.0000
banking77#d9a1a285/intent:ece    0.0196
banking77#decd0cde/intent        0.0000
banking77#decd0cde/intent:ece    0.0175
banking77#dfaf4f95/intent        0.0000
banking77#dfaf4f95/intent:ece    0.0193
banking77#e209bf26/intent        0.0000
banking77#e209bf26/intent:ece    0.0243
banking77#e24a692e/intent        0.0000
banking77#e24a692e/intent:ece    0.0233
banking77#e2b278b0/intent        0.0000
banking77#e2b278b0/intent:ece    0.0165
banking77#e337ae8d/intent        0.0000
banking77#e337ae8d/intent:ece    0.0194
banking77#e5067cdf/intent        0.0000
banking77#e5067cdf/intent:ece    0.0188
banking77#e8d841a7/intent        0.0000
banking77#e8d841a7/intent:ece    0.0166
banking77#e95388eb/intent        0.0000
banking77#e95388eb/intent:ece    0.0228
banking77#ed1f1e3c/intent        0.0000
banking77#ed1f1e3c/intent:ece    0.0422
banking77#edfb26ab/intent        0.0000
banking77#edfb26ab/intent:ece    0.0187
banking77#ee2374aa/intent        0.0000
banking77#ee2374aa/intent:ece    0.0197
banking77#eec4bba8/intent        0.0000
banking77#eec4bba8/intent:ece    0.0165
banking77#f93dbdb7/intent        0.0000
banking77#f93dbdb7/intent:ece    0.0193
banking77#f95a584c/intent        0.0000
banking77#f95a584c/intent:ece    0.0198
banking77#fb1bd25f/intent        0.0000
banking77#fb1bd25f/intent:ece    0.0489
banking77#fb3af03c/intent        0.0000
banking77#fb3af03c/intent:ece    0.0178
banking77#fdaa84b7/intent        0.0000
banking77#fdaa84b7/intent:ece    0.0196
banking77#ff7e0105/intent        0.0000
banking77#ff7e0105/intent:ece    0.0173
boolq#03ae89ea/answer            0.0000
boolq#03ae89ea/answer:brier      0.5668
boolq#03ae89ea/answer:ece        0.7529
boolq#058f5883/answer            1.0000
boolq#058f5883/answer:brier      0.0728
boolq#058f5883/answer:ece        0.2699
boolq#086d0ed2/answer            0.0000
boolq#086d0ed2/answer:brier      0.3978
boolq#086d0ed2/answer:ece        0.6307
boolq#09bfacef/answer            0.0000
boolq#09bfacef/answer:brier      0.4308
boolq#09bfacef/answer:ece        0.6563
boolq#0d5dc5e1/answer            1.0000
boolq#0d5dc5e1/answer:brier      0.1039
boolq#0d5dc5e1/answer:ece        0.3223
boolq#0ec0dc36/answer            1.0000
boolq#0ec0dc36/answer:brier      0.0799
boolq#0ec0dc36/answer:ece        0.2827
boolq#11146131/answer            1.0000
boolq#11146131/answer:brier      0.0064
boolq#11146131/answer:ece        0.0802
boolq#11dd6dbf/answer            0.0000
boolq#11dd6dbf/answer:brier      0.3226
boolq#11dd6dbf/answer:ece        0.5680
boolq#14915a38/answer            1.0000
boolq#14915a38/answer:brier      0.0635
boolq#14915a38/answer:ece        0.2520
boolq#1621fdff/answer            0.0000
boolq#1621fdff/answer:brier      0.6832
boolq#1621fdff/answer:ece        0.8266
boolq#1c20d2c0/answer            1.0000
boolq#1c20d2c0/answer:brier      0.0054
boolq#1c20d2c0/answer:ece        0.0735
boolq#1c7f6b31/answer            1.0000
boolq#1c7f6b31/answer:brier      0.1437
boolq#1c7f6b31/answer:ece        0.3791
boolq#231ec600/answer            1.0000
boolq#231ec600/answer:brier      0.0961
boolq#231ec600/answer:ece        0.3100
boolq#23a4c983/answer            1.0000
boolq#23a4c983/answer:brier      0.0083
boolq#23a4c983/answer:ece        0.0911
boolq#25008945/answer            0.0000
boolq#25008945/answer:brier      0.3858
boolq#25008945/answer:ece        0.6211
boolq#2586c1af/answer            1.0000
boolq#2586c1af/answer:brier      0.0395
boolq#2586c1af/answer:ece        0.1989
boolq#28a17942/answer            1.0000
boolq#28a17942/answer:brier      0.0618
boolq#28a17942/answer:ece        0.2486
boolq#2b3db8b8/answer            1.0000
boolq#2b3db8b8/answer:brier      0.0202
boolq#2b3db8b8/answer:ece        0.1420
boolq#2fa46482/answer            0.0000
boolq#2fa46482/answer:brier      0.6575
boolq#2fa46482/answer:ece        0.8109
boolq#35914593/answer            1.0000
boolq#35914593/answer:brier      0.0373
boolq#35914593/answer:ece        0.1931
boolq#3870e34f/answer            0.0000
boolq#3870e34f/answer:brier      0.7737
boolq#3870e34f/answer:ece        0.8796
boolq#38bce7a9/answer            1.0000
boolq#38bce7a9/answer:brier      0.1937
boolq#38bce7a9/answer:ece        0.4401
boolq#3dae8cb6/answer            0.0000
boolq#3dae8cb6/answer:brier      0.5441
boolq#3dae8cb6/answer:ece        0.7376
boolq#4398e704/answer            0.0000
boolq#4398e704/answer:brier      0.5385
boolq#4398e704/answer:ece        0.7338
boolq#447fab02/answer            1.0000
boolq#447fab02/answer:brier      0.0117
boolq#447fab02/answer:ece        0.1080
boolq#4643d43a/answer            1.0000
boolq#4643d43a/answer:brier      0.1415
boolq#4643d43a/answer:ece        0.3762
boolq#4a6e292e/answer            0.0000
boolq#4a6e292e/answer:brier      0.4371
boolq#4a6e292e/answer:ece        0.6611
boolq#4ad46f9b/answer            0.0000
boolq#4ad46f9b/answer:brier      0.2793
boolq#4ad46f9b/answer:ece        0.5285
boolq#4af37d9c/answer            0.0000
boolq#4af37d9c/answer:brier      0.6968
boolq#4af37d9c/answer:ece        0.8347
boolq#4d716bad/answer            0.0000
boolq#4d716bad/answer:brier      0.5768
boolq#4d716bad/answer:ece        0.7595
boolq#4f40f2eb/answer            1.0000
boolq#4f40f2eb/answer:brier      0.0029
boolq#4f40f2eb/answer:ece        0.0535
boolq#50a04530/answer            0.0000
boolq#50a04530/answer:brier      0.5662
boolq#50a04530/answer:ece        0.7525
boolq#54e918fc/answer            0.0000
boolq#54e918fc/answer:brier      0.3052
boolq#54e918fc/answer:ece        0.5524
boolq#56ae8a61/answer            0.0000
boolq#56ae8a61/answer:brier      0.4320
boolq#56ae8a61/answer:ece        0.6573
boolq#5db1ec6b/answer            1.0000
boolq#5db1ec6b/answer:brier      0.0854
boolq#5db1ec6b/answer:ece        0.2922
boolq#61a52f01/answer            1.0000
boolq#61a52f01/answer:brier      0.0943
boolq#61a52f01/answer:ece        0.3070
boolq#66367bee/answer            0.0000
boolq#66367bee/answer:brier      0.7214
boolq#66367bee/answer:ece        0.8493
boolq#67d5a4fa/answer            0.0000
boolq#67d5a4fa/answer:brier      0.3628
boolq#67d5a4fa/answer:ece        0.6024
boolq#6be96e9e/answer            1.0000
boolq#6be96e9e/answer:brier      0.1872
boolq#6be96e9e/answer:ece        0.4326
boolq#6f4324e3/answer            1.0000
boolq#6f4324e3/answer:brier      0.1648
boolq#6f4324e3/answer:ece        0.4060
boolq#71822071/answer            0.0000
boolq#71822071/answer:brier      0.3161
boolq#71822071/answer:ece        0.5622
boolq#72562fbc/answer            1.0000
boolq#72562fbc/answer:brier      0.0176
boolq#72562fbc/answer:ece        0.1326
boolq#735a648e/answer            0.0000
boolq#735a648e/answer:brier      0.2572
boolq#735a648e/answer:ece        0.5072
boolq#74e65314/answer            0.0000
boolq#74e65314/answer:brier      0.3350
boolq#74e65314/answer:ece        0.5788
boolq#79998ffc/answer            0.0000
boolq#79998ffc/answer:brier      0.3620
boolq#79998ffc/answer:ece        0.6016
boolq#79e01ff3/answer            0.0000
boolq#79e01ff3/answer:brier      0.3316
boolq#79e01ff3/answer:ece        0.5758
boolq#7ad7617b/answer            1.0000
boolq#7ad7617b/answer:brier      0.2159
boolq#7ad7617b/answer:ece        0.4646
boolq#7d36121d/answer            1.0000
boolq#7d36121d/answer:brier      0.1139
boolq#7d36121d/answer:ece        0.3376
boolq#7f6094e1/answer            0.0000
boolq#7f6094e1/answer:brier      0.3297
boolq#7f6094e1/answer:ece        0.5742
boolq#82805f90/answer            0.0000
boolq#82805f90/answer:brier      0.2682
boolq#82805f90/answer:ece        0.5178
boolq#88016bb2/answer            0.0000
boolq#88016bb2/answer:brier      0.7725
boolq#88016bb2/answer:ece        0.8789
boolq#8ac4258f/answer            1.0000
boolq#8ac4258f/answer:brier      0.2386
boolq#8ac4258f/answer:ece        0.4885
boolq#8d3ce9b9/answer            1.0000
boolq#8d3ce9b9/answer:brier      0.1039
boolq#8d3ce9b9/answer:ece        0.3223
boolq#902973dd/answer            1.0000
boolq#902973dd/answer:brier      0.1238
boolq#902973dd/answer:ece        0.3518
boolq#942dd81f/answer            1.0000
boolq#942dd81f/answer:brier      0.0576
boolq#942dd81f/answer:ece        0.2400
boolq#9956418c/answer            0.0000
boolq#9956418c/answer:brier      0.3488
boolq#9956418c/answer:ece        0.5906
boolq#ac310632/answer            0.0000
boolq#ac310632/answer:brier      0.6379
boolq#ac310632/answer:ece        0.7987
boolq#b2773322/answer            1.0000
boolq#b2773322/answer:brier      0.0329
boolq#b2773322/answer:ece        0.1813
boolq#b4d93368/answer            0.0000
boolq#b4d93368/answer:brier      0.3628
boolq#b4d93368/answer:ece        0.6023
boolq#ba81b858/answer            0.0000
boolq#ba81b858/answer:brier      0.4727
boolq#ba81b858/answer:ece        0.6876
boolq#c37d5cea/answer            0.0000
boolq#c37d5cea/answer:brier      0.3984
boolq#c37d5cea/answer:ece        0.6312
boolq#c72d24d9/answer            1.0000
boolq#c72d24d9/answer:brier      0.1051
boolq#c72d24d9/answer:ece        0.3243
boolq#c9f534f5/answer            0.0000
boolq#c9f534f5/answer:brier      0.6218
boolq#c9f534f5/answer:ece        0.7886
boolq#cbd070fe/answer            0.0000
boolq#cbd070fe/answer:brier      0.2610
boolq#cbd070fe/answer:ece        0.5109
boolq#cd23eb44/answer            0.0000
boolq#cd23eb44/answer:brier      0.4793
boolq#cd23eb44/answer:ece        0.6923
boolq#ce523ea8/answer            1.0000
boolq#ce523ea8/answer:brier      0.0546
boolq#ce523ea8/answer:ece        0.2336
boolq#d23f047b/answer            0.0000
boolq#d23f047b/answer:brier      0.3598
boolq#d23f047b/answer:ece        0.5998
boolq#d8301e43/answer            1.0000
boolq#d8301e43/answer:brier      0.1895
boolq#d8301e43/answer:ece        0.4353
boolq#d96fa04c/answer            0.0000
boolq#d96fa04c/answer:brier      0.2714
boolq#d96fa04c/answer:ece        0.5210
boolq#dca348ca/answer            1.0000
boolq#dca348ca/answer:brier      0.0137
boolq#dca348ca/answer:ece        0.1172
boolq#dde37a23/answer            0.0000
boolq#dde37a23/answer:brier      0.2701
boolq#dde37a23/answer:ece        0.5197
boolq#e36d1722/answer            1.0000
boolq#e36d1722/answer:brier      0.1812
boolq#e36d1722/answer:ece        0.4257
boolq#e59d9823/answer            1.0000
boolq#e59d9823/answer:brier      0.0892
boolq#e59d9823/answer:ece        0.2986
boolq#eba51f7c/answer            1.0000
boolq#eba51f7c/answer:brier      0.0052
boolq#eba51f7c/answer:ece        0.0722
boolq#ee99ad9b/answer            1.0000
boolq#ee99ad9b/answer:brier      0.0009
boolq#ee99ad9b/answer:ece        0.0301
boolq#f402e70c/answer            1.0000
boolq#f402e70c/answer:brier      0.0843
boolq#f402e70c/answer:ece        0.2903
boolq#f70548a1/answer            1.0000
boolq#f70548a1/answer:brier      0.0972
boolq#f70548a1/answer:ece        0.3117
boolq#f863a7b4/answer            0.0000
boolq#f863a7b4/answer:brier      0.6203
boolq#f863a7b4/answer:ece        0.7876
boolq#fa63c6e2/answer            0.0000
boolq#fa63c6e2/answer:brier      0.5081
boolq#fa63c6e2/answer:ece        0.7128
boolq#fc1887ea/answer            1.0000
boolq#fc1887ea/answer:brier      0.0550
boolq#fc1887ea/answer:ece        0.2344
contrastive#13f5d2df/decision    0.0000
contrastive#13f5d2df/decision:ece 0.9164
contrastive#17016bfa/decision    0.5000
contrastive#17016bfa/decision:ece 0.0100
contrastive#1f997954/decision    0.0000
contrastive#1f997954/decision:ece 0.9611
contrastive#291e0d44/decision    0.0000
contrastive#291e0d44/decision:ece 0.4978
contrastive#427f4f76/decision    0.0000
contrastive#427f4f76/decision:ece 0.9599
contrastive#4b117aa2/decision    1.0000
contrastive#4b117aa2/decision:ece 0.4988
contrastive#4bf36406/decision    0.3333
contrastive#4bf36406/decision:ece 0.1743
contrastive#4fc008be/decision    0.0000
contrastive#4fc008be/decision:ece 0.8826
contrastive#5027ab28/decision    0.0000
contrastive#5027ab28/decision:ece 0.9486
contrastive#564ef4ba/decision    0.0000
contrastive#564ef4ba/decision:ece 0.9617
contrastive#58eb02cd/decision    0.0000
contrastive#58eb02cd/decision:ece 0.5082
contrastive#5cbe51fa/decision    0.0000
contrastive#5cbe51fa/decision:ece 0.4991
contrastive#6a545ac2/decision    1.0000
contrastive#6a545ac2/decision:ece 0.4775
contrastive#7515fc21/decision    0.5000
contrastive#7515fc21/decision:ece 0.0066
contrastive#7e893001/decision    1.0000
contrastive#7e893001/decision:ece 0.5036
contrastive#91477361/decision    1.0000
contrastive#91477361/decision:ece 0.4550
contrastive#a0317c09/decision    0.0000
contrastive#a0317c09/decision:ece 0.9642
contrastive#a40890cc/decision    0.5238
contrastive#a40890cc/decision:ece 0.0193
contrastive#ae558619/decision    0.5000
contrastive#ae558619/decision:ece 0.0117
contrastive#b6fe76ef/decision    0.0000
contrastive#b6fe76ef/decision:ece 0.9223
contrastive#b81fb4d6/decision    0.0000
contrastive#b81fb4d6/decision:ece 0.9183
contrastive#bf106c75/decision    0.5000
contrastive#bf106c75/decision:ece 0.0166
contrastive#d8b21ca9/decision    0.5250
contrastive#d8b21ca9/decision:brier 0.2494
contrastive#d8b21ca9/decision:ece 0.0115
contrastive#dd2530a8/decision    0.5000
contrastive#dd2530a8/decision:ece 0.0166
contrastive#e33b708d/decision    0.0000
contrastive#e33b708d/decision:ece 0.5007
contrastive#ee347cff/decision    0.0000
contrastive#ee347cff/decision:ece 0.5069
contrastive#f959b3a9/decision    0.0000
contrastive#f959b3a9/decision:ece 0.9342
contrastive#fbeb1993/decision    0.6500
contrastive#fbeb1993/decision:brier 0.2385
contrastive#fbeb1993/decision:ece 0.1079
contrastive#ff24ddab/decision    1.0000
contrastive#ff24ddab/decision:ece 0.4910
dbpedia14#04b936b5/category      0.0000
dbpedia14#04b936b5/category:ece  0.2384
dbpedia14#04ebca96/category      0.0000
dbpedia14#04ebca96/category:ece  0.4724
dbpedia14#0c19cabc/category      0.0000
dbpedia14#0c19cabc/category:ece  0.3742
dbpedia14#0f2290be/category      1.0000
dbpedia14#0f2290be/category:ece  0.2645
dbpedia14#203b00a3/category      0.0000
dbpedia14#203b00a3/category:ece  0.5368
dbpedia14#20b66660/category      1.0000
dbpedia14#20b66660/category:ece  0.0528
dbpedia14#21375755/category      0.0000
dbpedia14#21375755/category:ece  0.7354
dbpedia14#2ac40d6e/category      0.0000
dbpedia14#2ac40d6e/category:ece  0.4819
dbpedia14#30a154b0/category      0.0000
dbpedia14#30a154b0/category:ece  0.4808
dbpedia14#36e6564d/category      0.0000
dbpedia14#36e6564d/category:ece  0.4248
dbpedia14#37d63b34/category      0.0000
dbpedia14#37d63b34/category:ece  0.3293
dbpedia14#3b82eaf3/category      1.0000
dbpedia14#3b82eaf3/category:ece  0.5327
dbpedia14#466c05d5/category      0.0000
dbpedia14#466c05d5/category:ece  0.2578
dbpedia14#4cd7c95b/category      0.0000
dbpedia14#4cd7c95b/category:ece  0.8206
dbpedia14#5bb37fc1/category      0.0000
dbpedia14#5bb37fc1/category:ece  0.3191
dbpedia14#5be1c983/category      0.0000
dbpedia14#5be1c983/category:ece  0.8474
dbpedia14#5df9c5ca/category      0.0000
dbpedia14#5df9c5ca/category:ece  0.5404
dbpedia14#6153f0ba/category      1.0000
dbpedia14#6153f0ba/category:ece  0.2995
dbpedia14#680a3ad9/category      1.0000
dbpedia14#680a3ad9/category:ece  0.4755
dbpedia14#6b1e5110/category      0.0000
dbpedia14#6b1e5110/category:ece  0.5264
dbpedia14#6c2c72cc/category      0.0000
dbpedia14#6c2c72cc/category:ece  0.2555
dbpedia14#71c4dfe0/category      0.0000
dbpedia14#71c4dfe0/category:ece  0.5309
dbpedia14#851556e3/category      0.0000
dbpedia14#851556e3/category:ece  0.4757
dbpedia14#93f82e2b/category      0.5750
dbpedia14#93f82e2b/category:ece  0.0662
dbpedia14#a3ca5a48/category      0.0000
dbpedia14#a3ca5a48/category:ece  0.5150
dbpedia14#a7e3dae7/category      0.0000
dbpedia14#a7e3dae7/category:ece  0.5494
dbpedia14#aa73e8ab/category      0.0000
dbpedia14#aa73e8ab/category:ece  0.6329
dbpedia14#ac7ddeb7/category      0.0000
dbpedia14#ac7ddeb7/category:ece  0.3266
dbpedia14#b2ef25c2/category      0.0000
dbpedia14#b2ef25c2/category:ece  0.4633
dbpedia14#b3ab484b/category      1.0000
dbpedia14#b3ab484b/category:ece  0.2906
dbpedia14#b82a292e/category      0.0000
dbpedia14#b82a292e/category:ece  0.4414
dbpedia14#c7d9d4af/category      0.0000
dbpedia14#c7d9d4af/category:ece  0.6968
dbpedia14#c9c9582f/category      0.0000
dbpedia14#c9c9582f/category:ece  0.7135
dbpedia14#cf0baa9f/category      0.0000
dbpedia14#cf0baa9f/category:ece  0.4357
dbpedia14#d830101e/category      0.0000
dbpedia14#d830101e/category:ece  0.7277
dbpedia14#d900c380/category      0.0000
dbpedia14#d900c380/category:ece  0.2445
dbpedia14#de35301e/category      1.0000
dbpedia14#de35301e/category:ece  0.0264
imdb#457dae02/positive           0.8000
imdb#457dae02/positive:brier     0.1540
imdb#457dae02/positive:ece       0.0198
mnli#02df466e/relation           1.0000
mnli#02df466e/relation:ece       0.6588
mnli#04ca4751/relation           1.0000
mnli#04ca4751/relation:ece       0.5773
mnli#07459b1b/relation           0.0000
mnli#07459b1b/relation:ece       0.4822
mnli#08b5330d/relation           0.0000
mnli#08b5330d/relation:ece       0.4533
mnli#0cd81988/relation           0.0000
mnli#0cd81988/relation:ece       0.3544
mnli#0f006098/relation           1.0000
mnli#0f006098/relation:ece       0.6508
mnli#10e24d17/relation           0.0000
mnli#10e24d17/relation:ece       0.3765
mnli#1549badc/relation           0.0000
mnli#1549badc/relation:ece       0.3738
mnli#1562813a/relation           1.0000
mnli#1562813a/relation:ece       0.6214
mnli#15cee0bc/relation           1.0000
mnli#15cee0bc/relation:ece       0.6516
mnli#18d4a8ab/relation           1.0000
mnli#18d4a8ab/relation:ece       0.5670
mnli#1ee2396f/relation           0.0000
mnli#1ee2396f/relation:ece       0.3548
mnli#2390e008/relation           0.0000
mnli#2390e008/relation:ece       0.4225
mnli#26554f0d/relation           1.0000
mnli#26554f0d/relation:ece       0.6160
mnli#275b8072/relation           0.0000
mnli#275b8072/relation:ece       0.3583
mnli#2b9d70ce/relation           1.0000
mnli#2b9d70ce/relation:ece       0.5588
mnli#2be9ee0a/relation           0.0000
mnli#2be9ee0a/relation:ece       0.3846
mnli#2c68a808/relation           1.0000
mnli#2c68a808/relation:ece       0.5545
mnli#2db4b0a9/relation           1.0000
mnli#2db4b0a9/relation:ece       0.6455
mnli#2fa1e42d/relation           0.0000
mnli#2fa1e42d/relation:ece       0.4031
mnli#38b9e20c/relation           0.0000
mnli#38b9e20c/relation:ece       0.4225
mnli#397db60f/relation           0.0000
mnli#397db60f/relation:ece       0.3539
mnli#397fd107/relation           0.0000
mnli#397fd107/relation:ece       0.3918
mnli#39d3de51/relation           0.0000
mnli#39d3de51/relation:ece       0.5009
mnli#3bc83553/relation           1.0000
mnli#3bc83553/relation:ece       0.6386
mnli#3da242fd/relation           0.0000
mnli#3da242fd/relation:ece       0.5827
mnli#3f5274c9/relation           0.0000
mnli#3f5274c9/relation:ece       0.3565
mnli#462d7734/relation           1.0000
mnli#462d7734/relation:ece       0.5933
mnli#48dfe166/relation           0.0000
mnli#48dfe166/relation:ece       0.3570
mnli#48ea7352/relation           1.0000
mnli#48ea7352/relation:ece       0.5984
mnli#48efc596/relation           0.0000
mnli#48efc596/relation:ece       0.3314
mnli#4adcdcb1/relation           1.0000
mnli#4adcdcb1/relation:ece       0.4467
mnli#4bb7ee07/relation           1.0000
mnli#4bb7ee07/relation:ece       0.6486
mnli#4e63e750/relation           1.0000
mnli#4e63e750/relation:ece       0.5546
mnli#5423116d/relation           0.0000
mnli#5423116d/relation:ece       0.4808
mnli#57507a47/relation           0.0000
mnli#57507a47/relation:ece       0.2767
mnli#5996340c/relation           0.0000
mnli#5996340c/relation:ece       0.3577
mnli#5a0d17a6/relation           0.0000
mnli#5a0d17a6/relation:ece       0.3872
mnli#5a77fab7/relation           0.0000
mnli#5a77fab7/relation:ece       0.4112
mnli#5ed73418/relation           0.0000
mnli#5ed73418/relation:ece       0.3596
mnli#63026eac/relation           1.0000
mnli#63026eac/relation:ece       0.6066
mnli#674cf3c2/relation           0.0000
mnli#674cf3c2/relation:ece       0.4171
mnli#6835d387/relation           0.0000
mnli#6835d387/relation:ece       0.3816
mnli#6c3c180c/relation           0.0000
mnli#6c3c180c/relation:ece       0.3879
mnli#6c3f788d/relation           0.0000
mnli#6c3f788d/relation:ece       0.4010
mnli#6da355e1/relation           0.0000
mnli#6da355e1/relation:ece       0.3873
mnli#7143ed1c/relation           0.0000
mnli#7143ed1c/relation:ece       0.4495
mnli#788f4d64/relation           0.0000
mnli#788f4d64/relation:ece       0.3515
mnli#7ce2d8b0/relation           1.0000
mnli#7ce2d8b0/relation:ece       0.6255
mnli#80d8a744/relation           0.0000
mnli#80d8a744/relation:ece       0.3433
mnli#81d11158/relation           0.0000
mnli#81d11158/relation:ece       0.3661
mnli#82c28bf3/relation           0.0000
mnli#82c28bf3/relation:ece       0.3285
mnli#87a91538/relation           0.0000
mnli#87a91538/relation:ece       0.4012
mnli#890c2e14/relation           0.0000
mnli#890c2e14/relation:ece       0.2854
mnli#8a09c0b7/relation           0.0000
mnli#8a09c0b7/relation:ece       0.3493
mnli#8d985513/relation           0.0000
mnli#8d985513/relation:ece       0.3576
mnli#908d8306/relation           0.0000
mnli#908d8306/relation:ece       0.3745
mnli#91a36640/relation           1.0000
mnli#91a36640/relation:ece       0.6552
mnli#92b6b543/relation           1.0000
mnli#92b6b543/relation:ece       0.5957
mnli#930c6b59/relation           0.0000
mnli#930c6b59/relation:ece       0.3864
mnli#981ee476/relation           0.0000
mnli#981ee476/relation:ece       0.4082
mnli#992d6df6/relation           0.0000
mnli#992d6df6/relation:ece       0.3571
mnli#99d64997/relation           0.0000
mnli#99d64997/relation:ece       0.3847
mnli#9de025b1/relation           1.0000
mnli#9de025b1/relation:ece       0.6610
mnli#9e56c189/relation           1.0000
mnli#9e56c189/relation:ece       0.6461
mnli#9e636e04/relation           0.0000
mnli#9e636e04/relation:ece       0.4320
mnli#a1cf196e/relation           0.0000
mnli#a1cf196e/relation:ece       0.3981
mnli#a26694a1/relation           1.0000
mnli#a26694a1/relation:ece       0.4517
mnli#a6f64b44/relation           0.0000
mnli#a6f64b44/relation:ece       0.2763
mnli#a7b667c8/relation           0.0000
mnli#a7b667c8/relation:ece       0.4088
mnli#a95a7d4b/relation           0.0000
mnli#a95a7d4b/relation:ece       0.4534
mnli#aa0d6712/relation           0.0000
mnli#aa0d6712/relation:ece       0.2951
mnli#aab358c3/relation           0.0000
mnli#aab358c3/relation:ece       0.3610
mnli#aae83439/relation           1.0000
mnli#aae83439/relation:ece       0.6545
mnli#ad674bc8/relation           1.0000
mnli#ad674bc8/relation:ece       0.6215
mnli#ad9cf1c1/relation           0.0000
mnli#ad9cf1c1/relation:ece       0.2880
mnli#af17a07f/relation           1.0000
mnli#af17a07f/relation:ece       0.6495
mnli#af9c01de/relation           1.0000
mnli#af9c01de/relation:ece       0.6928
mnli#b1884357/relation           0.0000
mnli#b1884357/relation:ece       0.3503
mnli#b57f0c03/relation           0.0000
mnli#b57f0c03/relation:ece       0.3823
mnli#b6d5def7/relation           0.0000
mnli#b6d5def7/relation:ece       0.3600
mnli#b6d697e9/relation           1.0000
mnli#b6d697e9/relation:ece       0.6422
mnli#b9ca60ed/relation           1.0000
mnli#b9ca60ed/relation:ece       0.6607
mnli#bc989a69/relation           0.0000
mnli#bc989a69/relation:ece       0.3423
mnli#bd83bcea/relation           0.0000
mnli#bd83bcea/relation:ece       0.3863
mnli#be25d973/relation           0.0000
mnli#be25d973/relation:ece       0.3613
mnli#be46dcbb/relation           0.0000
mnli#be46dcbb/relation:ece       0.4510
mnli#c3973632/relation           0.0000
mnli#c3973632/relation:ece       0.3390
mnli#c426a7e0/relation           0.0000
mnli#c426a7e0/relation:ece       0.4397
mnli#c50c28b3/relation           0.0000
mnli#c50c28b3/relation:ece       0.4939
mnli#c6469fc6/relation           1.0000
mnli#c6469fc6/relation:ece       0.6620
mnli#cd33bb32/relation           0.0000
mnli#cd33bb32/relation:ece       0.3500
mnli#ce95f1bf/relation           0.0000
mnli#ce95f1bf/relation:ece       0.3364
mnli#d412115a/relation           0.0000
mnli#d412115a/relation:ece       0.6417
mnli#d5292ab0/relation           0.0000
mnli#d5292ab0/relation:ece       0.3604
mnli#d652c770/relation           0.0000
mnli#d652c770/relation:ece       0.3492
mnli#d8795982/relation           1.0000
mnli#d8795982/relation:ece       0.6375
mnli#dc09db76/relation           1.0000
mnli#dc09db76/relation:ece       0.6332
mnli#ddd3fcff/relation           0.0000
mnli#ddd3fcff/relation:ece       0.3497
mnli#e0e5d04b/relation           0.0000
mnli#e0e5d04b/relation:ece       0.3929
mnli#e1bb86f2/relation           1.0000
mnli#e1bb86f2/relation:ece       0.5152
mnli#e1e7f1e0/relation           0.0000
mnli#e1e7f1e0/relation:ece       0.3677
mnli#e5ad07ae/relation           1.0000
mnli#e5ad07ae/relation:ece       0.5316
mnli#e6845f6c/relation           0.0000
mnli#e6845f6c/relation:ece       0.3437
mnli#eb795583/relation           1.0000
mnli#eb795583/relation:ece       0.6375
mnli#f18e372a/relation           0.0000
mnli#f18e372a/relation:ece       0.3774
mnli#f6e70644/relation           0.0000
mnli#f6e70644/relation:ece       0.6480
mnli#f9aa57fa/relation           0.0000
mnli#f9aa57fa/relation:ece       0.4195
mnli#fa103c54/relation           0.0000
mnli#fa103c54/relation:ece       0.3805
mnli#fed98e94/relation           0.0000
mnli#fed98e94/relation:ece       0.4011
mnli#ff27af72/relation           1.0000
mnli#ff27af72/relation:ece       0.6507
mnli#fffed463/relation           0.0000
mnli#fffed463/relation:ece       0.4146
sst5#16640a13/sentiment          0.5000
sst5#16640a13/sentiment:ece      0.2287
sst5#ad14f5a1/sentiment          0.6000
sst5#ad14f5a1/sentiment:ece      0.3164
sst5#aeaad687/sentiment          0.2424
sst5#aeaad687/sentiment:ece      0.0947
sst5#dd4ece86/sentiment          0.4000
sst5#dd4ece86/sentiment:ece      0.0826
trec#06073789/answer_type        1.0000
trec#06073789/answer_type:ece    0.6439
trec#0f87aa38/answer_type        1.0000
trec#0f87aa38/answer_type:ece    0.7901
trec#1418c608/answer_type        1.0000
trec#1418c608/answer_type:ece    0.7873
trec#2868dd3d/answer_type        1.0000
trec#2868dd3d/answer_type:ece    0.7174
trec#30b5febd/answer_type        0.0000
trec#30b5febd/answer_type:ece    0.1996
trec#363df439/answer_type        0.0000
trec#363df439/answer_type:ece    0.2644
trec#36d75909/answer_type        0.0000
trec#36d75909/answer_type:ece    0.3551
trec#3b157ba9/answer_type        0.0000
trec#3b157ba9/answer_type:ece    0.3088
trec#3c1e4667/answer_type        0.0000
trec#3c1e4667/answer_type:ece    0.2122
trec#43610be5/answer_type        0.0000
trec#43610be5/answer_type:ece    0.2606
trec#49414a22/answer_type        0.0000
trec#49414a22/answer_type:ece    0.2888
trec#4f24c79f/answer_type        0.0000
trec#4f24c79f/answer_type:ece    0.2313
trec#558b12c2/answer_type        1.0000
trec#558b12c2/answer_type:ece    0.6373
trec#5f1a32c2/answer_type        0.0000
trec#5f1a32c2/answer_type:ece    0.2398
trec#61c8c36a/answer_type        0.0000
trec#61c8c36a/answer_type:ece    0.2859
trec#663fc093/answer_type        0.0000
trec#663fc093/answer_type:ece    0.2142
trec#68f7ad90/answer_type        0.3375
trec#68f7ad90/answer_type:ece    0.0824
trec#73232272/answer_type        0.0000
trec#73232272/answer_type:ece    0.2013
trec#7e1c22cd/answer_type        0.0000
trec#7e1c22cd/answer_type:ece    0.2187
trec#7f32e0f1/answer_type        0.0000
trec#7f32e0f1/answer_type:ece    0.2232
trec#82f614bc/answer_type        0.0000
trec#82f614bc/answer_type:ece    0.2627
trec#86cb2104/answer_type        0.0000
trec#86cb2104/answer_type:ece    0.2487
trec#91d6717a/answer_type        0.0000
trec#91d6717a/answer_type:ece    0.2198
trec#940c5b0d/answer_type        0.0000
trec#940c5b0d/answer_type:ece    0.2783
trec#a23216b9/answer_type        1.0000
trec#a23216b9/answer_type:ece    0.7543
trec#b144ec69/answer_type        1.0000
trec#b144ec69/answer_type:ece    0.7743
trec#b2c04e89/answer_type        0.0000
trec#b2c04e89/answer_type:ece    0.2956
trec#b5fea293/answer_type        0.0000
trec#b5fea293/answer_type:ece    0.2774
trec#b6303bdb/answer_type        0.0000
trec#b6303bdb/answer_type:ece    0.2744
trec#bdbb4f06/answer_type        0.0000
trec#bdbb4f06/answer_type:ece    0.2592
trec#be96ac41/answer_type        0.0000
trec#be96ac41/answer_type:ece    0.3265
trec#cd580003/answer_type        1.0000
trec#cd580003/answer_type:ece    0.6215
trec#d1042c6a/answer_type        1.0000
trec#d1042c6a/answer_type:ece    0.7185
trec#d6ee0c4b/answer_type        0.0000
trec#d6ee0c4b/answer_type:ece    0.2667
trec#ec85cb61/answer_type        1.0000
trec#ec85cb61/answer_type:ece    0.7539
trec#f21cda47/answer_type        0.0000
trec#f21cda47/answer_type:ece    0.2362
trec#fd81a6bf/answer_type        0.0000
trec#fd81a6bf/answer_type:ece    0.2698
yelp#072f2812/rating             0.3582
yelp#072f2812/rating:ece         0.0841
yelp#072f2812/recommend          0.7313
yelp#072f2812/recommend:brier    0.1612
yelp#072f2812/recommend:ece      0.0448
yelp#86092e6d/rating             0.2500
yelp#86092e6d/rating:ece         0.0978
yelp#86092e6d/recommend          0.5000
yelp#86092e6d/recommend:brier    0.3407
yelp#86092e6d/recommend:ece      0.1957
yelp#bdb69480/rating             0.6000
yelp#bdb69480/rating:ece         0.1638
yelp#bdb69480/recommend          1.0000
yelp#bdb69480/recommend:brier    0.0407
yelp#bdb69480/recommend:ece      0.1585
yelp#f36e769b/rating             0.2500
yelp#f36e769b/rating:ece         0.1947
yelp#f36e769b/recommend          0.7500
yelp#f36e769b/recommend:brier    0.0964
yelp#f36e769b/recommend:ece      0.0762
=== dev, HELD-OUT phrasing === macro 0.4455   (exact suite wording 0.4355)
paraphrase: 225547 phrasing draws reached the batches over 3600 steps

trec#91d6717a/answer_type        0.0000
trec#91d6717a/answer_type:ece    0.2198
trec#940c5b0d/answer_type        0.0000
trec#940c5b0d/answer_type:ece    0.2783
trec#a23216b9/answer_type        1.0000
trec#a23216b9/answer_type:ece    0.7543
trec#b144ec69/answer_type        1.0000
trec#b144ec69/answer_type:ece    0.7743
trec#b2c04e89/answer_type        0.0000
trec#b2c04e89/answer_type:ece    0.2956
trec#b5fea293/answer_type        0.0000
trec#b5fea293/answer_type:ece    0.2774
trec#b6303bdb/answer_type        0.0000
trec#b6303bdb/answer_type:ece    0.2744
trec#bdbb4f06/answer_type        0.0000
trec#bdbb4f06/answer_type:ece    0.2592
trec#be96ac41/answer_type        0.0000
trec#be96ac41/answer_type:ece    0.3265
trec#cd580003/answer_type        1.0000
trec#cd580003/answer_type:ece    0.6215
trec#d1042c6a/answer_type        1.0000
trec#d1042c6a/answer_type:ece    0.7185
trec#d6ee0c4b/answer_type        0.0000
trec#d6ee0c4b/answer_type:ece    0.2667
trec#ec85cb61/answer_type        1.0000
trec#ec85cb61/answer_type:ece    0.7539
trec#f21cda47/answer_type        0.0000
trec#f21cda47/answer_type:ece    0.2362
trec#fd81a6bf/answer_type        0.0000
trec#fd81a6bf/answer_type:ece    0.2698
yelp#072f2812/rating             0.3582
yelp#072f2812/rating:ece         0.0841
yelp#072f2812/recommend          0.7313
yelp#072f2812/recommend:brier    0.1612
yelp#072f2812/recommend:ece      0.0448
yelp#86092e6d/rating             0.2500
yelp#86092e6d/rating:ece         0.0978
yelp#86092e6d/recommend          0.5000
yelp#86092e6d/recommend:brier    0.3407
yelp#86092e6d/recommend:ece      0.1957
yelp#bdb69480/rating             0.6000
yelp#bdb69480/rating:ece         0.1638
yelp#bdb69480/recommend          1.0000
yelp#bdb69480/recommend:brier    0.0407
yelp#bdb69480/recommend:ece      0.1585
yelp#f36e769b/rating             0.2500
yelp#f36e769b/rating:ece         0.1947
yelp#f36e769b/recommend          0.7500
yelp#f36e769b/recommend:brier    0.0964
yelp#f36e769b/recommend:ece      0.0762
=== dev, HELD-OUT phrasing === macro 0.4455   (exact suite wording 0.4355)
paraphrase: 225547 phrasing draws reached the batches over 3600 steps
saved checkpoint to /kaggle/working/runs/v1b-kaggle-3600b
saved checkpoint to /kaggle/working/runs/v1b-kaggle-3600b
KERNEL COMPLETE
